DECLARE
  BEGIN
    --Login Activity Pax Report
    Insert into REPORT (REPORT_ID,REPORT_CODE, CM_ASSET_CODE,REPORT_NAME_CM_KEY, REPORT_CATEGORY_TYPE, MODULE, REPORT_DESCRIPTION_CM_KEY, REPORT_URL, IS_ACTIVE, CREATED_BY, DATE_CREATED, VERSION, FORCE_PARAMETERS, EXPORT_ONLY, INCLUDED_IN_PLATEAU)
          values (4000,'loginActivityPax','report.login.activity.pax','REPORT_NAME', 'core', 'core', 'REPORT_DESCRIPTION', '/reports/displayLoginActivityByPaxReport.do?method=displaySummaryReport', 1, 0, sysdate, 0, 0, 0, 1);
        --Login Activity Pax Charts
        Insert into REPORT_CHART (REPORT_CHART_ID, CAPTION_CM_KEY, SUBCAPTION_CM_KEY, CHART_DATA_URL, REPORT_ID, SHOW_LABELS, SHOW_LEGEND, ENABLE_SMART_LABELS, X_AXIS_NAME_CM_KEY, Y_AXIS_NAME_CM_KEY, SEQUENCE_NUM, DISPLAY_LIMIT, CREATED_BY, DATE_CREATED, VERSION, CHART_TYPE, INCLUDED_IN_PLATEAU)
               values (3000, 'MONTHLY_CHART_CAPTION', 'MONTHLY_CHART_SUBCAPTION', '/reports/displayLoginActivityByPaxReport.do?method=displayBarResults', 4000, 1, 1, 0, 'MONTHLY_CHART_X_AXIS_NAME', 'MONTHLY_CHART_Y_AXIS_NAME', 0, 20, 0, sysdate, 0, 'Column3D', 1);
           Insert into REPORT_CHART (REPORT_CHART_ID, CAPTION_CM_KEY, SUBCAPTION_CM_KEY, CHART_DATA_URL, REPORT_ID, SHOW_LABELS, SHOW_LEGEND, ENABLE_SMART_LABELS, X_AXIS_NAME_CM_KEY, Y_AXIS_NAME_CM_KEY, SEQUENCE_NUM, DISPLAY_LIMIT, CREATED_BY, DATE_CREATED, VERSION, CHART_TYPE, INCLUDED_IN_PLATEAU)
               values (3001, 'MONTHLY_UNIQUE_CHART_CAPTION', 'MONTHLY_UNIQUE_CHART_SUBCAPTION', '/reports/displayLoginActivityByPaxReport.do?method=displayUniqueMonthlyResults', 4000, 1, 1, 0, 'MONTHLY_CHART_X_AXIS_NAME', 'UNIQUE_MONTHLY_CHART_Y_AXIS_NAME', 1, 20, 0, sysdate, 0, 'Column3D', 1);    
        Insert into REPORT_CHART (REPORT_CHART_ID, CAPTION_CM_KEY, SUBCAPTION_CM_KEY, CHART_DATA_URL, REPORT_ID, SHOW_LABELS, SHOW_LEGEND, ENABLE_SMART_LABELS, SHOW_PERCENT_VALUES, X_AXIS_NAME_CM_KEY, Y_AXIS_NAME_CM_KEY, SEQUENCE_NUM, DISPLAY_LIMIT, CREATED_BY, DATE_CREATED, VERSION, CHART_TYPE, INCLUDED_IN_PLATEAU)
               values (3002, 'UNIQUE_CHART_CAPTION', 'UNIQUE_CHART_SUBCAPTION', '/reports/displayLoginActivityByPaxReport.do?method=displayLoginStatusChartResults', 4000, 0, 1, 0, 1, 'UNIQUE_CHART_X_AXIS_NAME', 'UNIQUE_CHART_Y_AXIS_NAME', 2, 20, 0, sysdate, 0, 'Pie2D', 1);
        Insert into REPORT_CHART (REPORT_CHART_ID, CAPTION_CM_KEY, SUBCAPTION_CM_KEY, CHART_DATA_URL, REPORT_ID, SHOW_LABELS, SHOW_LEGEND, ENABLE_SMART_LABELS, X_AXIS_NAME_CM_KEY, Y_AXIS_NAME_CM_KEY, SEQUENCE_NUM, DISPLAY_LIMIT, CREATED_BY, DATE_CREATED, VERSION, CHART_TYPE, INCLUDED_IN_PLATEAU)
               values (3003, 'PAX_CHART_CAPTION', 'PAX_CHART_SUBCAPTION', '/reports/displayLoginActivityByPaxReport.do?method=displayTopPaxLoginsByNameResults', 4000, 1, 1, 0,'PAX_CHART_X_AXIS_NAME', 'PAX_CHART_Y_AXIS_NAME', 3, 20, 0, sysdate, 0, 'Column3D', 1);
          --Report Parameters
        Insert into REPORT_PARAMETER (REPORT_PARAMETER_ID, REPORT_ID, PARAMETER_NAME, PARAMETER_CM_KEY, DATABASE_COLUMN, PARAMETER_TYPE, LIST_DEFINITION, PARAMETER_GROUP, SEQUENCE_NUM, CREATED_BY, DATE_CREATED, MODIFIED_BY, DATE_MODIFIED, VERSION, COLLECTION_NAME, DEFAULT_VALUE, DISPLAY_ON_DASHBOARD) 
            values (2000,4000,'fromDate','START_FIELD','DATE_SUBMITTED','datePicker',null,'TIME_FRAME',0,5661,to_date('20-AUG-12','DD-MON-RR'),5661,to_date('20-AUG-12','DD-MON-RR'),0,null, '01/01/2012', 1);
        Insert into REPORT_PARAMETER (REPORT_PARAMETER_ID, REPORT_ID, PARAMETER_NAME, PARAMETER_CM_KEY, DATABASE_COLUMN, PARAMETER_TYPE, LIST_DEFINITION, PARAMETER_GROUP, SEQUENCE_NUM, CREATED_BY, DATE_CREATED, MODIFIED_BY, DATE_MODIFIED, VERSION, COLLECTION_NAME, DEFAULT_VALUE, DISPLAY_ON_DASHBOARD) 
            values (2001,4000,'toDate','END_FIELD','DATE_SUBMITTED','datePicker',null,'TIME_FRAME',1,5661,to_date('20-AUG-12','DD-MON-RR'),5661,to_date('20-AUG-12','DD-MON-RR'),0,null, '12/31/2012', 1);
        Insert into REPORT_PARAMETER (REPORT_PARAMETER_ID, REPORT_ID, PARAMETER_NAME, PARAMETER_CM_KEY, DATABASE_COLUMN, PARAMETER_TYPE, LIST_DEFINITION, PARAMETER_GROUP, SEQUENCE_NUM, CREATED_BY, DATE_CREATED, MODIFIED_BY, DATE_MODIFIED, VERSION, COLLECTION_NAME, DEFAULT_VALUE, DISPLAY_ON_DASHBOARD) 
            values (2002,4000,'parentNodeId','ORG_NAME','organizationList','selectQuery','com.biperf.core.domain.node.processParameterValueChoices.NodesAsHierarchyByUser','PARTICIPANTS',2,5661,to_date('20-AUG-12','DD-MON-RR'),5661,to_date('20-AUG-12','DD-MON-RR'),0,'organizationList','show_all', 1);
        Insert into REPORT_PARAMETER (REPORT_PARAMETER_ID, REPORT_ID, PARAMETER_NAME, PARAMETER_CM_KEY, DATABASE_COLUMN, PARAMETER_TYPE, LIST_DEFINITION, PARAMETER_GROUP, SEQUENCE_NUM, CREATED_BY, DATE_CREATED, MODIFIED_BY, DATE_MODIFIED, VERSION, COLLECTION_NAME, DEFAULT_VALUE) 
            values (2003,4000,'department','DEPARTMENT_FIELD','departmentTypeList','multiSelectPick','picklist.department.type','PARTICIPANTS',3,5661,to_date('20-AUG-12','DD-MON-RR'),5661,to_date('20-AUG-12','DD-MON-RR'),0,'departmentTypeList','show_all');
        Insert into REPORT_PARAMETER (REPORT_PARAMETER_ID, REPORT_ID, PARAMETER_NAME, PARAMETER_CM_KEY, DATABASE_COLUMN, PARAMETER_TYPE, LIST_DEFINITION, PARAMETER_GROUP, SEQUENCE_NUM, CREATED_BY, DATE_CREATED, MODIFIED_BY, DATE_MODIFIED, VERSION, COLLECTION_NAME, DEFAULT_VALUE) 
            values (2004,4000,'role','ROLE','roleTypeList','selectPicklist','picklist.hierarchyrole.type','PARTICIPANTS',4,5661,to_date('20-AUG-12','DD-MON-RR'),5661,to_date('20-AUG-12','DD-MON-RR'),0,'roleTypeList','show_all');
        Insert into REPORT_PARAMETER (REPORT_PARAMETER_ID, REPORT_ID, PARAMETER_NAME, PARAMETER_CM_KEY, DATABASE_COLUMN, PARAMETER_TYPE, LIST_DEFINITION, PARAMETER_GROUP, SEQUENCE_NUM, CREATED_BY, DATE_CREATED, MODIFIED_BY, DATE_MODIFIED, VERSION, COLLECTION_NAME, DEFAULT_VALUE) 
            values (2005,4000,'participantStatus','PARTICIPANT_STATUS_FIELD','participantStatusList','selectPicklist','picklist.participantstatus','PARTICIPANTS',5,5661,to_date('20-AUG-12','DD-MON-RR'),5661,to_date('20-AUG-12','DD-MON-RR'),0,'participantStatusList','active');
        Insert into REPORT_PARAMETER (REPORT_PARAMETER_ID, REPORT_ID, PARAMETER_NAME, PARAMETER_CM_KEY, DATABASE_COLUMN, PARAMETER_TYPE, LIST_DEFINITION, PARAMETER_GROUP, SEQUENCE_NUM, CREATED_BY, DATE_CREATED, MODIFIED_BY, DATE_MODIFIED, VERSION, COLLECTION_NAME, DEFAULT_VALUE) 
            values (2006,4000,'loginType','LOGGED_IN_FIELD','loginActivityTypeList','selectPicklist','picklist.loginactivity.type','EXPORT_SELECTION',6,5661,to_date('20-AUG-12','DD-MON-RR'),5661,to_date('20-AUG-12','DD-MON-RR'),0,'loginActivityTypeList','loggedIn');
        Insert into REPORT_PARAMETER (REPORT_PARAMETER_ID, REPORT_ID, PARAMETER_NAME, PARAMETER_CM_KEY, DATABASE_COLUMN, PARAMETER_TYPE, LIST_DEFINITION, PARAMETER_GROUP, SEQUENCE_NUM, CREATED_BY, DATE_CREATED, MODIFIED_BY, DATE_MODIFIED, VERSION, COLLECTION_NAME, DEFAULT_VALUE) 
            values (2007,4000,'countryId','COUNTRY_FIELD','countryList','multiSelectQuery','com.biperf.core.domain.country.processParameterValueChoices.allLiveCountries','PARTICIPANTS',7,5661,to_date('20-AUG-12','DD-MON-RR'),5661,to_date('20-AUG-12','DD-MON-RR'),0,'countryList','show_all');
    
    Insert into REPORT (REPORT_ID,REPORT_CODE, CM_ASSET_CODE,REPORT_NAME_CM_KEY, REPORT_CATEGORY_TYPE, MODULE, REPORT_DESCRIPTION_CM_KEY, REPORT_URL, IS_ACTIVE, CREATED_BY, DATE_CREATED, VERSION, FORCE_PARAMETERS, EXPORT_ONLY, INCLUDED_IN_PLATEAU)
          values (4001,'loginActivityOrg','report.login.activity','REPORT_NAME', 'core', 'core', 'REPORT_DESCRIPTION', '/reports/displayLoginActivityByOrgReport.do?method=displaySummaryReport', 1, 0, sysdate, 0, 0, 0, 1);
        --Login Activity Charts
        Insert into REPORT_CHART (REPORT_CHART_ID, CAPTION_CM_KEY, SUBCAPTION_CM_KEY, CHART_DATA_URL, REPORT_ID, SHOW_LABELS, SHOW_LEGEND, ENABLE_SMART_LABELS, X_AXIS_NAME_CM_KEY, Y_AXIS_NAME_CM_KEY, SEQUENCE_NUM, DISPLAY_LIMIT, CREATED_BY, DATE_CREATED, VERSION, CHART_TYPE, INCLUDED_IN_PLATEAU)
               values (3004, 'MONTHLY_CHART_CAPTION', 'MONTHLY_CHART_SUBCAPTION', '/reports/displayLoginActivityByOrgReport.do?method=displayBarResults', 4001, 1, 1, 0, 'MONTHLY_CHART_X_AXIS_NAME', 'MONTHLY_CHART_Y_AXIS_NAME', 0, 20, 0, sysdate, 0, 'Column3D',1);
           Insert into REPORT_CHART (REPORT_CHART_ID, CAPTION_CM_KEY, SUBCAPTION_CM_KEY, CHART_DATA_URL, REPORT_ID, SHOW_LABELS, SHOW_LEGEND, ENABLE_SMART_LABELS, X_AXIS_NAME_CM_KEY, Y_AXIS_NAME_CM_KEY, SEQUENCE_NUM, DISPLAY_LIMIT, CREATED_BY, DATE_CREATED, VERSION, CHART_TYPE, INCLUDED_IN_PLATEAU)
               values (3005, 'MONTHLY_UNIQUE_CHART_CAPTION', 'MONTHLY_UNIQUE_CHART_SUBCAPTION', '/reports/displayLoginActivityByOrgReport.do?method=displayUniqueMonthlyResults', 4001, 1, 1, 0, 'MONTHLY_CHART_X_AXIS_NAME', 'UNIQUE_MONTHLY_CHART_Y_AXIS_NAME', 1, 20, 0, sysdate, 0, 'Column3D',1);    
        Insert into REPORT_CHART (REPORT_CHART_ID, CAPTION_CM_KEY, SUBCAPTION_CM_KEY, CHART_DATA_URL, REPORT_ID, SHOW_LABELS, SHOW_LEGEND, ENABLE_SMART_LABELS, SHOW_PERCENT_VALUES, X_AXIS_NAME_CM_KEY, Y_AXIS_NAME_CM_KEY, SEQUENCE_NUM, DISPLAY_LIMIT, CREATED_BY, DATE_CREATED, VERSION, CHART_TYPE, INCLUDED_IN_PLATEAU)
               values (3006, 'UNIQUE_CHART_CAPTION', 'UNIQUE_CHART_SUBCAPTION', '/reports/displayLoginActivityByOrgReport.do?method=displayLoginStatusChartResults', 4001, 0, 1, 0, 1, 'UNIQUE_CHART_X_AXIS_NAME', 'UNIQUE_CHART_Y_AXIS_NAME', 2, 20, 0, sysdate, 0, 'Pie2D',1);
        Insert into REPORT_CHART (REPORT_CHART_ID, CAPTION_CM_KEY, SUBCAPTION_CM_KEY, CHART_DATA_URL, REPORT_ID, SHOW_LABELS, SHOW_LEGEND, ENABLE_SMART_LABELS, X_AXIS_NAME_CM_KEY, Y_AXIS_NAME_CM_KEY, SEQUENCE_NUM, DISPLAY_LIMIT, CREATED_BY, DATE_CREATED, VERSION, CHART_TYPE, INCLUDED_IN_PLATEAU)
               values (3007, 'ORG_CHART_CAPTION', 'ORG_CHART_SUBCAPTION', '/reports/displayLoginActivityByOrgReport.do?method=displayOrganizationBarResults', 4001, 1, 1, 0, 'ORG_CHART_X_AXIS_NAME', 'ORG_CHART_Y_AXIS_NAME', 3, 20, 0, sysdate, 0, 'Column3D',1);
        Insert into REPORT_CHART (REPORT_CHART_ID, CAPTION_CM_KEY, SUBCAPTION_CM_KEY, CHART_DATA_URL, REPORT_ID, SHOW_LABELS, SHOW_LEGEND, ENABLE_SMART_LABELS, X_AXIS_NAME_CM_KEY, Y_AXIS_NAME_CM_KEY, SEQUENCE_NUM, DISPLAY_LIMIT, CREATED_BY, DATE_CREATED, VERSION, CHART_TYPE, INCLUDED_IN_PLATEAU)
               values (3008, 'ORG_PERCENT_CHART_CAPTION', 'ORG_PERCENT_CHART_SUBCAPTION', '/reports/displayLoginActivityByOrgReport.do?method=displayPercentageBarResults', 4001, 1, 1, 0, 'ORG_PERCENT_CHART_X_AXIS_NAME', '', 4, 20, 0, sysdate, 0, 'StackedColumn3D',1);
        --Report Parameters
        Insert into REPORT_PARAMETER (REPORT_PARAMETER_ID, REPORT_ID, PARAMETER_NAME, PARAMETER_CM_KEY, DATABASE_COLUMN, PARAMETER_TYPE, LIST_DEFINITION, PARAMETER_GROUP, SEQUENCE_NUM, CREATED_BY, DATE_CREATED, MODIFIED_BY, DATE_MODIFIED, VERSION, COLLECTION_NAME, DEFAULT_VALUE, DISPLAY_ON_DASHBOARD) 
            values (2008,4001,'fromDate','START_FIELD','DATE_SUBMITTED','datePicker',null,'TIME_FRAME',0,5661,to_date('20-AUG-12','DD-MON-RR'),5661,to_date('20-AUG-12','DD-MON-RR'),0,null, '01/01/2012', 1);
        Insert into REPORT_PARAMETER (REPORT_PARAMETER_ID, REPORT_ID, PARAMETER_NAME, PARAMETER_CM_KEY, DATABASE_COLUMN, PARAMETER_TYPE, LIST_DEFINITION, PARAMETER_GROUP, SEQUENCE_NUM, CREATED_BY, DATE_CREATED, MODIFIED_BY, DATE_MODIFIED, VERSION, COLLECTION_NAME, DEFAULT_VALUE, DISPLAY_ON_DASHBOARD) 
            values (2009,4001,'toDate','END_FIELD','DATE_SUBMITTED','datePicker',null,'TIME_FRAME',1,5661,to_date('20-AUG-12','DD-MON-RR'),5661,to_date('20-AUG-12','DD-MON-RR'),0,null, '12/31/2012', 1);
        Insert into REPORT_PARAMETER (REPORT_PARAMETER_ID, REPORT_ID, PARAMETER_NAME, PARAMETER_CM_KEY, DATABASE_COLUMN, PARAMETER_TYPE, LIST_DEFINITION, PARAMETER_GROUP, SEQUENCE_NUM, CREATED_BY, DATE_CREATED, MODIFIED_BY, DATE_MODIFIED, VERSION, COLLECTION_NAME, DEFAULT_VALUE, DISPLAY_ON_DASHBOARD) 
            values (2010,4001,'parentNodeId','ORG_NAME','organizationList','selectQuery','com.biperf.core.domain.node.processParameterValueChoices.NodesAsHierarchyByUser','PARTICIPANTS',2,5661,to_date('20-AUG-12','DD-MON-RR'),5661,to_date('20-AUG-12','DD-MON-RR'),0,'organizationList','show_all', 1);
        Insert into REPORT_PARAMETER (REPORT_PARAMETER_ID, REPORT_ID, PARAMETER_NAME, PARAMETER_CM_KEY, DATABASE_COLUMN, PARAMETER_TYPE, LIST_DEFINITION, PARAMETER_GROUP, SEQUENCE_NUM, CREATED_BY, DATE_CREATED, MODIFIED_BY, DATE_MODIFIED, VERSION, COLLECTION_NAME, DEFAULT_VALUE) 
            values (2011,4001,'department','DEPARTMENT_FIELD','departmentTypeList','multiSelectPick','picklist.department.type','PARTICIPANTS',3,5661,to_date('20-AUG-12','DD-MON-RR'),5661,to_date('20-AUG-12','DD-MON-RR'),0,'departmentTypeList','show_all');
        Insert into REPORT_PARAMETER (REPORT_PARAMETER_ID, REPORT_ID, PARAMETER_NAME, PARAMETER_CM_KEY, DATABASE_COLUMN, PARAMETER_TYPE, LIST_DEFINITION, PARAMETER_GROUP, SEQUENCE_NUM, CREATED_BY, DATE_CREATED, MODIFIED_BY, DATE_MODIFIED, VERSION, COLLECTION_NAME, DEFAULT_VALUE) 
            values (2012,4001,'role','ROLE','roleTypeList','selectPicklist','picklist.hierarchyrole.type','PARTICIPANTS',4,5661,to_date('20-AUG-12','DD-MON-RR'),5661,to_date('20-AUG-12','DD-MON-RR'),0,'roleTypeList','show_all');
        Insert into REPORT_PARAMETER (REPORT_PARAMETER_ID, REPORT_ID, PARAMETER_NAME, PARAMETER_CM_KEY, DATABASE_COLUMN, PARAMETER_TYPE, LIST_DEFINITION, PARAMETER_GROUP, SEQUENCE_NUM, CREATED_BY, DATE_CREATED, MODIFIED_BY, DATE_MODIFIED, VERSION, COLLECTION_NAME, DEFAULT_VALUE) 
            values (2013,4001,'participantStatus','PARTICIPANT_STATUS_FIELD','participantStatusList','selectPicklist','picklist.participantstatus','PARTICIPANTS',5,5661,to_date('20-AUG-12','DD-MON-RR'),5661,to_date('20-AUG-12','DD-MON-RR'),0,'participantStatusList','active');
        Insert into REPORT_PARAMETER (REPORT_PARAMETER_ID, REPORT_ID, PARAMETER_NAME, PARAMETER_CM_KEY, DATABASE_COLUMN, PARAMETER_TYPE, LIST_DEFINITION, PARAMETER_GROUP, SEQUENCE_NUM, CREATED_BY, DATE_CREATED, MODIFIED_BY, DATE_MODIFIED, VERSION, COLLECTION_NAME, DEFAULT_VALUE) 
            values (2014,4001,'loginType','LOGGED_IN_FIELD','loginActivityTypeList','selectPicklist','picklist.loginactivity.type','EXPORT_SELECTION',6,5661,to_date('20-AUG-12','DD-MON-RR'),5661,to_date('20-AUG-12','DD-MON-RR'),0,'loginActivityTypeList','loggedIn');
               
    --Awards Received - By Org Report
    Insert into REPORT (REPORT_ID,REPORT_CODE, CM_ASSET_CODE, REPORT_NAME_CM_KEY, REPORT_CATEGORY_TYPE, MODULE, REPORT_DESCRIPTION_CM_KEY, REPORT_URL, IS_ACTIVE, CREATED_BY, DATE_CREATED, VERSION, FORCE_PARAMETERS, EXPORT_ONLY, INCLUDED_IN_PLATEAU)
           values (4002,'awardsByOrg','report.awards.organization','REPORT_NAME', 'core', 'core', 'REPORT_DESCRIPTION', '/reports/displayAwardsByOrgReport.do?method=displaySummaryReport', 1, 0, sysdate, 0, 0, 0, 1);
           --Awards By Org Charts
          Insert into REPORT_CHART (REPORT_CHART_ID, CAPTION_CM_KEY, SUBCAPTION_CM_KEY, CHART_DATA_URL, REPORT_ID, SHOW_LABELS, SHOW_LEGEND, ENABLE_SMART_LABELS, X_AXIS_NAME_CM_KEY, Y_AXIS_NAME_CM_KEY, SEQUENCE_NUM, DISPLAY_LIMIT, CREATED_BY, DATE_CREATED, VERSION, CHART_TYPE, INCLUDED_IN_PLATEAU)
            values (3009, 'TOTAL_POINTS_CHART_CAPTION', 'TOTAL_POINTS_CHART_SUBCAPTION', '/reports/displayAwardsByOrgReport.do?method=displayTotalPointsIssuedForOrgBarchart', 4002, 1, 1, 0, 'TOTAL_POINTS_CHART_X_AXIS_NAME', 'TOTAL_POINTS_CHART_Y_AXIS_NAME', 0, 20, 0, sysdate, 0, 'Column3D',0);
        Insert into REPORT_CHART (REPORT_CHART_ID, CAPTION_CM_KEY, SUBCAPTION_CM_KEY, CHART_DATA_URL, REPORT_ID, SHOW_LABELS, SHOW_LEGEND, ENABLE_SMART_LABELS, X_AXIS_NAME_CM_KEY, Y_AXIS_NAME_CM_KEY, SEQUENCE_NUM, DISPLAY_LIMIT, CREATED_BY, DATE_CREATED, VERSION, CHART_TYPE, INCLUDED_IN_PLATEAU)
            values (3010, 'AWARDS_BARCHART_CAPTION', 'AWARDS_BARCHART_SUBCAPTION', '/reports/displayAwardsByOrgReport.do?method=displayReceivedNotReceivedAwardsForOrgBarchart', 4002, 1, 1, 0, 'AWARDS_BARCHART_X_AXIS_NAME', 'AWARDS_BARCHART_Y_AXIS_NAME', 1, 20, 0, sysdate, 0, 'MSColumn3D', 0);
        Insert into REPORT_CHART (REPORT_CHART_ID, CAPTION_CM_KEY, SUBCAPTION_CM_KEY, CHART_DATA_URL, REPORT_ID, SHOW_LABELS, SHOW_LEGEND, ENABLE_SMART_LABELS, X_AXIS_NAME_CM_KEY, Y_AXIS_NAME_CM_KEY, SEQUENCE_NUM, DISPLAY_LIMIT, CREATED_BY, DATE_CREATED, VERSION, CHART_TYPE, INCLUDED_IN_PLATEAU)
            values (3011, 'PERSONS_AWARDS_CHART_CAPTION', 'PERSONS_AWARDS_CHART_SUBCAPTION', '/reports/displayAwardsByOrgReport.do?method=displayPersonsReceivingAwardsForOrgBarchart', 4002, 1, 1, 0, 'PERSONS_AWARDS_CHART_X_AXIS_NAME', 'PERSONS_AWARDS_CHART_Y_AXIS_NAME', 2, 20, 0, sysdate, 0, 'Column3D',1);        
        --Report Parameters
        Insert into REPORT_PARAMETER (REPORT_PARAMETER_ID, REPORT_ID, PARAMETER_NAME, PARAMETER_CM_KEY, DATABASE_COLUMN, PARAMETER_TYPE, LIST_DEFINITION, PARAMETER_GROUP, SEQUENCE_NUM, CREATED_BY, DATE_CREATED, MODIFIED_BY, DATE_MODIFIED, VERSION, COLLECTION_NAME, DEFAULT_VALUE, HIDE_SHOW_ALL_OPTION) 
			values (3165,4002,'awardType','AWARDS_TYPE','awardsTypeList','selectPicklist','picklist.promotion.awardstype','BASICS',0,5661,to_date('13-MAY-16','DD-MON-RR'),5661,to_date('13-MAY-16','DD-MON-RR'),0,'awardsTypeList','points', 1);
        Insert into REPORT_PARAMETER (REPORT_PARAMETER_ID, REPORT_ID, PARAMETER_NAME, PARAMETER_CM_KEY, DATABASE_COLUMN, PARAMETER_TYPE, LIST_DEFINITION, PARAMETER_GROUP, SEQUENCE_NUM, CREATED_BY, DATE_CREATED, MODIFIED_BY, DATE_MODIFIED, VERSION, COLLECTION_NAME, DEFAULT_VALUE, DISPLAY_ON_DASHBOARD) 
            values (2016,4002,'promotionId','PROMOTION_FIELD','promotionTypeList','multiSelectQuery','com.biperf.core.domain.node.reportParameterValueChoices.allLivePromotionsWithAwards','BASICS',1,5661,to_date('20-AUG-12','DD-MON-RR'),5661,to_date('20-AUG-12','DD-MON-RR'),0,'promotionTypeList','show_all', 1);
        Insert into REPORT_PARAMETER (REPORT_PARAMETER_ID, REPORT_ID, PARAMETER_NAME, PARAMETER_CM_KEY, DATABASE_COLUMN, PARAMETER_TYPE, LIST_DEFINITION, PARAMETER_GROUP, SEQUENCE_NUM, CREATED_BY, DATE_CREATED, MODIFIED_BY, DATE_MODIFIED, VERSION, COLLECTION_NAME, DEFAULT_VALUE, DISPLAY_ON_DASHBOARD) 
            values (2017,4002,'fromDate','START_FIELD','DATE_SUBMITTED','datePicker',null,'TIME_FRAME',2,5661,to_date('20-AUG-12','DD-MON-RR'),5661,to_date('20-AUG-12','DD-MON-RR'),0,null, '01/01/2012', 1);
        Insert into REPORT_PARAMETER (REPORT_PARAMETER_ID, REPORT_ID, PARAMETER_NAME, PARAMETER_CM_KEY, DATABASE_COLUMN, PARAMETER_TYPE, LIST_DEFINITION, PARAMETER_GROUP, SEQUENCE_NUM, CREATED_BY, DATE_CREATED, MODIFIED_BY, DATE_MODIFIED, VERSION, COLLECTION_NAME, DEFAULT_VALUE, DISPLAY_ON_DASHBOARD) 
            values (2018,4002,'toDate','END_FIELD','DATE_SUBMITTED','datePicker',null,'TIME_FRAME',3,5661,to_date('20-AUG-12','DD-MON-RR'),5661,to_date('20-AUG-12','DD-MON-RR'),0,null, '12/31/2012', 1);
        Insert into REPORT_PARAMETER (REPORT_PARAMETER_ID, REPORT_ID, PARAMETER_NAME, PARAMETER_CM_KEY, DATABASE_COLUMN, PARAMETER_TYPE, LIST_DEFINITION, PARAMETER_GROUP, SEQUENCE_NUM, CREATED_BY, DATE_CREATED, MODIFIED_BY, DATE_MODIFIED, VERSION, COLLECTION_NAME, DEFAULT_VALUE, DISPLAY_ON_DASHBOARD) 
            values (2019,4002,'parentNodeId','ORG_NAME','organizationList','multiSelectQuery','com.biperf.core.domain.node.processParameterValueChoices.NodesAsHierarchyByUser','PARTICIPANTS',4,5661,to_date('20-AUG-12','DD-MON-RR'),5661,to_date('20-AUG-12','DD-MON-RR'),0,'organizationList','show_all', 1);
        Insert into REPORT_PARAMETER (REPORT_PARAMETER_ID, REPORT_ID, PARAMETER_NAME, PARAMETER_CM_KEY, DATABASE_COLUMN, PARAMETER_TYPE, LIST_DEFINITION, PARAMETER_GROUP, SEQUENCE_NUM, CREATED_BY, DATE_CREATED, MODIFIED_BY, DATE_MODIFIED, VERSION, COLLECTION_NAME, DEFAULT_VALUE) 
            values (2020,4002,'department','DEPARTMENT_FIELD','departmentTypeList','multiSelectPick','picklist.department.type','PARTICIPANTS',5,5661,to_date('20-AUG-12','DD-MON-RR'),5661,to_date('20-AUG-12','DD-MON-RR'),0,'departmentTypeList','show_all');
        Insert into REPORT_PARAMETER (REPORT_PARAMETER_ID, REPORT_ID, PARAMETER_NAME, PARAMETER_CM_KEY, DATABASE_COLUMN, PARAMETER_TYPE, LIST_DEFINITION, PARAMETER_GROUP, SEQUENCE_NUM, CREATED_BY, DATE_CREATED, MODIFIED_BY, DATE_MODIFIED, VERSION, COLLECTION_NAME, DEFAULT_VALUE) 
            values (2021,4002,'jobPosition','JOB_POSITION_FIELD','positionTypeList','multiSelectPick','picklist.positiontype','PARTICIPANTS',6,5661,to_date('20-AUG-12','DD-MON-RR'),5661,to_date('20-AUG-12','DD-MON-RR'),0,'jobPositionTypeList','show_all');
        Insert into REPORT_PARAMETER (REPORT_PARAMETER_ID, REPORT_ID, PARAMETER_NAME, PARAMETER_CM_KEY, DATABASE_COLUMN, PARAMETER_TYPE, LIST_DEFINITION, PARAMETER_GROUP, SEQUENCE_NUM, CREATED_BY, DATE_CREATED, MODIFIED_BY, DATE_MODIFIED, VERSION, COLLECTION_NAME, DEFAULT_VALUE) 
            values (2022,4002,'participantStatus','PARTICIPANT_STATUS_FIELD','participantStatusList','selectPicklist','picklist.participantstatus','PARTICIPANTS',7,5661,to_date('20-AUG-12','DD-MON-RR'),5661,to_date('20-AUG-12','DD-MON-RR'),0,'participantStatusList','active');
        Insert into REPORT_PARAMETER (REPORT_PARAMETER_ID, REPORT_ID, PARAMETER_NAME, PARAMETER_CM_KEY, DATABASE_COLUMN, PARAMETER_TYPE, LIST_DEFINITION, PARAMETER_GROUP, SEQUENCE_NUM, CREATED_BY, DATE_CREATED, MODIFIED_BY, DATE_MODIFIED, VERSION, COLLECTION_NAME, DEFAULT_VALUE) 
            values (3167,4002,'countryId','COUNTRY_FIELD','countryList','multiSelectQuery','com.biperf.core.domain.country.processParameterValueChoices.allLiveCountries','PARTICIPANTS',8,5661,to_date('20-AUG-12','DD-MON-RR'),5661,to_date('20-AUG-12','DD-MON-RR'),0,'countryList','show_all');      
   
	--Awards Received - By Pax Report
    Insert into REPORT (REPORT_ID,REPORT_CODE, CM_ASSET_CODE, REPORT_NAME_CM_KEY, REPORT_CATEGORY_TYPE, MODULE, REPORT_DESCRIPTION_CM_KEY, REPORT_URL, IS_ACTIVE, CREATED_BY, DATE_CREATED, VERSION, FORCE_PARAMETERS, EXPORT_ONLY, INCLUDED_IN_PLATEAU)
           values (4003,'awardsByPax','report.awards.participant','REPORT_NAME', 'core', 'core', 'REPORT_DESCRIPTION', '/reports/displayAwardsByPaxReport.do?method=displaySummaryReport', 1, 0, sysdate, 0, 0, 0, 1);
           --Awards By Pax Charts
          Insert into REPORT_CHART (REPORT_CHART_ID, CAPTION_CM_KEY, SUBCAPTION_CM_KEY, CHART_DATA_URL, REPORT_ID, SHOW_LABELS, SHOW_LEGEND, ENABLE_SMART_LABELS, X_AXIS_NAME_CM_KEY, Y_AXIS_NAME_CM_KEY, SEQUENCE_NUM, DISPLAY_LIMIT, CREATED_BY, DATE_CREATED, VERSION, CHART_TYPE, INCLUDED_IN_PLATEAU)
            values (3014, 'TOTAL_POINTS_PAX_CHART_CAPTION', 'TOTAL_POINTS_PAX_CHART_SUBCAPTION', '/reports/displayAwardsByPaxReport.do?method=displayTotalPointsIssuedByPaxBarchart', 4003, 1, 1, 0, 'TOTAL_POINTS_PAX_CHART_X_AXIS_NAME', 'TOTAL_POINTS_PAX_CHART_Y_AXIS_NAME', 0, 20, 0, sysdate, 0, 'Column3D', 0);
        Insert into REPORT_CHART (REPORT_CHART_ID, CAPTION_CM_KEY, SUBCAPTION_CM_KEY, CHART_DATA_URL, REPORT_ID, SHOW_LABELS, SHOW_LEGEND, ENABLE_SMART_LABELS, SHOW_PERCENT_VALUES, X_AXIS_NAME_CM_KEY, Y_AXIS_NAME_CM_KEY, SEQUENCE_NUM, DISPLAY_LIMIT, CREATED_BY, DATE_CREATED, VERSION, CHART_TYPE, INCLUDED_IN_PLATEAU)
            values (3015, 'AWARDS_PIECHART_CAPTION', 'AWARDS_PIECHART_SUBCAPTION', '/reports/displayAwardsByPaxReport.do?method=displayReceivedNotReceivedAwardsPaxPiechart', 4003, 0, 1, 0, 1, null, null, 1, 20, 0, sysdate, 0, 'Pie2D', 1);
        --Report Parameters
        Insert into REPORT_PARAMETER (REPORT_PARAMETER_ID, REPORT_ID, PARAMETER_NAME, PARAMETER_CM_KEY, DATABASE_COLUMN, PARAMETER_TYPE, LIST_DEFINITION, PARAMETER_GROUP, SEQUENCE_NUM, CREATED_BY, DATE_CREATED, MODIFIED_BY, DATE_MODIFIED, VERSION, COLLECTION_NAME, DEFAULT_VALUE, HIDE_SHOW_ALL_OPTION) 
            values (3166,4003,'awardType','AWARDS_TYPE','awardsTypeList','selectPicklist','picklist.promotion.awardstype','BASICS',0,5661,to_date('13-MAY-16','DD-MON-RR'),5661,to_date('13-MAY-16','DD-MON-RR'),0,'awardsTypeList','points', 1);
        Insert into REPORT_PARAMETER (REPORT_PARAMETER_ID, REPORT_ID, PARAMETER_NAME, PARAMETER_CM_KEY, DATABASE_COLUMN, PARAMETER_TYPE, LIST_DEFINITION, PARAMETER_GROUP, SEQUENCE_NUM, CREATED_BY, DATE_CREATED, MODIFIED_BY, DATE_MODIFIED, VERSION, COLLECTION_NAME, DEFAULT_VALUE, DISPLAY_ON_DASHBOARD) 
            values (2025,4003,'promotionId','PROMOTION_FIELD','promotionTypeList','multiSelectQuery','com.biperf.core.domain.node.reportParameterValueChoices.allLivePromotionsWithAwards','BASICS',1,5661,to_date('20-AUG-12','DD-MON-RR'),5661,to_date('20-AUG-12','DD-MON-RR'),0,'promotionTypeList','show_all', 1);
        Insert into REPORT_PARAMETER (REPORT_PARAMETER_ID, REPORT_ID, PARAMETER_NAME, PARAMETER_CM_KEY, DATABASE_COLUMN, PARAMETER_TYPE, LIST_DEFINITION, PARAMETER_GROUP, SEQUENCE_NUM, CREATED_BY, DATE_CREATED, MODIFIED_BY, DATE_MODIFIED, VERSION, COLLECTION_NAME, DEFAULT_VALUE, DISPLAY_ON_DASHBOARD) 
            values (2026,4003,'fromDate','START_FIELD','DATE_SUBMITTED','datePicker',null,'TIME_FRAME',2,5661,to_date('20-AUG-12','DD-MON-RR'),5661,to_date('20-AUG-12','DD-MON-RR'),0,null, '01/01/2012', 1);
        Insert into REPORT_PARAMETER (REPORT_PARAMETER_ID, REPORT_ID, PARAMETER_NAME, PARAMETER_CM_KEY, DATABASE_COLUMN, PARAMETER_TYPE, LIST_DEFINITION, PARAMETER_GROUP, SEQUENCE_NUM, CREATED_BY, DATE_CREATED, MODIFIED_BY, DATE_MODIFIED, VERSION, COLLECTION_NAME, DEFAULT_VALUE, DISPLAY_ON_DASHBOARD) 
            values (2027,4003,'toDate','END_FIELD','DATE_SUBMITTED','datePicker',null,'TIME_FRAME',3,5661,to_date('20-AUG-12','DD-MON-RR'),5661,to_date('20-AUG-12','DD-MON-RR'),0,null, '12/31/2012', 1);
        Insert into REPORT_PARAMETER (REPORT_PARAMETER_ID, REPORT_ID, PARAMETER_NAME, PARAMETER_CM_KEY, DATABASE_COLUMN, PARAMETER_TYPE, LIST_DEFINITION, PARAMETER_GROUP, SEQUENCE_NUM, CREATED_BY, DATE_CREATED, MODIFIED_BY, DATE_MODIFIED, VERSION, COLLECTION_NAME, DEFAULT_VALUE, DISPLAY_ON_DASHBOARD) 
            values (2028,4003,'parentNodeId','ORG_NAME','organizationList','multiSelectQuery','com.biperf.core.domain.node.processParameterValueChoices.NodesAsHierarchyByUser','PARTICIPANTS',4,5661,to_date('20-AUG-12','DD-MON-RR'),5661,to_date('20-AUG-12','DD-MON-RR'),0,'organizationList','show_all', 1);
        Insert into REPORT_PARAMETER (REPORT_PARAMETER_ID, REPORT_ID, PARAMETER_NAME, PARAMETER_CM_KEY, DATABASE_COLUMN, PARAMETER_TYPE, LIST_DEFINITION, PARAMETER_GROUP, SEQUENCE_NUM, CREATED_BY, DATE_CREATED, MODIFIED_BY, DATE_MODIFIED, VERSION, COLLECTION_NAME, DEFAULT_VALUE) 
            values (2029,4003,'department','DEPARTMENT_FIELD','departmentTypeList','multiSelectPick','picklist.department.type','PARTICIPANTS',5,5661,to_date('20-AUG-12','DD-MON-RR'),5661,to_date('20-AUG-12','DD-MON-RR'),0,'departmentTypeList','show_all');
        Insert into REPORT_PARAMETER (REPORT_PARAMETER_ID, REPORT_ID, PARAMETER_NAME, PARAMETER_CM_KEY, DATABASE_COLUMN, PARAMETER_TYPE, LIST_DEFINITION, PARAMETER_GROUP, SEQUENCE_NUM, CREATED_BY, DATE_CREATED, MODIFIED_BY, DATE_MODIFIED, VERSION, COLLECTION_NAME, DEFAULT_VALUE) 
            values (2030,4003,'jobPosition','JOB_POSITION_FIELD','positionTypeList','multiSelectPick','picklist.positiontype','PARTICIPANTS',6,5661,to_date('20-AUG-12','DD-MON-RR'),5661,to_date('20-AUG-12','DD-MON-RR'),0,'jobPositionTypeList','show_all');
        Insert into REPORT_PARAMETER (REPORT_PARAMETER_ID, REPORT_ID, PARAMETER_NAME, PARAMETER_CM_KEY, DATABASE_COLUMN, PARAMETER_TYPE, LIST_DEFINITION, PARAMETER_GROUP, SEQUENCE_NUM, CREATED_BY, DATE_CREATED, MODIFIED_BY, DATE_MODIFIED, VERSION, COLLECTION_NAME, DEFAULT_VALUE) 
            values (2031,4003,'participantStatus','PARTICIPANT_STATUS_FIELD','participantStatusList','selectPicklist','picklist.participantstatus','PARTICIPANTS',7,5661,to_date('20-AUG-12','DD-MON-RR'),5661,to_date('20-AUG-12','DD-MON-RR'),0,'participantStatusList','active');
        Insert into REPORT_PARAMETER (REPORT_PARAMETER_ID, REPORT_ID, PARAMETER_NAME, PARAMETER_CM_KEY, DATABASE_COLUMN, PARAMETER_TYPE, LIST_DEFINITION, PARAMETER_GROUP, SEQUENCE_NUM, CREATED_BY, DATE_CREATED, MODIFIED_BY, DATE_MODIFIED, VERSION, COLLECTION_NAME, DEFAULT_VALUE) 
            values (2032,4003,'countryId','COUNTRY_FIELD','countryList','multiSelectQuery','com.biperf.core.domain.country.processParameterValueChoices.allLiveCountries','PARTICIPANTS',8,5661,to_date('20-AUG-12','DD-MON-RR'),5661,to_date('20-AUG-12','DD-MON-RR'),0,'countryList','show_all');

       --Claims By Org Report
       Insert into REPORT (REPORT_ID,REPORT_CODE, CM_ASSET_CODE, REPORT_NAME_CM_KEY, REPORT_CATEGORY_TYPE, MODULE, REPORT_DESCRIPTION_CM_KEY, REPORT_URL, IS_ACTIVE, CREATED_BY, DATE_CREATED, VERSION, FORCE_PARAMETERS, EXPORT_ONLY, INCLUDED_IN_PLATEAU)
          values (4004,'claimByOrg','report.claim.organization','REPORT_NAME', 'claim', 'install.productclaims', 'REPORT_DESCRIPTION', '/reports/displayClaimByOrgReport.do?method=displaySummaryReport', 1, 0, sysdate, 0, 0, 0, 0);
        --Claims By Org Charts
          Insert into REPORT_CHART (REPORT_CHART_ID, CAPTION_CM_KEY, SUBCAPTION_CM_KEY, CHART_DATA_URL, REPORT_ID, SHOW_LABELS, SHOW_LEGEND, ENABLE_SMART_LABELS, SHOW_PERCENT_VALUES, X_AXIS_NAME_CM_KEY, Y_AXIS_NAME_CM_KEY, SEQUENCE_NUM, DISPLAY_LIMIT, CREATED_BY, DATE_CREATED, VERSION, CHART_TYPE, INCLUDED_IN_PLATEAU)
               values (3018, 'PART_RATE_CHART_CAPTION', 'PART_RATE_CHART_SUBCAPTION', '/reports/displayClaimByOrgReport.do?method=displayParticipationRateChart', 4004, 0, 1, 0, 1, null, null, 0, 20, 0, sysdate, 0, 'Pie2D', 0);
        Insert into REPORT_CHART (REPORT_CHART_ID, CAPTION_CM_KEY, SUBCAPTION_CM_KEY, CHART_DATA_URL, REPORT_ID, SHOW_LABELS, SHOW_LEGEND, ENABLE_SMART_LABELS, SHOW_PERCENT_VALUES, X_AXIS_NAME_CM_KEY, Y_AXIS_NAME_CM_KEY, SEQUENCE_NUM, DISPLAY_LIMIT, CREATED_BY, DATE_CREATED, VERSION, CHART_TYPE, INCLUDED_IN_PLATEAU)
               values (3019, 'PART_LEVEL_CHART_CAPTION', 'PART_LEVEL_CHART_SUBCAPTION', '/reports/displayClaimByOrgReport.do?method=displayParticipationLevelChart', 4004, 1, 1, 0, 0, 'LEVEL_CHART_X_AXIS_NAME', 'LEVEL_CHART_Y_AXIS_NAME', 1, 20, 0, sysdate, 0, 'Column3D', 0);        
           Insert into REPORT_CHART (REPORT_CHART_ID, CAPTION_CM_KEY, SUBCAPTION_CM_KEY, CHART_DATA_URL, REPORT_ID, SHOW_LABELS, SHOW_LEGEND, ENABLE_SMART_LABELS, X_AXIS_NAME_CM_KEY, Y_AXIS_NAME_CM_KEY, SEQUENCE_NUM, DISPLAY_LIMIT, CREATED_BY, DATE_CREATED, VERSION, CHART_TYPE, INCLUDED_IN_PLATEAU)
               values (3020, 'MONTHLY_CHART_CAPTION', 'MONTHLY_CHART_SUBCAPTION', '/reports/displayClaimByOrgReport.do?method=displayMonthlyChart', 4004, 1, 1, 0, 'MONTHLY_CHART_X_AXIS_NAME', 'MONTHLY_CHART_Y_AXIS_NAME', 2, 20, 0, sysdate, 0, 'Column3D', 0);        
          Insert into REPORT_CHART (REPORT_CHART_ID, CAPTION_CM_KEY, SUBCAPTION_CM_KEY, CHART_DATA_URL, REPORT_ID, SHOW_LABELS, SHOW_LEGEND, ENABLE_SMART_LABELS, X_AXIS_NAME_CM_KEY, Y_AXIS_NAME_CM_KEY, SEQUENCE_NUM, DISPLAY_LIMIT, CREATED_BY, DATE_CREATED, VERSION, CHART_TYPE, INCLUDED_IN_PLATEAU)
               values (3021, 'SUBMISSION_CHART_CAPTION', 'SUBMISSION_CHART_SUBCAPTION', '/reports/displayClaimByOrgReport.do?method=displaySubmissionStatusChart', 4004, 1, 1, 0, 'SUB_STAUS_CHART_X_AXIS_NAME', 'SUB_STAUS_CHART_Y_AXIS_NAME', 3, 20, 0, sysdate, 0, 'StackedColumn3D', 0);
        Insert into REPORT_CHART (REPORT_CHART_ID, CAPTION_CM_KEY, SUBCAPTION_CM_KEY, CHART_DATA_URL, REPORT_ID, SHOW_LABELS, SHOW_LEGEND, ENABLE_SMART_LABELS, X_AXIS_NAME_CM_KEY, Y_AXIS_NAME_CM_KEY, SEQUENCE_NUM, DISPLAY_LIMIT, CREATED_BY, DATE_CREATED, VERSION, CHART_TYPE, INCLUDED_IN_PLATEAU)
               values (3022, 'ITEM_CHART_CAPTION', 'ITEM_CHART_SUBCAPTION', '/reports/displayClaimByOrgReport.do?method=displayItemStatusChart', 4004, 1, 1, 0, 'ITEM_STATUS_CHART_X_AXIS_NAME', 'ITEM_STATUS_CHART_Y_AXIS_NAME', 4, 20, 0, sysdate, 0, 'StackedColumn3D', 0);
        Insert into REPORT_CHART (REPORT_CHART_ID, CAPTION_CM_KEY, SUBCAPTION_CM_KEY, CHART_DATA_URL, REPORT_ID, SHOW_LABELS, SHOW_LEGEND, ENABLE_SMART_LABELS, X_AXIS_NAME_CM_KEY, Y_AXIS_NAME_CM_KEY, SEQUENCE_NUM, DISPLAY_LIMIT, CREATED_BY, DATE_CREATED, VERSION, CHART_TYPE, INCLUDED_IN_PLATEAU)
               values (3023, 'TOTALS_CHART_CAPTION', 'TOTALS_CHART_SUBCAPTION', '/reports/displayClaimByOrgReport.do?method=displayTotalsChart', 4004, 1, 1, 0, 'TOTALS_CHART_X_AXIS_NAME', 'TOTALS_CHART_Y_AXIS_NAME', 5, 20, 0, sysdate, 0, 'MSLine', 0);
        --Report Parameters
        Insert into REPORT_PARAMETER (REPORT_PARAMETER_ID, REPORT_ID, PARAMETER_NAME, PARAMETER_CM_KEY, DATABASE_COLUMN, PARAMETER_TYPE, LIST_DEFINITION, PARAMETER_GROUP, SEQUENCE_NUM, CREATED_BY, DATE_CREATED, MODIFIED_BY, DATE_MODIFIED, VERSION, COLLECTION_NAME, DEFAULT_VALUE) 
            values (2034,4004,'promotionStatus','PROMOTION_STATUS_FIELD','reportPromotionStatusTypeList','selectPicklist','picklist.reportpromotion.statustype','BASICS',0,5661,to_date('20-AUG-12','DD-MON-RR'),5661,to_date('20-AUG-12','DD-MON-RR'),0,'reportPromotionStatusTypeList','live');
        Insert into REPORT_PARAMETER (REPORT_PARAMETER_ID, REPORT_ID, PARAMETER_NAME, PARAMETER_CM_KEY, DATABASE_COLUMN, PARAMETER_TYPE, LIST_DEFINITION, PARAMETER_GROUP, SEQUENCE_NUM, CREATED_BY, DATE_CREATED, MODIFIED_BY, DATE_MODIFIED, VERSION, COLLECTION_NAME, DEFAULT_VALUE, DISPLAY_ON_DASHBOARD) 
            values (2035,4004,'promotionId','PROMOTION_FIELD','promotionTypeList','multiSelectQuery','com.biperf.core.domain.node.reportParameterValueChoices.allLiveProductClaimPromotions','BASICS',1,5661,to_date('20-AUG-12','DD-MON-RR'),5661,to_date('20-AUG-12','DD-MON-RR'),0,'promotionTypeList','show_all', 1);
        Insert into REPORT_PARAMETER (REPORT_PARAMETER_ID, REPORT_ID, PARAMETER_NAME, PARAMETER_CM_KEY, DATABASE_COLUMN, PARAMETER_TYPE, LIST_DEFINITION, PARAMETER_GROUP, SEQUENCE_NUM, CREATED_BY, DATE_CREATED, MODIFIED_BY, DATE_MODIFIED, VERSION, COLLECTION_NAME, DEFAULT_VALUE) 
            values (2036,4004,'claimStatus','CLAIM_STATUS','claimStatusTypeList','selectPicklist','picklist.claim.status.type','BASICS',2,5661,to_date('20-AUG-12','DD-MON-RR'),5661,to_date('20-AUG-12','DD-MON-RR'),0,'claimStatusTypeList','open');
        Insert into REPORT_PARAMETER (REPORT_PARAMETER_ID, REPORT_ID, PARAMETER_NAME, PARAMETER_CM_KEY, DATABASE_COLUMN, PARAMETER_TYPE, LIST_DEFINITION, PARAMETER_GROUP, SEQUENCE_NUM, CREATED_BY, DATE_CREATED, MODIFIED_BY, DATE_MODIFIED, VERSION, COLLECTION_NAME, DEFAULT_VALUE, DISPLAY_ON_DASHBOARD) 
            values (2037,4004,'parentNodeId','ORG_NAME','organizationList','selectQuery','com.biperf.core.domain.node.processParameterValueChoices.NodesAsHierarchyByUser','PARTICIPANTS',3,5661,to_date('20-AUG-12','DD-MON-RR'),5661,to_date('20-AUG-12','DD-MON-RR'),0,'organizationList','show_all', 1);
        Insert into REPORT_PARAMETER (REPORT_PARAMETER_ID, REPORT_ID, PARAMETER_NAME, PARAMETER_CM_KEY, DATABASE_COLUMN, PARAMETER_TYPE, LIST_DEFINITION, PARAMETER_GROUP, SEQUENCE_NUM, CREATED_BY, DATE_CREATED, MODIFIED_BY, DATE_MODIFIED, VERSION, COLLECTION_NAME, DEFAULT_VALUE, DISPLAY_ON_DASHBOARD) 
            values (2038,4004,'fromDate','START_FIELD','DATE_SUBMITTED','datePicker',null,'TIME_FRAME',4,5661,to_date('20-AUG-12','DD-MON-RR'),5661,to_date('20-AUG-12','DD-MON-RR'),0,null, '01/01/2012', 1);
        Insert into REPORT_PARAMETER (REPORT_PARAMETER_ID, REPORT_ID, PARAMETER_NAME, PARAMETER_CM_KEY, DATABASE_COLUMN, PARAMETER_TYPE, LIST_DEFINITION, PARAMETER_GROUP, SEQUENCE_NUM, CREATED_BY, DATE_CREATED, MODIFIED_BY, DATE_MODIFIED, VERSION, COLLECTION_NAME, DEFAULT_VALUE, DISPLAY_ON_DASHBOARD) 
            values (2039,4004,'toDate','END_FIELD','DATE_SUBMITTED','datePicker',null,'TIME_FRAME',5,5661,to_date('20-AUG-12','DD-MON-RR'),5661,to_date('20-AUG-12','DD-MON-RR'),0,null, '12/31/2012', 1);
        Insert into REPORT_PARAMETER (REPORT_PARAMETER_ID, REPORT_ID, PARAMETER_NAME, PARAMETER_CM_KEY, DATABASE_COLUMN, PARAMETER_TYPE, LIST_DEFINITION, PARAMETER_GROUP, SEQUENCE_NUM, CREATED_BY, DATE_CREATED, MODIFIED_BY, DATE_MODIFIED, VERSION, COLLECTION_NAME, DEFAULT_VALUE) 
            values (2040,4004,'participantStatus','PARTICIPANT_STATUS_FIELD','participantStatusList','selectPicklist','picklist.participantstatus','PARTICIPANTS',6,5661,to_date('20-AUG-12','DD-MON-RR'),5661,to_date('20-AUG-12','DD-MON-RR'),0,'participantStatusList','active');
        Insert into REPORT_PARAMETER (REPORT_PARAMETER_ID, REPORT_ID, PARAMETER_NAME, PARAMETER_CM_KEY, DATABASE_COLUMN, PARAMETER_TYPE, LIST_DEFINITION, PARAMETER_GROUP, SEQUENCE_NUM, CREATED_BY, DATE_CREATED, MODIFIED_BY, DATE_MODIFIED, VERSION, COLLECTION_NAME, DEFAULT_VALUE) 
            values (2041,4004,'jobPosition','JOB_POSITION_FIELD','positionTypeList','selectPicklist','picklist.positiontype','PARTICIPANTS',7,5661,to_date('20-AUG-12','DD-MON-RR'),5661,to_date('20-AUG-12','DD-MON-RR'),0,'jobPositionTypeList','show_all');
        Insert into REPORT_PARAMETER (REPORT_PARAMETER_ID, REPORT_ID, PARAMETER_NAME, PARAMETER_CM_KEY, DATABASE_COLUMN, PARAMETER_TYPE, LIST_DEFINITION, PARAMETER_GROUP, SEQUENCE_NUM, CREATED_BY, DATE_CREATED, MODIFIED_BY, DATE_MODIFIED, VERSION, COLLECTION_NAME, DEFAULT_VALUE) 
            values (2042,4004,'department','DEPARTMENT_FIELD','departmentTypeList','multiSelectPick','picklist.department.type','PARTICIPANTS',8,5661,to_date('20-AUG-12','DD-MON-RR'),5661,to_date('20-AUG-12','DD-MON-RR'),0,'departmentTypeList','show_all');

    --Claims By Pax Report
       Insert into REPORT (REPORT_ID,REPORT_CODE, CM_ASSET_CODE, REPORT_NAME_CM_KEY, REPORT_CATEGORY_TYPE, MODULE, REPORT_DESCRIPTION_CM_KEY, REPORT_URL, IS_ACTIVE, CREATED_BY, DATE_CREATED, VERSION, FORCE_PARAMETERS, EXPORT_ONLY, INCLUDED_IN_PLATEAU)
          values (4005,'claimByPax','report.claim.participant','REPORT_NAME', 'claim', 'install.productclaims', 'REPORT_DESCRIPTION', '/reports/displayClaimByPaxReport.do?method=displaySummaryReport', 1, 0, sysdate, 0, 0, 0, 0);    
           --Claims By Pax Charts
          Insert into REPORT_CHART (REPORT_CHART_ID, CAPTION_CM_KEY, SUBCAPTION_CM_KEY, CHART_DATA_URL, REPORT_ID, SHOW_LABELS, SHOW_LEGEND, ENABLE_SMART_LABELS, SHOW_PERCENT_VALUES, X_AXIS_NAME_CM_KEY, Y_AXIS_NAME_CM_KEY, SEQUENCE_NUM, DISPLAY_LIMIT, CREATED_BY, DATE_CREATED, VERSION, CHART_TYPE, INCLUDED_IN_PLATEAU)
               values (3024, 'PART_RATE_CHART_CAPTION', 'PART_RATE_CHART_SUBCAPTION', '/reports/displayClaimByPaxReport.do?method=displayParticipationRateChart', 4005, 0, 1, 0, 1, null, null, 0, 20, 0, sysdate, 0, 'Pie2D', 0);
        Insert into REPORT_CHART (REPORT_CHART_ID, CAPTION_CM_KEY, SUBCAPTION_CM_KEY, CHART_DATA_URL, REPORT_ID, SHOW_LABELS, SHOW_LEGEND, ENABLE_SMART_LABELS, SHOW_PERCENT_VALUES, X_AXIS_NAME_CM_KEY, Y_AXIS_NAME_CM_KEY, SEQUENCE_NUM, DISPLAY_LIMIT, CREATED_BY, DATE_CREATED, VERSION, CHART_TYPE, INCLUDED_IN_PLATEAU)
               values (3025, 'PART_LEVEL_CHART_CAPTION', 'PART_LEVEL_CHART_SUBCAPTION', '/reports/displayClaimByPaxReport.do?method=displayParticipationLevelChart', 4005, 1, 1, 0, 0, 'LEVEL_CHART_X_AXIS_NAME', 'LEVEL_CHART_Y_AXIS_NAME', 1, 20, 0, sysdate, 0, 'Column3D', 0);        
          Insert into REPORT_CHART (REPORT_CHART_ID, CAPTION_CM_KEY, SUBCAPTION_CM_KEY, CHART_DATA_URL, REPORT_ID, SHOW_LABELS, SHOW_LEGEND, ENABLE_SMART_LABELS, X_AXIS_NAME_CM_KEY, Y_AXIS_NAME_CM_KEY, SEQUENCE_NUM, DISPLAY_LIMIT, CREATED_BY, DATE_CREATED, VERSION, CHART_TYPE, INCLUDED_IN_PLATEAU)
               values (3026, 'AVERAGE_CHART_CAPTION', 'AVERAGE_CHART_SUBCAPTION', '/reports/displayClaimByPaxReport.do?method=displayClaimsSubmittedVsAvgChart', 4005, 1, 1, 0, 'AVG_CHART_X_AXIS_NAME', 'AVG_CHART_Y_AXIS_NAME', 2, 20, 0, sysdate, 0, 'Line', 0);
        Insert into REPORT_CHART (REPORT_CHART_ID, CAPTION_CM_KEY, SUBCAPTION_CM_KEY, CHART_DATA_URL, REPORT_ID, SHOW_LABELS, SHOW_LEGEND, ENABLE_SMART_LABELS, X_AXIS_NAME_CM_KEY, Y_AXIS_NAME_CM_KEY, SEQUENCE_NUM, DISPLAY_LIMIT, CREATED_BY, DATE_CREATED, VERSION, CHART_TYPE, INCLUDED_IN_PLATEAU)
               values (3027, 'CLAIM_CHART_CAPTION', 'CLAIM_CHART_SUBCAPTION', '/reports/displayClaimByPaxReport.do?method=displayClaimsStatusChart', 4005, 1, 1, 0, 'STATUS_CHART_X_AXIS_NAME', 'STATUS_CHART_Y_AXIS_NAME', 3, 20, 0, sysdate, 0, 'StackedColumn3D', 0);
        Insert into REPORT_CHART (REPORT_CHART_ID, CAPTION_CM_KEY, SUBCAPTION_CM_KEY, CHART_DATA_URL, REPORT_ID, SHOW_LABELS, SHOW_LEGEND, ENABLE_SMART_LABELS, X_AXIS_NAME_CM_KEY, Y_AXIS_NAME_CM_KEY, SEQUENCE_NUM, DISPLAY_LIMIT, CREATED_BY, DATE_CREATED, VERSION, CHART_TYPE, INCLUDED_IN_PLATEAU)
               values (3028, 'ITEM_CHART_CAPTION', 'ITEM_CHART_SUBCAPTION', '/reports/displayClaimByPaxReport.do?method=displayItemStatusChart', 4005, 1, 1, 0, 'ITEM_STATUS_CHART_X_AXIS_NAME', 'ITEM_STATUS_CHART_Y_AXIS_NAME', 4, 20, 0, sysdate, 0, 'StackedColumn3D', 0);
        --Report Parameters
        Insert into REPORT_PARAMETER (REPORT_PARAMETER_ID, REPORT_ID, PARAMETER_NAME, PARAMETER_CM_KEY, DATABASE_COLUMN, PARAMETER_TYPE, LIST_DEFINITION, PARAMETER_GROUP, SEQUENCE_NUM, CREATED_BY, DATE_CREATED, MODIFIED_BY, DATE_MODIFIED, VERSION, COLLECTION_NAME, DEFAULT_VALUE) 
            values (2044,4005,'promotionStatus','PROMOTION_STATUS_FIELD','reportPromotionStatusTypeList','selectPicklist','picklist.reportpromotion.statustype','BASICS',0,5661,to_date('20-AUG-12','DD-MON-RR'),5661,to_date('20-AUG-12','DD-MON-RR'),0,'reportPromotionStatusTypeList','live');
        Insert into REPORT_PARAMETER (REPORT_PARAMETER_ID, REPORT_ID, PARAMETER_NAME, PARAMETER_CM_KEY, DATABASE_COLUMN, PARAMETER_TYPE, LIST_DEFINITION, PARAMETER_GROUP, SEQUENCE_NUM, CREATED_BY, DATE_CREATED, MODIFIED_BY, DATE_MODIFIED, VERSION, COLLECTION_NAME, DEFAULT_VALUE, DISPLAY_ON_DASHBOARD) 
            values (2045,4005,'promotionId','PROMOTION_FIELD','promotionTypeList','multiSelectQuery','com.biperf.core.domain.node.reportParameterValueChoices.allLiveProductClaimPromotions','BASICS',1,5661,to_date('20-AUG-12','DD-MON-RR'),5661,to_date('20-AUG-12','DD-MON-RR'),0,'promotionTypeList','show_all', 1);
        Insert into REPORT_PARAMETER (REPORT_PARAMETER_ID, REPORT_ID, PARAMETER_NAME, PARAMETER_CM_KEY, DATABASE_COLUMN, PARAMETER_TYPE, LIST_DEFINITION, PARAMETER_GROUP, SEQUENCE_NUM, CREATED_BY, DATE_CREATED, MODIFIED_BY, DATE_MODIFIED, VERSION, COLLECTION_NAME, DEFAULT_VALUE) 
            values (2046,4005,'claimStatus','CLAIM_STATUS','claimStatusTypeList','selectPicklist','picklist.claim.status.type','BASICS',2,5661,to_date('20-AUG-12','DD-MON-RR'),5661,to_date('20-AUG-12','DD-MON-RR'),0,'claimStatusTypeList','open');
        Insert into REPORT_PARAMETER (REPORT_PARAMETER_ID, REPORT_ID, PARAMETER_NAME, PARAMETER_CM_KEY, DATABASE_COLUMN, PARAMETER_TYPE, LIST_DEFINITION, PARAMETER_GROUP, SEQUENCE_NUM, CREATED_BY, DATE_CREATED, MODIFIED_BY, DATE_MODIFIED, VERSION, COLLECTION_NAME, DEFAULT_VALUE, DISPLAY_ON_DASHBOARD) 
            values (2047,4005,'fromDate','START_FIELD','DATE_SUBMITTED','datePicker',null,'TIME_FRAME',3,5661,to_date('20-AUG-12','DD-MON-RR'),5661,to_date('20-AUG-12','DD-MON-RR'),0,null, '01/01/2012', 1);
        Insert into REPORT_PARAMETER (REPORT_PARAMETER_ID, REPORT_ID, PARAMETER_NAME, PARAMETER_CM_KEY, DATABASE_COLUMN, PARAMETER_TYPE, LIST_DEFINITION, PARAMETER_GROUP, SEQUENCE_NUM, CREATED_BY, DATE_CREATED, MODIFIED_BY, DATE_MODIFIED, VERSION, COLLECTION_NAME, DEFAULT_VALUE, DISPLAY_ON_DASHBOARD) 
            values (2048,4005,'toDate','END_FIELD','DATE_SUBMITTED','datePicker',null,'TIME_FRAME',4,5661,to_date('20-AUG-12','DD-MON-RR'),5661,to_date('20-AUG-12','DD-MON-RR'),0,null, '12/31/2012', 1);
        Insert into REPORT_PARAMETER (REPORT_PARAMETER_ID, REPORT_ID, PARAMETER_NAME, PARAMETER_CM_KEY, DATABASE_COLUMN, PARAMETER_TYPE, LIST_DEFINITION, PARAMETER_GROUP, SEQUENCE_NUM, CREATED_BY, DATE_CREATED, MODIFIED_BY, DATE_MODIFIED, VERSION, COLLECTION_NAME, DEFAULT_VALUE, DISPLAY_ON_DASHBOARD) 
            values (2049,4005,'parentNodeId','ORG_NAME','organizationList','selectQuery','com.biperf.core.domain.node.processParameterValueChoices.NodesAsHierarchyByUser','PARTICIPANTS',5,5661,to_date('20-AUG-12','DD-MON-RR'),5661,to_date('20-AUG-12','DD-MON-RR'),0,'organizationList','show_all', 1);
        Insert into REPORT_PARAMETER (REPORT_PARAMETER_ID, REPORT_ID, PARAMETER_NAME, PARAMETER_CM_KEY, DATABASE_COLUMN, PARAMETER_TYPE, LIST_DEFINITION, PARAMETER_GROUP, SEQUENCE_NUM, CREATED_BY, DATE_CREATED, MODIFIED_BY, DATE_MODIFIED, VERSION, COLLECTION_NAME, DEFAULT_VALUE) 
            values (2050,4005,'participantStatus','PARTICIPANT_STATUS_FIELD','participantStatusList','selectPicklist','picklist.participantstatus','PARTICIPANTS',6,5661,to_date('20-AUG-12','DD-MON-RR'),5661,to_date('20-AUG-12','DD-MON-RR'),0,'participantStatusList','active');
        Insert into REPORT_PARAMETER (REPORT_PARAMETER_ID, REPORT_ID, PARAMETER_NAME, PARAMETER_CM_KEY, DATABASE_COLUMN, PARAMETER_TYPE, LIST_DEFINITION, PARAMETER_GROUP, SEQUENCE_NUM, CREATED_BY, DATE_CREATED, MODIFIED_BY, DATE_MODIFIED, VERSION, COLLECTION_NAME, DEFAULT_VALUE) 
            values (2051,4005,'jobPosition','JOB_POSITION_FIELD','positionTypeList','selectPicklist','picklist.positiontype','PARTICIPANTS',7,5661,to_date('20-AUG-12','DD-MON-RR'),5661,to_date('20-AUG-12','DD-MON-RR'),0,'jobPositionTypeList','show_all');
        Insert into REPORT_PARAMETER (REPORT_PARAMETER_ID, REPORT_ID, PARAMETER_NAME, PARAMETER_CM_KEY, DATABASE_COLUMN, PARAMETER_TYPE, LIST_DEFINITION, PARAMETER_GROUP, SEQUENCE_NUM, CREATED_BY, DATE_CREATED, MODIFIED_BY, DATE_MODIFIED, VERSION, COLLECTION_NAME, DEFAULT_VALUE) 
            values (2052,4005,'department','DEPARTMENT_FIELD','departmentTypeList','multiSelectPick','picklist.department.type','PARTICIPANTS',8,5661,to_date('20-AUG-12','DD-MON-RR'),5661,to_date('20-AUG-12','DD-MON-RR'),0,'departmentTypeList','show_all');
        Insert into REPORT_PARAMETER (REPORT_PARAMETER_ID, REPORT_ID, PARAMETER_NAME, PARAMETER_CM_KEY, DATABASE_COLUMN, PARAMETER_TYPE, LIST_DEFINITION, PARAMETER_GROUP, SEQUENCE_NUM, CREATED_BY, DATE_CREATED, MODIFIED_BY, DATE_MODIFIED, VERSION, COLLECTION_NAME, DEFAULT_VALUE) 
            values (2054,4005,'countryId','COUNTRY_FIELD','countryList','multiSelectQuery','com.biperf.core.domain.country.processParameterValueChoices.allLiveCountries','PARTICIPANTS',10,5661,to_date('20-AUG-12','DD-MON-RR'),5661,to_date('20-AUG-12','DD-MON-RR'),0,'countryList','show_all');
    
    -- Points Budget Balance Report
       Insert into REPORT (REPORT_ID,REPORT_CODE, CM_ASSET_CODE, REPORT_NAME_CM_KEY, REPORT_CATEGORY_TYPE, MODULE, REPORT_DESCRIPTION_CM_KEY, REPORT_URL, IS_ACTIVE, CREATED_BY, DATE_CREATED, VERSION, FORCE_PARAMETERS, EXPORT_ONLY, INCLUDED_IN_PLATEAU)
          values (4006,'budgetBalance','report.budget.balance','REPORT_NAME', 'core', 'core', 'REPORT_DESCRIPTION', '/reports/displayPointsBudgetBalanceReport.do?method=displaySummaryReport', 1, 0, sysdate, 0, 1, 0, 0);    
           --Budget Balance Charts
           Insert into REPORT_CHART (REPORT_CHART_ID, CAPTION_CM_KEY, SUBCAPTION_CM_KEY, CHART_DATA_URL, REPORT_ID, SHOW_LABELS, SHOW_LEGEND, ENABLE_SMART_LABELS, SHOW_PERCENT_VALUES, X_AXIS_NAME_CM_KEY, Y_AXIS_NAME_CM_KEY, SEQUENCE_NUM, DISPLAY_LIMIT, CREATED_BY, DATE_CREATED, VERSION, CHART_TYPE, INCLUDED_IN_PLATEAU)
			   values (3029, 'UTILIZATION_PERCENT_CHART_CAPTION', 'UTILIZATION_PERCENT_CHART_SUBCAPTION', '/reports/displayPointsBudgetBalanceReport.do?method=displayUtilizationPercentageChart', 4006, 1, 0, 0, 0, 'PROMO_NAME', 'BUDGET_PER_CHART_Y_AXIS_NAME', 0, 20, 0, sysdate, 0, 'Column3D', 0);
		   Insert into REPORT_CHART (REPORT_CHART_ID, CAPTION_CM_KEY, SUBCAPTION_CM_KEY, CHART_DATA_URL, REPORT_ID, SHOW_LABELS, SHOW_LEGEND, ENABLE_SMART_LABELS, SHOW_PERCENT_VALUES, X_AXIS_NAME_CM_KEY, Y_AXIS_NAME_CM_KEY, SEQUENCE_NUM, DISPLAY_LIMIT, CREATED_BY, DATE_CREATED, VERSION, CHART_TYPE, INCLUDED_IN_PLATEAU)
			   values (3031, 'UTILIZATION_LEVEL_CHART_CAPTION', 'UTILIZATION_LEVEL_CHART_SUBCAPTION', '/reports/displayPointsBudgetBalanceReport.do?method=displayUtilizationLevelChart', 4006, 1, 0, 0, 0, 'PROMO_NAME', 'BUDGET_UTIL_CHART_Y_AXIS_NAME', 1, 20, 0, sysdate, 0, 'Column3D', 0);
        --Report Parameters
        Insert into REPORT_PARAMETER (REPORT_PARAMETER_ID, REPORT_ID, PARAMETER_NAME, PARAMETER_CM_KEY, DATABASE_COLUMN, PARAMETER_TYPE, LIST_DEFINITION, PARAMETER_GROUP, SEQUENCE_NUM, CREATED_BY, DATE_CREATED, MODIFIED_BY, DATE_MODIFIED, VERSION, COLLECTION_NAME, DEFAULT_VALUE, HIDE_SHOW_ALL_OPTION) 
            values (2056,4006,'budgetDistribution','BUDGET_DISTRIBUTION_FIELD','budgetDistributionTypeList','selectPicklist','picklist.budgetdistributiontype','BASICS',0,5661,sysdate,null,null,0,'budgetDistributionTypeList','one_to_one', 1);
        Insert into REPORT_PARAMETER (REPORT_PARAMETER_ID, REPORT_ID, PARAMETER_NAME, PARAMETER_CM_KEY, DATABASE_COLUMN, PARAMETER_TYPE, LIST_DEFINITION, PARAMETER_GROUP, SEQUENCE_NUM, CREATED_BY, DATE_CREATED, MODIFIED_BY, DATE_MODIFIED, VERSION, COLLECTION_NAME, DEFAULT_VALUE) 
            values (2057,4006,'budgetStatus','BUDGET_STATUS_FIELD','budgetStatusTypeList','multiSelectPick','picklist.budgetstatustype','BASICS',1,5661,sysdate,null,null,0,'budgetStatusTypeList','show_all');
        Insert into REPORT_PARAMETER (REPORT_PARAMETER_ID, REPORT_ID, PARAMETER_NAME, PARAMETER_CM_KEY, DATABASE_COLUMN, PARAMETER_TYPE, LIST_DEFINITION, PARAMETER_GROUP, SEQUENCE_NUM, CREATED_BY, DATE_CREATED, MODIFIED_BY, DATE_MODIFIED, VERSION, COLLECTION_NAME, DEFAULT_VALUE, DISPLAY_ON_DASHBOARD) 
            values (2061,4006,'parentNodeId','ORG_NAME','organizationList','multiSelectQuery','com.biperf.core.domain.node.processParameterValueChoices.NodesAsHierarchyByUser','PARTICIPANTS',2,5661,sysdate,null,null,0,'organizationList','show_all', 1);
           Insert into REPORT_PARAMETER (REPORT_PARAMETER_ID, REPORT_ID, PARAMETER_NAME, PARAMETER_CM_KEY, DATABASE_COLUMN, PARAMETER_TYPE, LIST_DEFINITION, PARAMETER_GROUP, SEQUENCE_NUM, CREATED_BY, DATE_CREATED, MODIFIED_BY, DATE_MODIFIED, VERSION, COLLECTION_NAME, DEFAULT_VALUE, DISPLAY_ON_DASHBOARD) 
            values (2062,4006,'promotionId','PROMOTION_FIELD','promotionTypeList','multiSelectQuery','com.biperf.core.domain.node.reportParameterValueChoices.allLivePromotionsWithBudget','BASICS',3,5661,sysdate,null,null,0,'promotionTypeList','show_all', 1);
        -- This filter won't be displayed on the screen. It is only used to save the chart to dashboard    
           Insert into REPORT_PARAMETER (REPORT_PARAMETER_ID, REPORT_ID, PARAMETER_NAME, PARAMETER_CM_KEY, DATABASE_COLUMN, PARAMETER_TYPE, LIST_DEFINITION, PARAMETER_GROUP, SEQUENCE_NUM, CREATED_BY, DATE_CREATED, MODIFIED_BY, DATE_MODIFIED, VERSION, COLLECTION_NAME, DEFAULT_VALUE) 
            values (2063,4006,'countryRatio','COUNTRY_RATIO','COUNTRY_RATIO','hidden',null,'Hidden',4,5661,sysdate,null,null,0,'COUNTRY_RATIO',null);
      
      --Enrollment Activity Report
    Insert into REPORT (REPORT_ID,REPORT_CODE, CM_ASSET_CODE, REPORT_NAME_CM_KEY, REPORT_CATEGORY_TYPE, MODULE, REPORT_DESCRIPTION_CM_KEY, REPORT_URL, IS_ACTIVE, CREATED_BY, DATE_CREATED, VERSION, FORCE_PARAMETERS, EXPORT_ONLY, INCLUDED_IN_PLATEAU)
          values (4007,'enrollment','report.enrollment.activity', 'REPORT_NAME', 'core', 'core', 'REPORT_DESCRIPTION', '/reports/displayEnrollmentActivityReport.do?method=displaySummaryReport', 1, 0, sysdate, 0, 0, 0, 1);
        --Enrollment Activity Charts
          Insert into REPORT_CHART (REPORT_CHART_ID, CAPTION_CM_KEY, SUBCAPTION_CM_KEY, CHART_DATA_URL, REPORT_ID, SHOW_LABELS, SHOW_LEGEND, ENABLE_SMART_LABELS, X_AXIS_NAME_CM_KEY, Y_AXIS_NAME_CM_KEY, SEQUENCE_NUM, DISPLAY_LIMIT, CREATED_BY, DATE_CREATED, VERSION, CHART_TYPE, INCLUDED_IN_PLATEAU)
               values (3032, 'TOTAL_CHART_CAPTION', 'TOTAL_CHART_SUBCAPTION', '/reports/displayEnrollmentActivityReport.do?method=displayTotalEnrollmentBarchart', 4007, 1, 1, 0, 'TOTAL_CHART_X_AXIS_NAME', 'TOTAL_CHART_Y_AXIS_NAME', 0, 20, 0, sysdate, 0, 'Column3D', 1);
        Insert into REPORT_CHART (REPORT_CHART_ID, CAPTION_CM_KEY, SUBCAPTION_CM_KEY, CHART_DATA_URL, REPORT_ID, SHOW_LABELS, SHOW_LEGEND, ENABLE_SMART_LABELS, X_AXIS_NAME_CM_KEY, Y_AXIS_NAME_CM_KEY, SEQUENCE_NUM, DISPLAY_LIMIT, CREATED_BY, DATE_CREATED, VERSION, CHART_TYPE, INCLUDED_IN_PLATEAU)
               values (3033, 'ACTIVE_CHART_CAPTION', 'ACTIVE_CHART_SUBCAPTION', '/reports/displayEnrollmentActivityReport.do?method=displayActiveInactiveBarchart', 4007, 1, 1, 0, 'ACTIVE_CHART_X_AXIS_NAME', 'ACTIVE_CHART_Y_AXIS_NAME', 1, 20, 0, sysdate, 0, 'Column3D', 1);
        Insert into REPORT_CHART (REPORT_CHART_ID, CAPTION_CM_KEY, SUBCAPTION_CM_KEY, CHART_DATA_URL, REPORT_ID, SHOW_LABELS, SHOW_LEGEND, ENABLE_SMART_LABELS, X_AXIS_NAME_CM_KEY, Y_AXIS_NAME_CM_KEY, SEQUENCE_NUM, DISPLAY_LIMIT, CREATED_BY, DATE_CREATED, VERSION, CHART_TYPE, INCLUDED_IN_PLATEAU)
               values (3034, 'STATUS_CHART_CAPTION', 'STATUS_CHART_SUBCAPTION', '/reports/displayEnrollmentActivityReport.do?method=displayEnrollmentPercentageBarchart', 4007, 1, 1, 0, 'STATUS_CHART_X_AXIS_NAME', 'STATUS_CHART_Y_AXIS_NAME', 2, 20, 0, sysdate, 0, 'StackedColumn3D', 1);
        Insert into REPORT_CHART (REPORT_CHART_ID, CAPTION_CM_KEY, SUBCAPTION_CM_KEY, CHART_DATA_URL, REPORT_ID, SHOW_LABELS, SHOW_LEGEND, ENABLE_SMART_LABELS, SHOW_PERCENT_VALUES, X_AXIS_NAME_CM_KEY, Y_AXIS_NAME_CM_KEY, SEQUENCE_NUM, DISPLAY_LIMIT, CREATED_BY, DATE_CREATED, VERSION, CHART_TYPE, INCLUDED_IN_PLATEAU)
               values (3035, 'PIE_CHART_CAPTION', 'PIE_CHART_SUBCAPTION', '/reports/displayEnrollmentActivityReport.do?method=displayPiechart', 4007, 0, 1, 0, 1, null, null, 3, 20, 0, sysdate, 0, 'Pie2D', 1);
        --Report Parameters
        Insert into REPORT_PARAMETER (REPORT_PARAMETER_ID, REPORT_ID, PARAMETER_NAME, PARAMETER_CM_KEY, DATABASE_COLUMN, PARAMETER_TYPE, LIST_DEFINITION, PARAMETER_GROUP, SEQUENCE_NUM, CREATED_BY, DATE_CREATED, MODIFIED_BY, DATE_MODIFIED, VERSION, COLLECTION_NAME, DEFAULT_VALUE, DISPLAY_ON_DASHBOARD) 
            values (2064,4007,'fromDate','START_FIELD','DATE_SUBMITTED','datePicker',null,'TIME_FRAME',0,5661,to_date('20-AUG-12','DD-MON-RR'),5661,to_date('20-AUG-12','DD-MON-RR'),0,null, '01/01/2012', 1);
        Insert into REPORT_PARAMETER (REPORT_PARAMETER_ID, REPORT_ID, PARAMETER_NAME, PARAMETER_CM_KEY, DATABASE_COLUMN, PARAMETER_TYPE, LIST_DEFINITION, PARAMETER_GROUP, SEQUENCE_NUM, CREATED_BY, DATE_CREATED, MODIFIED_BY, DATE_MODIFIED, VERSION, COLLECTION_NAME, DEFAULT_VALUE, DISPLAY_ON_DASHBOARD) 
            values (2065,4007,'toDate','END_FIELD','DATE_SUBMITTED','datePicker',null,'TIME_FRAME',1,5661,to_date('20-AUG-12','DD-MON-RR'),5661,to_date('20-AUG-12','DD-MON-RR'),0,null, '12/31/2012', 1);
        Insert into REPORT_PARAMETER (REPORT_PARAMETER_ID, REPORT_ID, PARAMETER_NAME, PARAMETER_CM_KEY, DATABASE_COLUMN, PARAMETER_TYPE, LIST_DEFINITION, PARAMETER_GROUP, SEQUENCE_NUM, CREATED_BY, DATE_CREATED, MODIFIED_BY, DATE_MODIFIED, VERSION, COLLECTION_NAME, DEFAULT_VALUE, DISPLAY_ON_DASHBOARD) 
            values (2066,4007,'parentNodeId','ORG_NAME','organizationList','selectQuery','com.biperf.core.domain.node.processParameterValueChoices.NodesAsHierarchyByUser','PARTICIPANTS',2,5661,to_date('20-AUG-12','DD-MON-RR'),5661,to_date('20-AUG-12','DD-MON-RR'),0,'organizationList','show_all', 1);
        Insert into REPORT_PARAMETER (REPORT_PARAMETER_ID, REPORT_ID, PARAMETER_NAME, PARAMETER_CM_KEY, DATABASE_COLUMN, PARAMETER_TYPE, LIST_DEFINITION, PARAMETER_GROUP, SEQUENCE_NUM, CREATED_BY, DATE_CREATED, MODIFIED_BY, DATE_MODIFIED, VERSION, COLLECTION_NAME, DEFAULT_VALUE) 
            values (2067,4007,'department','DEPARTMENT_FIELD','departmentTypeList','multiSelectPick','picklist.department.type','PARTICIPANTS',3,5661,to_date('20-AUG-12','DD-MON-RR'),5661,to_date('20-AUG-12','DD-MON-RR'),0,'departmentTypeList','show_all');
        Insert into REPORT_PARAMETER (REPORT_PARAMETER_ID, REPORT_ID, PARAMETER_NAME, PARAMETER_CM_KEY, DATABASE_COLUMN, PARAMETER_TYPE, LIST_DEFINITION, PARAMETER_GROUP, SEQUENCE_NUM, CREATED_BY, DATE_CREATED, MODIFIED_BY, DATE_MODIFIED, VERSION, COLLECTION_NAME, DEFAULT_VALUE) 
            values (2068,4007,'jobPosition','JOB_POSITION_FIELD','positionTypeList','selectPicklist','picklist.positiontype','PARTICIPANTS',4,5661,to_date('20-AUG-12','DD-MON-RR'),5661,to_date('20-AUG-12','DD-MON-RR'),0,'jobPositionTypeList','show_all');
        Insert into REPORT_PARAMETER (REPORT_PARAMETER_ID, REPORT_ID, PARAMETER_NAME, PARAMETER_CM_KEY, DATABASE_COLUMN, PARAMETER_TYPE, LIST_DEFINITION, PARAMETER_GROUP, SEQUENCE_NUM, CREATED_BY, DATE_CREATED, MODIFIED_BY, DATE_MODIFIED, VERSION, COLLECTION_NAME, DEFAULT_VALUE) 
            values (2069,4007,'role','ROLE','roleTypeList','selectPicklist','picklist.hierarchyrole.type','PARTICIPANTS',5,5661,to_date('20-AUG-12','DD-MON-RR'),5661,to_date('20-AUG-12','DD-MON-RR'),0,'roleTypeList','show_all');
        Insert into REPORT_PARAMETER (REPORT_PARAMETER_ID, REPORT_ID, PARAMETER_NAME, PARAMETER_CM_KEY, DATABASE_COLUMN, PARAMETER_TYPE, LIST_DEFINITION, PARAMETER_GROUP, SEQUENCE_NUM, CREATED_BY, DATE_CREATED, MODIFIED_BY, DATE_MODIFIED, VERSION, COLLECTION_NAME, DEFAULT_VALUE) 
            values (2070,4007,'participantStatus','PARTICIPANT_STATUS_FIELD','participantStatusList','selectPicklist','picklist.participantstatus','PARTICIPANTS',6,5661,to_date('20-AUG-12','DD-MON-RR'),5661,to_date('20-AUG-12','DD-MON-RR'),0,'participantStatusList','show_all');
        Insert into REPORT_PARAMETER (REPORT_PARAMETER_ID, REPORT_ID, PARAMETER_NAME, PARAMETER_CM_KEY, DATABASE_COLUMN, PARAMETER_TYPE, LIST_DEFINITION, PARAMETER_GROUP, SEQUENCE_NUM, CREATED_BY, DATE_CREATED, MODIFIED_BY, DATE_MODIFIED, VERSION, COLLECTION_NAME, DEFAULT_VALUE) 
            values (2071,4007,'countryId','COUNTRY_FIELD','countryList','multiSelectQuery','com.biperf.core.domain.country.processParameterValueChoices.allLiveCountries','PARTICIPANTS',7,5661,to_date('20-AUG-12','DD-MON-RR'),5661,to_date('20-AUG-12','DD-MON-RR'),0,'countryList','show_all');
            
      --Nominations - List of Nominees Report    
      Insert into REPORT (REPORT_ID,REPORT_CODE, CM_ASSET_CODE,REPORT_NAME_CM_KEY,REPORT_CATEGORY_TYPE,MODULE,REPORT_DESCRIPTION_CM_KEY,REPORT_URL,IS_ACTIVE,CREATED_BY,DATE_CREATED,MODIFIED_BY,DATE_MODIFIED,VERSION, FORCE_PARAMETERS, EXPORT_ONLY, INCLUDED_IN_PLATEAU) 
          values (4009,'nomReceiverSummary','report.nomination.receivers','REPORT_NAME','nomination','install.nominations','REPORT_DESCRIPTION','/reports/displayNominationReceiverReport.do?method=displaySummaryReport',1,0,sysdate,null,null,0, 0, 0, 0);
        --Nomination Receivers Chart
        Insert into REPORT_CHART (REPORT_CHART_ID, CAPTION_CM_KEY, SUBCAPTION_CM_KEY, CHART_DATA_URL, REPORT_ID, SHOW_LABELS, SHOW_LEGEND, ENABLE_SMART_LABELS, X_AXIS_NAME_CM_KEY, Y_AXIS_NAME_CM_KEY, SEQUENCE_NUM, DISPLAY_LIMIT, CREATED_BY, DATE_CREATED, VERSION, CHART_TYPE, INCLUDED_IN_PLATEAU)
            values (3038, 'NOMINEES_CHART_CAPTION', 'NOMINEES_CHART_SUBCAPTION', '/reports/displayNominationReceiverReport.do?method=displayNominationsTopNominee', 4009, 1, 0, 0, 'NOMINEES_CHART_X_AXIS_NAME', 'NOMINEES_CHART_Y_AXIS_NAME', 0, 20, 0, sysdate, 0, 'Column3D', 0);
        --Report Parameters
        Insert into REPORT_PARAMETER (REPORT_PARAMETER_ID, REPORT_ID, PARAMETER_NAME, PARAMETER_CM_KEY, DATABASE_COLUMN, PARAMETER_TYPE, LIST_DEFINITION, PARAMETER_GROUP, SEQUENCE_NUM, CREATED_BY, DATE_CREATED, MODIFIED_BY, DATE_MODIFIED, VERSION, COLLECTION_NAME, DEFAULT_VALUE, DISPLAY_ON_DASHBOARD) 
            values (2082,4009,'promotionId','PROMOTION_FIELD','promotionTypeList','multiSelectQuery','com.biperf.core.domain.node.reportParameterValueChoices.allLiveNominationPromotions','BASICS',0,5661,to_date('20-AUG-12','DD-MON-RR'),5661,to_date('20-AUG-12','DD-MON-RR'),0,'promotionTypeList','show_all', 1);
        Insert into REPORT_PARAMETER (REPORT_PARAMETER_ID, REPORT_ID, PARAMETER_NAME, PARAMETER_CM_KEY, DATABASE_COLUMN, PARAMETER_TYPE, LIST_DEFINITION, PARAMETER_GROUP, SEQUENCE_NUM, CREATED_BY, DATE_CREATED, MODIFIED_BY, DATE_MODIFIED, VERSION, COLLECTION_NAME, DEFAULT_VALUE, DISPLAY_ON_DASHBOARD) 
            values (2083,4009,'fromDate','START_FIELD','DATE_SUBMITTED','datePicker',null,'TIME_FRAME',1,5661,to_date('20-AUG-12','DD-MON-RR'),5661,to_date('20-AUG-12','DD-MON-RR'),0,null, '01/01/2012', 1);
        Insert into REPORT_PARAMETER (REPORT_PARAMETER_ID, REPORT_ID, PARAMETER_NAME, PARAMETER_CM_KEY, DATABASE_COLUMN, PARAMETER_TYPE, LIST_DEFINITION, PARAMETER_GROUP, SEQUENCE_NUM, CREATED_BY, DATE_CREATED, MODIFIED_BY, DATE_MODIFIED, VERSION, COLLECTION_NAME, DEFAULT_VALUE, DISPLAY_ON_DASHBOARD) 
            values (2084,4009,'toDate','END_FIELD','DATE_SUBMITTED','datePicker',null,'TIME_FRAME',2,5661,to_date('20-AUG-12','DD-MON-RR'),5661,to_date('20-AUG-12','DD-MON-RR'),0,null, '12/31/2012', 1);
        Insert into REPORT_PARAMETER (REPORT_PARAMETER_ID, REPORT_ID, PARAMETER_NAME, PARAMETER_CM_KEY, DATABASE_COLUMN, PARAMETER_TYPE, LIST_DEFINITION, PARAMETER_GROUP, SEQUENCE_NUM, CREATED_BY, DATE_CREATED, MODIFIED_BY, DATE_MODIFIED, VERSION, COLLECTION_NAME, DEFAULT_VALUE, DISPLAY_ON_DASHBOARD) 
            values (2085,4009,'parentNodeId','ORG_NAME','organizationList','multiSelectQuery','com.biperf.core.domain.node.processParameterValueChoices.NodesAsHierarchyByUser','PARTICIPANTS',3,5661,to_date('20-AUG-12','DD-MON-RR'),5661,to_date('20-AUG-12','DD-MON-RR'),0,'organizationList','show_all', 1);
        Insert into REPORT_PARAMETER (REPORT_PARAMETER_ID, REPORT_ID, PARAMETER_NAME, PARAMETER_CM_KEY, DATABASE_COLUMN, PARAMETER_TYPE, LIST_DEFINITION, PARAMETER_GROUP, SEQUENCE_NUM, CREATED_BY, DATE_CREATED, MODIFIED_BY, DATE_MODIFIED, VERSION, COLLECTION_NAME, DEFAULT_VALUE) 
            values (2086,4009,'department','DEPARTMENT_FIELD','departmentTypeList','multiSelectPick','picklist.department.type','PARTICIPANTS',4,5661,to_date('20-AUG-12','DD-MON-RR'),5661,to_date('20-AUG-12','DD-MON-RR'),0,'departmentTypeList','show_all');
        Insert into REPORT_PARAMETER (REPORT_PARAMETER_ID, REPORT_ID, PARAMETER_NAME, PARAMETER_CM_KEY, DATABASE_COLUMN, PARAMETER_TYPE, LIST_DEFINITION, PARAMETER_GROUP, SEQUENCE_NUM, CREATED_BY, DATE_CREATED, MODIFIED_BY, DATE_MODIFIED, VERSION, COLLECTION_NAME, DEFAULT_VALUE) 
            values (2087,4009,'jobPosition','JOB_POSITION_FIELD','positionTypeList','multiSelectPick','picklist.positiontype','PARTICIPANTS',5,5661,to_date('20-AUG-12','DD-MON-RR'),5661,to_date('20-AUG-12','DD-MON-RR'),0,'jobPositionTypeList','show_all');
        Insert into REPORT_PARAMETER (REPORT_PARAMETER_ID, REPORT_ID, PARAMETER_NAME, PARAMETER_CM_KEY, DATABASE_COLUMN, PARAMETER_TYPE, LIST_DEFINITION, PARAMETER_GROUP, SEQUENCE_NUM, CREATED_BY, DATE_CREATED, MODIFIED_BY, DATE_MODIFIED, VERSION, COLLECTION_NAME, DEFAULT_VALUE) 
            values (2088,4009,'participantStatus','PARTICIPANT_STATUS_FIELD','participantStatusList','selectPicklist','picklist.participantstatus','PARTICIPANTS',6,5661,to_date('20-AUG-12','DD-MON-RR'),5661,to_date('20-AUG-12','DD-MON-RR'),0,'participantStatusList','active');
        Insert into REPORT_PARAMETER (REPORT_PARAMETER_ID, REPORT_ID, PARAMETER_NAME, PARAMETER_CM_KEY, DATABASE_COLUMN, PARAMETER_TYPE, LIST_DEFINITION, PARAMETER_GROUP, SEQUENCE_NUM, CREATED_BY, DATE_CREATED, MODIFIED_BY, DATE_MODIFIED, VERSION, COLLECTION_NAME, DEFAULT_VALUE) 
            values (2090,4009,'countryId','COUNTRY_FIELD','countryList','multiSelectQuery','com.biperf.core.domain.country.processParameterValueChoices.allLiveCountries','PARTICIPANTS',7,5661,to_date('20-AUG-12','DD-MON-RR'),5661,to_date('20-AUG-12','DD-MON-RR'),0,'countryList','show_all');
		Insert into REPORT_PARAMETER (REPORT_PARAMETER_ID, REPORT_ID, PARAMETER_NAME, PARAMETER_CM_KEY, DATABASE_COLUMN, PARAMETER_TYPE, LIST_DEFINITION, PARAMETER_GROUP, SEQUENCE_NUM, CREATED_BY, DATE_CREATED, MODIFIED_BY, DATE_MODIFIED, VERSION, COLLECTION_NAME, DEFAULT_VALUE, HIDE_SHOW_ALL_OPTION) 
            values (3159,4009,'nomCommentAvailable','NOM_COMMENT_AVBL_FIELD','nomCommentAvailableList','selectPicklist','picklist.nominationcomment.available.type','EXPORT_SELECTION',8,5661,to_date('20-AUG-12','DD-MON-RR'),5661,to_date('20-AUG-12','DD-MON-RR'),0,'nomCommentAvailableList','no', 1);

      --Nomination - List Of Nominators Report 
      Insert into REPORT (REPORT_ID,REPORT_CODE, CM_ASSET_CODE,REPORT_NAME_CM_KEY,REPORT_CATEGORY_TYPE,MODULE,REPORT_DESCRIPTION_CM_KEY,REPORT_URL,IS_ACTIVE,CREATED_BY,DATE_CREATED,MODIFIED_BY,DATE_MODIFIED,VERSION, FORCE_PARAMETERS, EXPORT_ONLY, INCLUDED_IN_PLATEAU) 
          values (4011,'nomGiverSummary','report.nomination.givers','REPORT_NAME','nomination','install.nominations','REPORT_DESCRIPTION','/reports/displayNominationGiverReport.do?method=displaySummaryReport',1,0,sysdate,null,null,0, 0, 0, 0);
        --Nomination Giver Summary Charts          
        Insert into REPORT_CHART (REPORT_CHART_ID, CAPTION_CM_KEY, SUBCAPTION_CM_KEY, CHART_DATA_URL, REPORT_ID, SHOW_LABELS, SHOW_LEGEND, ENABLE_SMART_LABELS, X_AXIS_NAME_CM_KEY, Y_AXIS_NAME_CM_KEY, SEQUENCE_NUM, DISPLAY_LIMIT, CREATED_BY, DATE_CREATED, VERSION, CHART_TYPE, INCLUDED_IN_PLATEAU)
            values (3045, 'NOMINATORS_CHART_CAPTION', 'NOMINATORS_CHART_SUBCAPTION', '/reports/displayNominationGiverReport.do?method=displayTopNominatorsChart', 4011, 1, 1, 0, 'NOMINATORS_CHART_X_AXIS_NAME', 'NOMINATORS_CHART_Y_AXIS_NAME', 0, 20, 0, sysdate, 0, 'Column3D', 0);
        --Report Parameters
        Insert into REPORT_PARAMETER (REPORT_PARAMETER_ID, REPORT_ID, PARAMETER_NAME, PARAMETER_CM_KEY, DATABASE_COLUMN, PARAMETER_TYPE, LIST_DEFINITION, PARAMETER_GROUP, SEQUENCE_NUM, CREATED_BY, DATE_CREATED, MODIFIED_BY, DATE_MODIFIED, VERSION, COLLECTION_NAME, DEFAULT_VALUE, DISPLAY_ON_DASHBOARD) 
            values (2102,4011,'promotionId','PROMOTION_FIELD','promotionTypeList','multiSelectQuery','com.biperf.core.domain.node.reportParameterValueChoices.allLiveNominationPromotions','BASICS',0,5661,to_date('20-AUG-12','DD-MON-RR'),5661,to_date('20-AUG-12','DD-MON-RR'),0,'promotionTypeList','show_all', 1);
        Insert into REPORT_PARAMETER (REPORT_PARAMETER_ID, REPORT_ID, PARAMETER_NAME, PARAMETER_CM_KEY, DATABASE_COLUMN, PARAMETER_TYPE, LIST_DEFINITION, PARAMETER_GROUP, SEQUENCE_NUM, CREATED_BY, DATE_CREATED, MODIFIED_BY, DATE_MODIFIED, VERSION, COLLECTION_NAME, DEFAULT_VALUE, DISPLAY_ON_DASHBOARD) 
            values (2103,4011,'fromDate','START_FIELD','DATE_SUBMITTED','datePicker',null,'TIME_FRAME',1,5661,to_date('20-AUG-12','DD-MON-RR'),5661,to_date('20-AUG-12','DD-MON-RR'),0,null, '01/01/2012', 1);
        Insert into REPORT_PARAMETER (REPORT_PARAMETER_ID, REPORT_ID, PARAMETER_NAME, PARAMETER_CM_KEY, DATABASE_COLUMN, PARAMETER_TYPE, LIST_DEFINITION, PARAMETER_GROUP, SEQUENCE_NUM, CREATED_BY, DATE_CREATED, MODIFIED_BY, DATE_MODIFIED, VERSION, COLLECTION_NAME, DEFAULT_VALUE, DISPLAY_ON_DASHBOARD) 
            values (2104,4011,'toDate','END_FIELD','DATE_SUBMITTED','datePicker',null,'TIME_FRAME',2,5661,to_date('20-AUG-12','DD-MON-RR'),5661,to_date('20-AUG-12','DD-MON-RR'),0,null, '12/31/2012', 1);
        Insert into REPORT_PARAMETER (REPORT_PARAMETER_ID, REPORT_ID, PARAMETER_NAME, PARAMETER_CM_KEY, DATABASE_COLUMN, PARAMETER_TYPE, LIST_DEFINITION, PARAMETER_GROUP, SEQUENCE_NUM, CREATED_BY, DATE_CREATED, MODIFIED_BY, DATE_MODIFIED, VERSION, COLLECTION_NAME, DEFAULT_VALUE, DISPLAY_ON_DASHBOARD) 
            values (2105,4011,'parentNodeId','ORG_NAME','organizationList','multiSelectQuery','com.biperf.core.domain.node.processParameterValueChoices.NodesAsHierarchyByUser','PARTICIPANTS',3,5661,to_date('20-AUG-12','DD-MON-RR'),5661,to_date('20-AUG-12','DD-MON-RR'),0,'organizationList','show_all', 1);
        Insert into REPORT_PARAMETER (REPORT_PARAMETER_ID, REPORT_ID, PARAMETER_NAME, PARAMETER_CM_KEY, DATABASE_COLUMN, PARAMETER_TYPE, LIST_DEFINITION, PARAMETER_GROUP, SEQUENCE_NUM, CREATED_BY, DATE_CREATED, MODIFIED_BY, DATE_MODIFIED, VERSION, COLLECTION_NAME, DEFAULT_VALUE) 
            values (2106,4011,'department','DEPARTMENT_FIELD','departmentTypeList','multiSelectPick','picklist.department.type','PARTICIPANTS',4,5661,to_date('20-AUG-12','DD-MON-RR'),5661,to_date('20-AUG-12','DD-MON-RR'),0,'departmentTypeList','show_all');
        Insert into REPORT_PARAMETER (REPORT_PARAMETER_ID, REPORT_ID, PARAMETER_NAME, PARAMETER_CM_KEY, DATABASE_COLUMN, PARAMETER_TYPE, LIST_DEFINITION, PARAMETER_GROUP, SEQUENCE_NUM, CREATED_BY, DATE_CREATED, MODIFIED_BY, DATE_MODIFIED, VERSION, COLLECTION_NAME, DEFAULT_VALUE) 
            values (2107,4011,'jobPosition','JOB_POSITION_FIELD','positionTypeList','multiSelectPick','picklist.positiontype','PARTICIPANTS',5,5661,to_date('20-AUG-12','DD-MON-RR'),5661,to_date('20-AUG-12','DD-MON-RR'),0,'jobPositionTypeList','show_all');
        Insert into REPORT_PARAMETER (REPORT_PARAMETER_ID, REPORT_ID, PARAMETER_NAME, PARAMETER_CM_KEY, DATABASE_COLUMN, PARAMETER_TYPE, LIST_DEFINITION, PARAMETER_GROUP, SEQUENCE_NUM, CREATED_BY, DATE_CREATED, MODIFIED_BY, DATE_MODIFIED, VERSION, COLLECTION_NAME, DEFAULT_VALUE) 
            values (2108,4011,'participantStatus','PARTICIPANT_STATUS_FIELD','participantStatusList','selectPicklist','picklist.participantstatus','PARTICIPANTS',6,5661,to_date('20-AUG-12','DD-MON-RR'),5661,to_date('20-AUG-12','DD-MON-RR'),0,'participantStatusList','active');
        Insert into REPORT_PARAMETER (REPORT_PARAMETER_ID, REPORT_ID, PARAMETER_NAME, PARAMETER_CM_KEY, DATABASE_COLUMN, PARAMETER_TYPE, LIST_DEFINITION, PARAMETER_GROUP, SEQUENCE_NUM, CREATED_BY, DATE_CREATED, MODIFIED_BY, DATE_MODIFIED, VERSION, COLLECTION_NAME, DEFAULT_VALUE) 
            values (2110,4011,'countryId','COUNTRY_FIELD','countryList','multiSelectQuery','com.biperf.core.domain.country.processParameterValueChoices.allLiveCountries','PARTICIPANTS',7,5661,to_date('20-AUG-12','DD-MON-RR'),5661,to_date('20-AUG-12','DD-MON-RR'),0,'countryList','show_all');
		Insert into REPORT_PARAMETER (REPORT_PARAMETER_ID, REPORT_ID, PARAMETER_NAME, PARAMETER_CM_KEY, DATABASE_COLUMN, PARAMETER_TYPE, LIST_DEFINITION, PARAMETER_GROUP, SEQUENCE_NUM, CREATED_BY, DATE_CREATED, MODIFIED_BY, DATE_MODIFIED, VERSION, COLLECTION_NAME, DEFAULT_VALUE, HIDE_SHOW_ALL_OPTION) 
            values (3161,4011,'nomCommentAvailable','NOM_COMMENT_AVBL_FIELD','nomCommentAvailableList','selectPicklist','picklist.nominationcomment.available.type','EXPORT_SELECTION',8,5661,to_date('20-AUG-12','DD-MON-RR'),5661,to_date('20-AUG-12','DD-MON-RR'),0,'nomCommentAvailableList','no', 1);
      
      --Nomination Activity By Org Report 
      Insert into REPORT (REPORT_ID,REPORT_CODE, CM_ASSET_CODE,REPORT_NAME_CM_KEY,REPORT_CATEGORY_TYPE,MODULE,REPORT_DESCRIPTION_CM_KEY,REPORT_URL,IS_ACTIVE,CREATED_BY,DATE_CREATED,MODIFIED_BY,DATE_MODIFIED,VERSION, FORCE_PARAMETERS, EXPORT_ONLY, INCLUDED_IN_PLATEAU) 
          values (4012,'nomGivenByOrg','report.nomination.givenbyorg','REPORT_NAME','nomination','install.nominations','REPORT_DESCRIPTION','/reports/displayNominationGivenByOrgReport.do?method=displaySummaryReport',1,0,sysdate,null,null,0, 0, 0, 0);
        --Nomination Given by Org Charts          
        Insert into REPORT_CHART (REPORT_CHART_ID, CAPTION_CM_KEY, SUBCAPTION_CM_KEY, CHART_DATA_URL, REPORT_ID, SHOW_LABELS, SHOW_LEGEND, ENABLE_SMART_LABELS, X_AXIS_NAME_CM_KEY, Y_AXIS_NAME_CM_KEY, SEQUENCE_NUM, DISPLAY_LIMIT, CREATED_BY, DATE_CREATED, VERSION, CHART_TYPE, INCLUDED_IN_PLATEAU)
            values (3050, 'NOMINATORS_CHART_CAPTION', 'NOMINATORS_CHART_SUBCAPTION', '/reports/displayNominationGivenByOrgReport.do?method=displayNominatorsByOrgBarChart', 4012, 1, 1, 0, 'NOMINATORS_CHART_X_AXIS_NAME', 'NOMINATORS_CHART_Y_AXIS_NAME', 0, 20, 0, sysdate, 0, 'Column3D', 0);
        Insert into REPORT_CHART (REPORT_CHART_ID, CAPTION_CM_KEY, SUBCAPTION_CM_KEY, CHART_DATA_URL, REPORT_ID, SHOW_LABELS, SHOW_LEGEND, ENABLE_SMART_LABELS, X_AXIS_NAME_CM_KEY, Y_AXIS_NAME_CM_KEY, SEQUENCE_NUM, DISPLAY_LIMIT, CREATED_BY, DATE_CREATED, VERSION, CHART_TYPE, INCLUDED_IN_PLATEAU)
            values (3051, 'NOMINEES_CHART_CAPTION', 'NOMINEES_CHART_SUBCAPTION', '/reports/displayNominationGivenByOrgReport.do?method=displayNomineesByOrgBarChart', 4012, 1, 1, 0, 'NOMINEES_CHART_X_AXIS_NAME', 'NOMINEES_CHART_Y_AXIS_NAME', 1, 20, 0, sysdate, 0, 'Column3D', 0);
        Insert into REPORT_CHART (REPORT_CHART_ID, CAPTION_CM_KEY, SUBCAPTION_CM_KEY, CHART_DATA_URL, REPORT_ID, SHOW_LABELS, SHOW_LEGEND, ENABLE_SMART_LABELS, X_AXIS_NAME_CM_KEY, Y_AXIS_NAME_CM_KEY, SEQUENCE_NUM, DISPLAY_LIMIT, CREATED_BY, DATE_CREATED, VERSION, CHART_TYPE, INCLUDED_IN_PLATEAU)
            values (3052, 'MONTHLY_CHART_CAPTION', 'MONTHLY_CHART_SUBCAPTION', '/reports/displayNominationGivenByOrgReport.do?method=displayNominationsByMonthBarChart', 4012, 1, 1, 0, 'MONTHLY_CHART_X_AXIS_NAME', 'MONTHLY_CHART_Y_AXIS_NAME', 2, 20, 0, sysdate, 0, 'MSColumn3D', 0);    

        --Report Parameters
        Insert into REPORT_PARAMETER (REPORT_PARAMETER_ID, REPORT_ID, PARAMETER_NAME, PARAMETER_CM_KEY, DATABASE_COLUMN, PARAMETER_TYPE, LIST_DEFINITION, PARAMETER_GROUP, SEQUENCE_NUM, CREATED_BY, DATE_CREATED, MODIFIED_BY, DATE_MODIFIED, VERSION, COLLECTION_NAME, DEFAULT_VALUE, DISPLAY_ON_DASHBOARD) 
            values (2112,4012,'promotionId','PROMOTION_FIELD','promotionTypeList','multiSelectQuery','com.biperf.core.domain.node.reportParameterValueChoices.allLiveNominationPromotions','BASICS',0,5661,to_date('20-AUG-12','DD-MON-RR'),5661,to_date('20-AUG-12','DD-MON-RR'),0,'promotionTypeList','show_all', 1);
        Insert into REPORT_PARAMETER (REPORT_PARAMETER_ID, REPORT_ID, PARAMETER_NAME, PARAMETER_CM_KEY, DATABASE_COLUMN, PARAMETER_TYPE, LIST_DEFINITION, PARAMETER_GROUP, SEQUENCE_NUM, CREATED_BY, DATE_CREATED, MODIFIED_BY, DATE_MODIFIED, VERSION, COLLECTION_NAME, DEFAULT_VALUE, DISPLAY_ON_DASHBOARD) 
            values (2113,4012,'fromDate','START_FIELD','DATE_SUBMITTED','datePicker',null,'TIME_FRAME',1,5661,to_date('20-AUG-12','DD-MON-RR'),5661,to_date('20-AUG-12','DD-MON-RR'),0,null, '01/01/2012', 1);
        Insert into REPORT_PARAMETER (REPORT_PARAMETER_ID, REPORT_ID, PARAMETER_NAME, PARAMETER_CM_KEY, DATABASE_COLUMN, PARAMETER_TYPE, LIST_DEFINITION, PARAMETER_GROUP, SEQUENCE_NUM, CREATED_BY, DATE_CREATED, MODIFIED_BY, DATE_MODIFIED, VERSION, COLLECTION_NAME, DEFAULT_VALUE, DISPLAY_ON_DASHBOARD) 
            values (2114,4012,'toDate','END_FIELD','DATE_SUBMITTED','datePicker',null,'TIME_FRAME',2,5661,to_date('20-AUG-12','DD-MON-RR'),5661,to_date('20-AUG-12','DD-MON-RR'),0,null, '12/31/2012', 1);
        Insert into REPORT_PARAMETER (REPORT_PARAMETER_ID, REPORT_ID, PARAMETER_NAME, PARAMETER_CM_KEY, DATABASE_COLUMN, PARAMETER_TYPE, LIST_DEFINITION, PARAMETER_GROUP, SEQUENCE_NUM, CREATED_BY, DATE_CREATED, MODIFIED_BY, DATE_MODIFIED, VERSION, COLLECTION_NAME, DEFAULT_VALUE, DISPLAY_ON_DASHBOARD) 
            values (2115,4012,'parentNodeId','ORG_NAME','organizationList','selectQuery','com.biperf.core.domain.node.processParameterValueChoices.NodesAsHierarchyByUser','PARTICIPANTS',3,5661,to_date('20-AUG-12','DD-MON-RR'),5661,to_date('20-AUG-12','DD-MON-RR'),0,'organizationList','show_all', 1);
        Insert into REPORT_PARAMETER (REPORT_PARAMETER_ID, REPORT_ID, PARAMETER_NAME, PARAMETER_CM_KEY, DATABASE_COLUMN, PARAMETER_TYPE, LIST_DEFINITION, PARAMETER_GROUP, SEQUENCE_NUM, CREATED_BY, DATE_CREATED, MODIFIED_BY, DATE_MODIFIED, VERSION, COLLECTION_NAME, DEFAULT_VALUE) 
            values (2116,4012,'department','DEPARTMENT_FIELD','departmentTypeList','multiSelectPick','picklist.department.type','PARTICIPANTS',4,5661,to_date('20-AUG-12','DD-MON-RR'),5661,to_date('20-AUG-12','DD-MON-RR'),0,'departmentTypeList','show_all');
        Insert into REPORT_PARAMETER (REPORT_PARAMETER_ID, REPORT_ID, PARAMETER_NAME, PARAMETER_CM_KEY, DATABASE_COLUMN, PARAMETER_TYPE, LIST_DEFINITION, PARAMETER_GROUP, SEQUENCE_NUM, CREATED_BY, DATE_CREATED, MODIFIED_BY, DATE_MODIFIED, VERSION, COLLECTION_NAME, DEFAULT_VALUE) 
            values (2117,4012,'jobPosition','JOB_POSITION_FIELD','positionTypeList','selectPicklist','picklist.positiontype','PARTICIPANTS',5,5661,to_date('20-AUG-12','DD-MON-RR'),5661,to_date('20-AUG-12','DD-MON-RR'),0,'jobPositionTypeList','show_all');
        Insert into REPORT_PARAMETER (REPORT_PARAMETER_ID, REPORT_ID, PARAMETER_NAME, PARAMETER_CM_KEY, DATABASE_COLUMN, PARAMETER_TYPE, LIST_DEFINITION, PARAMETER_GROUP, SEQUENCE_NUM, CREATED_BY, DATE_CREATED, MODIFIED_BY, DATE_MODIFIED, VERSION, COLLECTION_NAME, DEFAULT_VALUE) 
            values (2118,4012,'participantStatus','PARTICIPANT_STATUS_FIELD','participantStatusList','selectPicklist','picklist.participantstatus','PARTICIPANTS',6,5661,to_date('20-AUG-12','DD-MON-RR'),5661,to_date('20-AUG-12','DD-MON-RR'),0,'participantStatusList','active');
        Insert into REPORT_PARAMETER (REPORT_PARAMETER_ID, REPORT_ID, PARAMETER_NAME, PARAMETER_CM_KEY, DATABASE_COLUMN, PARAMETER_TYPE, LIST_DEFINITION, PARAMETER_GROUP, SEQUENCE_NUM, CREATED_BY, DATE_CREATED, MODIFIED_BY, DATE_MODIFIED, VERSION, COLLECTION_NAME, DEFAULT_VALUE) 
            values (2120,4012,'countryId','COUNTRY_FIELD','countryList','multiSelectQuery','com.biperf.core.domain.country.processParameterValueChoices.allLiveCountries','PARTICIPANTS',7,5661,to_date('20-AUG-12','DD-MON-RR'),5661,to_date('20-AUG-12','DD-MON-RR'),0,'countryList','show_all');
        Insert into REPORT_PARAMETER (REPORT_PARAMETER_ID, REPORT_ID, PARAMETER_NAME, PARAMETER_CM_KEY, DATABASE_COLUMN, PARAMETER_TYPE, LIST_DEFINITION, PARAMETER_GROUP, SEQUENCE_NUM, CREATED_BY, DATE_CREATED, MODIFIED_BY, DATE_MODIFIED, VERSION, COLLECTION_NAME, DEFAULT_VALUE, HIDE_SHOW_ALL_OPTION) 
            values (3162,4012,'nomCommentAvailable','NOM_COMMENT_AVBL_FIELD','nomCommentAvailableList','selectPicklist','picklist.nominationcomment.available.type','EXPORT_SELECTION',8,5661,to_date('20-AUG-12','DD-MON-RR'),5661,to_date('20-AUG-12','DD-MON-RR'),0,'nomCommentAvailableList','no', 1);
            
      --Recognition Purl Activity Report 
      Insert into REPORT (REPORT_ID,REPORT_CODE, CM_ASSET_CODE,REPORT_NAME_CM_KEY,REPORT_CATEGORY_TYPE,MODULE,REPORT_DESCRIPTION_CM_KEY,REPORT_URL,IS_ACTIVE,CREATED_BY,DATE_CREATED,MODIFIED_BY,DATE_MODIFIED,VERSION, FORCE_PARAMETERS, EXPORT_ONLY, INCLUDED_IN_PLATEAU) 
          values (4013,'recPurlActivity','report.recognition.purlactivity','REPORT_NAME','recognition','install.recognition','REPORT_DESCRIPTION','/reports/displayRecognitionPurlActivityReport.do?method=displaySummaryReport',1,0,sysdate,null,null,0, 0, 0, 0);
        --Nomination Giver Summary Charts          
        Insert into REPORT_CHART (REPORT_CHART_ID, CAPTION_CM_KEY, SUBCAPTION_CM_KEY, CHART_DATA_URL, REPORT_ID, SHOW_LABELS, SHOW_LEGEND, ENABLE_SMART_LABELS, X_AXIS_NAME_CM_KEY, Y_AXIS_NAME_CM_KEY, SEQUENCE_NUM, DISPLAY_LIMIT, CREATED_BY, DATE_CREATED, VERSION, CHART_TYPE, INCLUDED_IN_PLATEAU)
            values (3053, 'PURL_ACTIVITY_CHART_CAPTION', 'PURL_ACTIVITY_CHART_SUBCAPTION', '/reports/displayRecognitionPurlActivityReport.do?method=displayPurlActivityChart', 4013, 1, 1, 0, null, null, 0, 20, 5661, sysdate, 0, 'MSColumn3D', 0);
        Insert into REPORT_CHART (REPORT_CHART_ID, CAPTION_CM_KEY, SUBCAPTION_CM_KEY, CHART_DATA_URL, REPORT_ID, SHOW_LABELS, SHOW_LEGEND, ENABLE_SMART_LABELS, X_AXIS_NAME_CM_KEY, Y_AXIS_NAME_CM_KEY, SEQUENCE_NUM, DISPLAY_LIMIT, CREATED_BY, DATE_CREATED, VERSION, CHART_TYPE, INCLUDED_IN_PLATEAU)
            values (3054, 'OVERALL_CONTRIBUTORS_CHART_CAPTION', 'OVERALL_CONTRIBUTORS_CHART_SUBCAPTION', '/reports/displayRecognitionPurlActivityReport.do?method=displayOverallContributorsChart', 4013, 1, 1, 0, null, null, 1, 20, 5661, sysdate, 0, 'Bar2D', 0);
        Insert into REPORT_CHART (REPORT_CHART_ID, CAPTION_CM_KEY, SUBCAPTION_CM_KEY, CHART_DATA_URL, REPORT_ID, SHOW_LABELS, SHOW_LEGEND, ENABLE_SMART_LABELS, X_AXIS_NAME_CM_KEY, Y_AXIS_NAME_CM_KEY, SEQUENCE_NUM, DISPLAY_LIMIT, CREATED_BY, DATE_CREATED, VERSION, CHART_TYPE, INCLUDED_IN_PLATEAU)
            values (3055, 'PURL_RECIPIENTS_CHART_CAPTION', 'PURL_RECIPIENTS_CHART_SUBCAPTION', '/reports/displayRecognitionPurlActivityReport.do?method=displayPurlRecipientsChart', 4013, 1, 1, 0, null, null, 2, 20, 5661, sysdate, 0, 'Column3D', 0);
        --Report Parameters
        Insert into REPORT_PARAMETER (REPORT_PARAMETER_ID, REPORT_ID, PARAMETER_NAME, PARAMETER_CM_KEY, DATABASE_COLUMN, PARAMETER_TYPE, LIST_DEFINITION, PARAMETER_GROUP, SEQUENCE_NUM, CREATED_BY, DATE_CREATED, MODIFIED_BY, DATE_MODIFIED, VERSION, COLLECTION_NAME, DEFAULT_VALUE) 
            values (2121,4013,'promotionStatus','PROMOTION_STATUS_FIELD','reportPromotionStatusTypeList','selectPicklist','picklist.reportpromotion.statustype','BASICS',0,5661,to_date('20-AUG-12','DD-MON-RR'),5661,to_date('20-AUG-12','DD-MON-RR'),0,'reportPromotionStatusTypeList','live');
        Insert into REPORT_PARAMETER (REPORT_PARAMETER_ID, REPORT_ID, PARAMETER_NAME, PARAMETER_CM_KEY, DATABASE_COLUMN, PARAMETER_TYPE, LIST_DEFINITION, PARAMETER_GROUP, SEQUENCE_NUM, CREATED_BY, DATE_CREATED, MODIFIED_BY, DATE_MODIFIED, VERSION, COLLECTION_NAME, DEFAULT_VALUE, DISPLAY_ON_DASHBOARD) 
            values (2122,4013,'promotionId','PROMOTION_FIELD','promotionTypeList','multiSelectQuery','com.biperf.core.domain.node.reportParameterValueChoices.allLivePurlRecognitionPromotions','BASICS',1,5661,to_date('20-AUG-12','DD-MON-RR'),5661,to_date('20-AUG-12','DD-MON-RR'),0,'promotionTypeList','show_all', 1);
        Insert into REPORT_PARAMETER (REPORT_PARAMETER_ID, REPORT_ID, PARAMETER_NAME, PARAMETER_CM_KEY, DATABASE_COLUMN, PARAMETER_TYPE, LIST_DEFINITION, PARAMETER_GROUP, SEQUENCE_NUM, CREATED_BY, DATE_CREATED, MODIFIED_BY, DATE_MODIFIED, VERSION, COLLECTION_NAME, DEFAULT_VALUE, DISPLAY_ON_DASHBOARD) 
            values (2123,4013,'fromDate','START_FIELD','DATE_SUBMITTED','datePicker',null,'TIME_FRAME',2,5661,to_date('20-AUG-12','DD-MON-RR'),5661,to_date('20-AUG-12','DD-MON-RR'),0,null, '01/01/2012', 1);
        Insert into REPORT_PARAMETER (REPORT_PARAMETER_ID, REPORT_ID, PARAMETER_NAME, PARAMETER_CM_KEY, DATABASE_COLUMN, PARAMETER_TYPE, LIST_DEFINITION, PARAMETER_GROUP, SEQUENCE_NUM, CREATED_BY, DATE_CREATED, MODIFIED_BY, DATE_MODIFIED, VERSION, COLLECTION_NAME, DEFAULT_VALUE, DISPLAY_ON_DASHBOARD) 
            values (2124,4013,'toDate','END_FIELD','DATE_SUBMITTED','datePicker',null,'TIME_FRAME',3,5661,to_date('20-AUG-12','DD-MON-RR'),5661,to_date('20-AUG-12','DD-MON-RR'),0,null, '12/31/2012', 1);
        Insert into REPORT_PARAMETER (REPORT_PARAMETER_ID, REPORT_ID, PARAMETER_NAME, PARAMETER_CM_KEY, DATABASE_COLUMN, PARAMETER_TYPE, LIST_DEFINITION, PARAMETER_GROUP, SEQUENCE_NUM, CREATED_BY, DATE_CREATED, MODIFIED_BY, DATE_MODIFIED, VERSION, COLLECTION_NAME, DEFAULT_VALUE, DISPLAY_ON_DASHBOARD) 
            values (2125,4013,'parentNodeId','ORG_NAME','organizationList','selectQuery','com.biperf.core.domain.node.processParameterValueChoices.NodesAsHierarchyByUser','PARTICIPANTS',4,5661,to_date('20-AUG-12','DD-MON-RR'),5661,to_date('20-AUG-12','DD-MON-RR'),0,'organizationList','show_all', 1);
        Insert into REPORT_PARAMETER (REPORT_PARAMETER_ID, REPORT_ID, PARAMETER_NAME, PARAMETER_CM_KEY, DATABASE_COLUMN, PARAMETER_TYPE, LIST_DEFINITION, PARAMETER_GROUP, SEQUENCE_NUM, CREATED_BY, DATE_CREATED, MODIFIED_BY, DATE_MODIFIED, VERSION, COLLECTION_NAME, DEFAULT_VALUE) 
            values (2126,4013,'department','DEPARTMENT_FIELD','departmentTypeList','multiSelectPick','picklist.department.type','PARTICIPANTS',5,5661,to_date('20-AUG-12','DD-MON-RR'),5661,to_date('20-AUG-12','DD-MON-RR'),0,'departmentTypeList','show_all');
        Insert into REPORT_PARAMETER (REPORT_PARAMETER_ID, REPORT_ID, PARAMETER_NAME, PARAMETER_CM_KEY, DATABASE_COLUMN, PARAMETER_TYPE, LIST_DEFINITION, PARAMETER_GROUP, SEQUENCE_NUM, CREATED_BY, DATE_CREATED, MODIFIED_BY, DATE_MODIFIED, VERSION, COLLECTION_NAME, DEFAULT_VALUE) 
            values (2127,4013,'jobPosition','JOB_POSITION_FIELD','positionTypeList','selectPicklist','picklist.positiontype','PARTICIPANTS',6,5661,to_date('20-AUG-12','DD-MON-RR'),5661,to_date('20-AUG-12','DD-MON-RR'),0,'jobPositionTypeList','show_all');
        Insert into REPORT_PARAMETER (REPORT_PARAMETER_ID, REPORT_ID, PARAMETER_NAME, PARAMETER_CM_KEY, DATABASE_COLUMN, PARAMETER_TYPE, LIST_DEFINITION, PARAMETER_GROUP, SEQUENCE_NUM, CREATED_BY, DATE_CREATED, MODIFIED_BY, DATE_MODIFIED, VERSION, COLLECTION_NAME, DEFAULT_VALUE) 
            values (2128,4013,'participantStatus','PARTICIPANT_STATUS_FIELD','participantStatusList','selectPicklist','picklist.participantstatus','PARTICIPANTS',7,5661,to_date('20-AUG-12','DD-MON-RR'),5661,to_date('20-AUG-12','DD-MON-RR'),0,'participantStatusList','active');
            
    --Behavior Report
      Insert into REPORT (REPORT_ID,REPORT_CODE,CM_ASSET_CODE,REPORT_NAME_CM_KEY,REPORT_CATEGORY_TYPE,MODULE,REPORT_DESCRIPTION_CM_KEY,REPORT_URL,IS_ACTIVE,CREATED_BY,DATE_CREATED,MODIFIED_BY,DATE_MODIFIED,VERSION, FORCE_PARAMETERS, EXPORT_ONLY, INCLUDED_IN_PLATEAU) 
          values (4014,'behaviors','report.behaviors','REPORT_NAME','core','core','REPORT_DESCRIPTION','/reports/displayBehaviorsReport.do?method=displaySummaryReport',1,0,sysdate,null,null,0,1, 0, 0);
        --Behavior Charts 
          Insert into REPORT_CHART (REPORT_CHART_ID, CAPTION_CM_KEY, SUBCAPTION_CM_KEY, CHART_DATA_URL, REPORT_ID, SHOW_LABELS, SHOW_LEGEND, ENABLE_SMART_LABELS, SHOW_PERCENT_VALUES, X_AXIS_NAME_CM_KEY, Y_AXIS_NAME_CM_KEY, SEQUENCE_NUM, DISPLAY_LIMIT, CREATED_BY, DATE_CREATED, VERSION, CHART_TYPE, INCLUDED_IN_PLATEAU)
            values (3056, 'PIECHART_CAPTION', 'PIECHART_SUBCAPTION', '/reports/displayBehaviorsReport.do?method=displayPiechart', 4014, 0, 1, 0, 1, null, null, 0, 20, 0, sysdate, 0, 'Pie2D', 0);
        Insert into REPORT_CHART (REPORT_CHART_ID, CAPTION_CM_KEY, SUBCAPTION_CM_KEY, CHART_DATA_URL, REPORT_ID, SHOW_LABELS, SHOW_LEGEND, ENABLE_SMART_LABELS, X_AXIS_NAME_CM_KEY, Y_AXIS_NAME_CM_KEY, SEQUENCE_NUM, DISPLAY_LIMIT, CREATED_BY, DATE_CREATED, VERSION, CHART_TYPE, INCLUDED_IN_PLATEAU)
            values (3057, 'BARCHART_CAPTION', 'BARCHART_SUBCAPTION', '/reports/displayBehaviorsReport.do?method=displayBarchart', 4014, 1, 0, 0, 'BARCHART_X_AXIS_NAME', 'BARCHART_Y_AXIS_NAME', 1, 20, 0, sysdate, 0, 'Column3D', 0);            
        --Report Parameters
        Insert into REPORT_PARAMETER (REPORT_PARAMETER_ID, REPORT_ID, PARAMETER_NAME, PARAMETER_CM_KEY, DATABASE_COLUMN, PARAMETER_TYPE, LIST_DEFINITION, PARAMETER_GROUP, SEQUENCE_NUM, CREATED_BY, DATE_CREATED, MODIFIED_BY, DATE_MODIFIED, VERSION, COLLECTION_NAME, DEFAULT_VALUE, DISPLAY_ON_DASHBOARD) 
            values (2130,4014,'promotionId','PROMOTION_FIELD','promotionTypeList','multiSelectQuery','com.biperf.core.domain.node.reportParameterValueChoices.allLiveBehaviorPromotions','BASICS',0,5661,to_date('20-AUG-12','DD-MON-RR'),5661,to_date('20-AUG-12','DD-MON-RR'),0,'promotionTypeList','show_all', 1);
        Insert into REPORT_PARAMETER (REPORT_PARAMETER_ID, REPORT_ID, PARAMETER_NAME, PARAMETER_CM_KEY, DATABASE_COLUMN, PARAMETER_TYPE, LIST_DEFINITION, PARAMETER_GROUP, SEQUENCE_NUM, CREATED_BY, DATE_CREATED, MODIFIED_BY, DATE_MODIFIED, VERSION, COLLECTION_NAME, DEFAULT_VALUE, DISPLAY_ON_DASHBOARD) 
            values (2131,4014,'fromDate','START_FIELD','DATE_SUBMITTED','datePicker',null,'TIME_FRAME',1,5661,to_date('20-AUG-12','DD-MON-RR'),5661,to_date('20-AUG-12','DD-MON-RR'),0,null, '01/01/2012', 1);
        Insert into REPORT_PARAMETER (REPORT_PARAMETER_ID, REPORT_ID, PARAMETER_NAME, PARAMETER_CM_KEY, DATABASE_COLUMN, PARAMETER_TYPE, LIST_DEFINITION, PARAMETER_GROUP, SEQUENCE_NUM, CREATED_BY, DATE_CREATED, MODIFIED_BY, DATE_MODIFIED, VERSION, COLLECTION_NAME, DEFAULT_VALUE, DISPLAY_ON_DASHBOARD) 
            values (2132,4014,'toDate','END_FIELD','DATE_SUBMITTED','datePicker',null,'TIME_FRAME',2,5661,to_date('20-AUG-12','DD-MON-RR'),5661,to_date('20-AUG-12','DD-MON-RR'),0,null, '12/31/2012', 1);
        Insert into REPORT_PARAMETER (REPORT_PARAMETER_ID, REPORT_ID, PARAMETER_NAME, PARAMETER_CM_KEY, DATABASE_COLUMN, PARAMETER_TYPE, LIST_DEFINITION, PARAMETER_GROUP, SEQUENCE_NUM, CREATED_BY, DATE_CREATED, MODIFIED_BY, DATE_MODIFIED, VERSION, COLLECTION_NAME, DEFAULT_VALUE, DISPLAY_ON_DASHBOARD) 
            values (2133,4014,'parentNodeId','ORG_NAME','organizationList','multiSelectQuery','com.biperf.core.domain.node.processParameterValueChoices.NodesAsHierarchyByUser','PARTICIPANTS',3,5661,to_date('20-AUG-12','DD-MON-RR'),5661,to_date('20-AUG-12','DD-MON-RR'),0,'organizationList','show_all', 1);
        Insert into REPORT_PARAMETER (REPORT_PARAMETER_ID, REPORT_ID, PARAMETER_NAME, PARAMETER_CM_KEY, DATABASE_COLUMN, PARAMETER_TYPE, LIST_DEFINITION, PARAMETER_GROUP, SEQUENCE_NUM, CREATED_BY, DATE_CREATED, MODIFIED_BY, DATE_MODIFIED, VERSION, COLLECTION_NAME, DEFAULT_VALUE) 
            values (2134,4014,'department','DEPARTMENT_FIELD','departmentTypeList','multiSelectPick','picklist.department.type','PARTICIPANTS',4,5661,to_date('20-AUG-12','DD-MON-RR'),5661,to_date('20-AUG-12','DD-MON-RR'),0,'departmentTypeList','show_all');
        Insert into REPORT_PARAMETER (REPORT_PARAMETER_ID, REPORT_ID, PARAMETER_NAME, PARAMETER_CM_KEY, DATABASE_COLUMN, PARAMETER_TYPE, LIST_DEFINITION, PARAMETER_GROUP, SEQUENCE_NUM, CREATED_BY, DATE_CREATED, MODIFIED_BY, DATE_MODIFIED, VERSION, COLLECTION_NAME, DEFAULT_VALUE) 
            values (2135,4014,'jobPosition','JOB_POSITION_FIELD','positionTypeList','multiSelectPick','picklist.positiontype','PARTICIPANTS',5,5661,to_date('20-AUG-12','DD-MON-RR'),5661,to_date('20-AUG-12','DD-MON-RR'),0,'jobPositionTypeList','show_all');
        Insert into REPORT_PARAMETER (REPORT_PARAMETER_ID, REPORT_ID, PARAMETER_NAME, PARAMETER_CM_KEY, DATABASE_COLUMN, PARAMETER_TYPE, LIST_DEFINITION, PARAMETER_GROUP, SEQUENCE_NUM, CREATED_BY, DATE_CREATED, MODIFIED_BY, DATE_MODIFIED, VERSION, COLLECTION_NAME, DEFAULT_VALUE) 
            values (2136,4014,'participantStatus','PARTICIPANT_STATUS_FIELD','participantStatusList','selectPicklist','picklist.participantstatus','PARTICIPANTS',6,5661,to_date('20-AUG-12','DD-MON-RR'),5661,to_date('20-AUG-12','DD-MON-RR'),0,'participantStatusList','active');
        Insert into REPORT_PARAMETER (REPORT_PARAMETER_ID, REPORT_ID, PARAMETER_NAME, PARAMETER_CM_KEY, DATABASE_COLUMN, PARAMETER_TYPE, LIST_DEFINITION, PARAMETER_GROUP, SEQUENCE_NUM, CREATED_BY, DATE_CREATED, MODIFIED_BY, DATE_MODIFIED, VERSION, COLLECTION_NAME, DEFAULT_VALUE, HIDE_SHOW_ALL_OPTION) 
            values (2137,4014,'giverReceiver','BEHAVIORS_FIELD','giverReceiverList','selectPicklist','picklist.giver.receiver.type','BASICS',7,5661,to_date('20-AUG-12','DD-MON-RR'),5661,to_date('20-AUG-12','DD-MON-RR'),0,'giverReceiverList','given', 1);

    
    --Recognition Given By Org Report    
    Insert into REPORT (REPORT_ID,REPORT_CODE, CM_ASSET_CODE,REPORT_NAME_CM_KEY,REPORT_CATEGORY_TYPE,MODULE,REPORT_DESCRIPTION_CM_KEY,REPORT_URL,IS_ACTIVE,CREATED_BY,DATE_CREATED,MODIFIED_BY,DATE_MODIFIED,VERSION, FORCE_PARAMETERS, EXPORT_ONLY, INCLUDED_IN_PLATEAU) 
          values (4015,'recGivenByOrg','report.recognition.givenbyorg','REPORT_NAME','recognition','install.recognition','REPORT_DESCRIPTION','/reports/displayRecognitionGivenByOrgReport.do?method=displaySummaryReport',1,0,sysdate,null,null,0, 0, 0, 0);
          --Recognition Given By Org Charts
          Insert into REPORT_CHART (REPORT_CHART_ID, CAPTION_CM_KEY, SUBCAPTION_CM_KEY, CHART_DATA_URL, REPORT_ID, SHOW_LABELS, SHOW_LEGEND, ENABLE_SMART_LABELS, SHOW_PERCENT_VALUES, X_AXIS_NAME_CM_KEY, Y_AXIS_NAME_CM_KEY, SEQUENCE_NUM, DISPLAY_LIMIT, CREATED_BY, DATE_CREATED, VERSION, CHART_TYPE, INCLUDED_IN_PLATEAU)
            values (3058, 'G_RATE_PIECHART_CAPTION', 'G_RATE_PIECHART_SUBCAPTION', '/reports/displayRecognitionGivenByOrgReport.do?method=displayRecognitionGivenParticipationRatePiechart', 4015, 0, 1, 0, 1, null, null, 0, 20, 0, sysdate, 0, 'Pie2D', 0);
        Insert into REPORT_CHART (REPORT_CHART_ID, CAPTION_CM_KEY, SUBCAPTION_CM_KEY, CHART_DATA_URL, REPORT_ID, SHOW_LABELS, SHOW_LEGEND, ENABLE_SMART_LABELS, X_AXIS_NAME_CM_KEY, Y_AXIS_NAME_CM_KEY, SEQUENCE_NUM, DISPLAY_LIMIT, CREATED_BY, DATE_CREATED, VERSION, CHART_TYPE, INCLUDED_IN_PLATEAU)
            values (3059, 'POINTS_GPERIOD_CHART_CAPTION', 'POINTS_GPERIOD_CHART_SUBCAPTION', '/reports/displayRecognitionGivenByOrgReport.do?method=displayRecognitionPointsGivenByTimeBarchart', 4015, 1, 1, 0, 'POINTS_GPERIOD_CHART_X_AXIS_NAME', 'POINTS_GPERIOD_CHART_Y_AXIS_NAME', 1, 20, 0, sysdate, 0, 'Column3D', 0);
        Insert into REPORT_CHART (REPORT_CHART_ID, CAPTION_CM_KEY, SUBCAPTION_CM_KEY, CHART_DATA_URL, REPORT_ID, SHOW_LABELS, SHOW_LEGEND, ENABLE_SMART_LABELS, X_AXIS_NAME_CM_KEY, Y_AXIS_NAME_CM_KEY, SEQUENCE_NUM, DISPLAY_LIMIT, CREATED_BY, DATE_CREATED, VERSION, CHART_TYPE, INCLUDED_IN_PLATEAU)
            values (3060, 'RECOG_GPERIOD_CHART_CAPTION', 'RECOG_GPERIOD_CHART_SUBCAPTION', '/reports/displayRecognitionGivenByOrgReport.do?method=displayRecognitionGivenByTimeBarchart', 4015, 1, 1, 0, 'RECOG_GPERIOD_CHART_X_AXIS_NAME', 'RECOG_GPERIOD_CHART_Y_AXIS_NAME', 2, 20, 0, sysdate, 0, 'Column3D', 0);
        Insert into REPORT_CHART (REPORT_CHART_ID, CAPTION_CM_KEY, SUBCAPTION_CM_KEY, CHART_DATA_URL, REPORT_ID, SHOW_LABELS, SHOW_LEGEND, ENABLE_SMART_LABELS, SHOW_PERCENT_VALUES, X_AXIS_NAME_CM_KEY, Y_AXIS_NAME_CM_KEY, SEQUENCE_NUM, DISPLAY_LIMIT, CREATED_BY, DATE_CREATED, VERSION, CHART_TYPE, INCLUDED_IN_PLATEAU)
            values (3061, 'RECOG_G_PIECHART_CAPTION', 'RECOG_G_PIECHART_SUBCAPTION', '/reports/displayRecognitionGivenByOrgReport.do?method=displayRecognitionGivenPiechart', 4015, 0, 1, 0, 1, null, null, 3, 20, 0, sysdate, 0, 'Pie2D', 0);
        Insert into REPORT_CHART (REPORT_CHART_ID, CAPTION_CM_KEY, SUBCAPTION_CM_KEY, CHART_DATA_URL, REPORT_ID, SHOW_LABELS, SHOW_LEGEND, ENABLE_SMART_LABELS, X_AXIS_NAME_CM_KEY, Y_AXIS_NAME_CM_KEY, SEQUENCE_NUM, DISPLAY_LIMIT, CREATED_BY, DATE_CREATED, VERSION, CHART_TYPE, INCLUDED_IN_PLATEAU)
            values (3062, 'G_RATE_BARCHART_CAPTION', 'G_RATE_BARCHART_SUBCAPTION', '/reports/displayRecognitionGivenByOrgReport.do?method=displayRecognitionGivenParticipationrateByOrgBarchart', 4015, 1, 1, 0, 'G_RATE_CHART_X_AXIS_NAME', 'G_RATE_CHART_Y_AXIS_NAME', 4, 20, 0, sysdate, 0, 'MSColumn3D', 0);
        Insert into REPORT_CHART (REPORT_CHART_ID, CAPTION_CM_KEY, SUBCAPTION_CM_KEY, CHART_DATA_URL, REPORT_ID, SHOW_LABELS, SHOW_LEGEND, ENABLE_SMART_LABELS, X_AXIS_NAME_CM_KEY, Y_AXIS_NAME_CM_KEY, SEQUENCE_NUM, DISPLAY_LIMIT, CREATED_BY, DATE_CREATED, VERSION, CHART_TYPE, INCLUDED_IN_PLATEAU)
            values (3063, 'POINTS_G_CHART_CAPTION', 'POINTS_G_CHART_SUBCAPTION', '/reports/displayRecognitionGivenByOrgReport.do?method=displayRecognitionPointsGivenBarchart', 4015, 1, 1, 0, 'POINTS_G_CHART_X_AXIS_NAME', 'POINTS_G_CHART_Y_AXIS_NAME', 5, 20, 0, sysdate, 0, 'Column3D', 0);
        --Report Parameters
        Insert into REPORT_PARAMETER (REPORT_PARAMETER_ID, REPORT_ID, PARAMETER_NAME, PARAMETER_CM_KEY, DATABASE_COLUMN, PARAMETER_TYPE, LIST_DEFINITION, PARAMETER_GROUP, SEQUENCE_NUM, CREATED_BY, DATE_CREATED, MODIFIED_BY, DATE_MODIFIED, VERSION, COLLECTION_NAME, DEFAULT_VALUE) 
            values (2138,4015,'promotionStatus','PROMOTION_STATUS_FIELD','reportPromotionStatusTypeList','selectPicklist','picklist.reportpromotion.statustype','BASICS',0,5661,to_date('20-AUG-12','DD-MON-RR'),5661,to_date('20-AUG-12','DD-MON-RR'),0,'reportPromotionStatusTypeList','live');
        Insert into REPORT_PARAMETER (REPORT_PARAMETER_ID, REPORT_ID, PARAMETER_NAME, PARAMETER_CM_KEY, DATABASE_COLUMN, PARAMETER_TYPE, LIST_DEFINITION, PARAMETER_GROUP, SEQUENCE_NUM, CREATED_BY, DATE_CREATED, MODIFIED_BY, DATE_MODIFIED, VERSION, COLLECTION_NAME, DEFAULT_VALUE, DISPLAY_ON_DASHBOARD) 
            values (2139,4015,'promotionId','PROMOTION_FIELD','promotionTypeList','multiSelectQuery','com.biperf.core.domain.node.reportParameterValueChoices.allLiveRecognitionPromotions','BASICS',1,5661,to_date('20-AUG-12','DD-MON-RR'),5661,to_date('20-AUG-12','DD-MON-RR'),0,'promotionTypeList','show_all', 1);
        Insert into REPORT_PARAMETER (REPORT_PARAMETER_ID, REPORT_ID, PARAMETER_NAME, PARAMETER_CM_KEY, DATABASE_COLUMN, PARAMETER_TYPE, LIST_DEFINITION, PARAMETER_GROUP, SEQUENCE_NUM, CREATED_BY, DATE_CREATED, MODIFIED_BY, DATE_MODIFIED, VERSION, COLLECTION_NAME, DEFAULT_VALUE, DISPLAY_ON_DASHBOARD) 
            values (2140,4015,'fromDate','START_FIELD','DATE_SUBMITTED','datePicker',null,'TIME_FRAME',2,5661,to_date('20-AUG-12','DD-MON-RR'),5661,to_date('20-AUG-12','DD-MON-RR'),0,null, '01/01/2012', 1);
        Insert into REPORT_PARAMETER (REPORT_PARAMETER_ID, REPORT_ID, PARAMETER_NAME, PARAMETER_CM_KEY, DATABASE_COLUMN, PARAMETER_TYPE, LIST_DEFINITION, PARAMETER_GROUP, SEQUENCE_NUM, CREATED_BY, DATE_CREATED, MODIFIED_BY, DATE_MODIFIED, VERSION, COLLECTION_NAME, DEFAULT_VALUE, DISPLAY_ON_DASHBOARD) 
            values (2141,4015,'toDate','END_FIELD','DATE_SUBMITTED','datePicker',null,'TIME_FRAME',3,5661,to_date('20-AUG-12','DD-MON-RR'),5661,to_date('20-AUG-12','DD-MON-RR'),0,null, '12/31/2012', 1);
        Insert into REPORT_PARAMETER (REPORT_PARAMETER_ID, REPORT_ID, PARAMETER_NAME, PARAMETER_CM_KEY, DATABASE_COLUMN, PARAMETER_TYPE, LIST_DEFINITION, PARAMETER_GROUP, SEQUENCE_NUM, CREATED_BY, DATE_CREATED, MODIFIED_BY, DATE_MODIFIED, VERSION, COLLECTION_NAME, DEFAULT_VALUE, DISPLAY_ON_DASHBOARD) 
            values (2142,4015,'parentNodeId','ORG_NAME','organizationList','selectQuery','com.biperf.core.domain.node.processParameterValueChoices.NodesAsHierarchyByUser','PARTICIPANTS',4,5661,to_date('20-AUG-12','DD-MON-RR'),5661,to_date('20-AUG-12','DD-MON-RR'),0,'organizationList','show_all', 1);
        Insert into REPORT_PARAMETER (REPORT_PARAMETER_ID, REPORT_ID, PARAMETER_NAME, PARAMETER_CM_KEY, DATABASE_COLUMN, PARAMETER_TYPE, LIST_DEFINITION, PARAMETER_GROUP, SEQUENCE_NUM, CREATED_BY, DATE_CREATED, MODIFIED_BY, DATE_MODIFIED, VERSION, COLLECTION_NAME, DEFAULT_VALUE) 
            values (2143,4015,'department','DEPARTMENT_FIELD','departmentTypeList','multiSelectPick','picklist.department.type','PARTICIPANTS',5,5661,to_date('20-AUG-12','DD-MON-RR'),5661,to_date('20-AUG-12','DD-MON-RR'),0,'departmentTypeList','show_all');
        Insert into REPORT_PARAMETER (REPORT_PARAMETER_ID, REPORT_ID, PARAMETER_NAME, PARAMETER_CM_KEY, DATABASE_COLUMN, PARAMETER_TYPE, LIST_DEFINITION, PARAMETER_GROUP, SEQUENCE_NUM, CREATED_BY, DATE_CREATED, MODIFIED_BY, DATE_MODIFIED, VERSION, COLLECTION_NAME, DEFAULT_VALUE) 
            values (2144,4015,'jobPosition','JOB_POSITION_FIELD','positionTypeList','selectPicklist','picklist.positiontype','PARTICIPANTS',6,5661,to_date('20-AUG-12','DD-MON-RR'),5661,to_date('20-AUG-12','DD-MON-RR'),0,'jobPositionTypeList','show_all');
        Insert into REPORT_PARAMETER (REPORT_PARAMETER_ID, REPORT_ID, PARAMETER_NAME, PARAMETER_CM_KEY, DATABASE_COLUMN, PARAMETER_TYPE, LIST_DEFINITION, PARAMETER_GROUP, SEQUENCE_NUM, CREATED_BY, DATE_CREATED, MODIFIED_BY, DATE_MODIFIED, VERSION, COLLECTION_NAME, DEFAULT_VALUE) 
            values (2145,4015,'participantStatus','PARTICIPANT_STATUS_FIELD','participantStatusList','selectPicklist','picklist.participantstatus','PARTICIPANTS',7,5661,to_date('20-AUG-12','DD-MON-RR'),5661,to_date('20-AUG-12','DD-MON-RR'),0,'participantStatusList','active');
          
      --Recognition Received By Org Report     
    Insert into REPORT (REPORT_ID,REPORT_CODE, CM_ASSET_CODE,REPORT_NAME_CM_KEY,REPORT_CATEGORY_TYPE,MODULE,REPORT_DESCRIPTION_CM_KEY,REPORT_URL,IS_ACTIVE,CREATED_BY,DATE_CREATED,MODIFIED_BY,DATE_MODIFIED,VERSION, FORCE_PARAMETERS, EXPORT_ONLY, INCLUDED_IN_PLATEAU) 
          values (4016,'recReceivedByOrg','report.recognition.receivedbyorg','REPORT_NAME','recognition','install.recognition','REPORT_DESCRIPTION','/reports/displayRecognitionReceivedByOrgReport.do?method=displaySummaryReport',1,0,sysdate,null,null,0, 0, 0, 0);
          --Recognition Received By Org Charts
          Insert into REPORT_CHART (REPORT_CHART_ID, CAPTION_CM_KEY, SUBCAPTION_CM_KEY, CHART_DATA_URL, REPORT_ID, SHOW_LABELS, SHOW_LEGEND, ENABLE_SMART_LABELS, SHOW_PERCENT_VALUES, X_AXIS_NAME_CM_KEY, Y_AXIS_NAME_CM_KEY, SEQUENCE_NUM, DISPLAY_LIMIT, CREATED_BY, DATE_CREATED, VERSION, CHART_TYPE, INCLUDED_IN_PLATEAU)
            values (3064, 'R_RATE_PIECHART_CAPTION', 'R_RATE_PIECHART_SUBCAPTION', '/reports/displayRecognitionReceivedByOrgReport.do?method=displayRecognitionReceivedParticipationRatePiechart', 4016, 0, 1, 0, 1, null, null, 0, 20, 0, sysdate, 0, 'Pie2D', 0);
          Insert into REPORT_CHART (REPORT_CHART_ID, CAPTION_CM_KEY, SUBCAPTION_CM_KEY, CHART_DATA_URL, REPORT_ID, SHOW_LABELS, SHOW_LEGEND, ENABLE_SMART_LABELS, X_AXIS_NAME_CM_KEY, Y_AXIS_NAME_CM_KEY, SEQUENCE_NUM, DISPLAY_LIMIT, CREATED_BY, DATE_CREATED, VERSION, CHART_TYPE, INCLUDED_IN_PLATEAU)
            values (3065, 'POINTS_RPERIOD_CHART_CAPTION', 'POINTS_RPERIOD_CHART_SUBCAPTION', '/reports/displayRecognitionReceivedByOrgReport.do?method=displayRecognitionPointsByTimeReceivedBarchart', 4016, 1, 1, 0, 'POINTS_RPERIOD_CHART_X_AXIS_NAME', 'POINTS_RPERIOD_CHART_Y_AXIS_NAME', 1, 20, 0, sysdate, 0, 'Column3D', 0);
        Insert into REPORT_CHART (REPORT_CHART_ID, CAPTION_CM_KEY, SUBCAPTION_CM_KEY, CHART_DATA_URL, REPORT_ID, SHOW_LABELS, SHOW_LEGEND, ENABLE_SMART_LABELS, X_AXIS_NAME_CM_KEY, Y_AXIS_NAME_CM_KEY, SEQUENCE_NUM, DISPLAY_LIMIT, CREATED_BY, DATE_CREATED, VERSION, CHART_TYPE, INCLUDED_IN_PLATEAU)
            values (3066, 'RECOG_RPERIOD_CHART_CAPTION', 'RECOG_RPERIOD_CHART_SUBCAPTION', '/reports/displayRecognitionReceivedByOrgReport.do?method=displayRecognitionReceivedByTimeBarchart', 4016, 1, 1, 0, 'RECOG_RPERIOD_CHART_X_AXIS_NAME', 'RECOG_RPERIOD_CHART_Y_AXIS_NAME', 2, 20, 0, sysdate, 0, 'Column3D', 0);
        Insert into REPORT_CHART (REPORT_CHART_ID, CAPTION_CM_KEY, SUBCAPTION_CM_KEY, CHART_DATA_URL, REPORT_ID, SHOW_LABELS, SHOW_LEGEND, ENABLE_SMART_LABELS, SHOW_PERCENT_VALUES, X_AXIS_NAME_CM_KEY, Y_AXIS_NAME_CM_KEY, SEQUENCE_NUM, DISPLAY_LIMIT, CREATED_BY, DATE_CREATED, VERSION, CHART_TYPE, INCLUDED_IN_PLATEAU)
            values (3067, 'RECOG_R_PIECHART_CAPTION', 'RECOG_R_PIECHART_SUBCAPTION', '/reports/displayRecognitionReceivedByOrgReport.do?method=displayRecognitionReceivedPiechart', 4016, 0, 1, 0, 1, null, null, 3, 20, 0, sysdate, 0, 'Pie2D', 0);
        Insert into REPORT_CHART (REPORT_CHART_ID, CAPTION_CM_KEY, SUBCAPTION_CM_KEY, CHART_DATA_URL, REPORT_ID, SHOW_LABELS, SHOW_LEGEND, ENABLE_SMART_LABELS, X_AXIS_NAME_CM_KEY, Y_AXIS_NAME_CM_KEY, SEQUENCE_NUM, DISPLAY_LIMIT, CREATED_BY, DATE_CREATED, VERSION, CHART_TYPE, INCLUDED_IN_PLATEAU)
            values (3068, 'R_RATE_BARCHART_CAPTION', 'R_RATE_BARCHART_SUBCAPTION', '/reports/displayRecognitionReceivedByOrgReport.do?method=displayRecognitionReceivedParticipationrateByOrgBarchart', 4016, 1, 1, 0, 'RECOG_RRATE_X_AXIS_NAME', 'RECOG_RRATE_Y_AXIS_NAME', 4, 20, 0, sysdate, 0, 'MSColumn3D', 0);
        Insert into REPORT_CHART (REPORT_CHART_ID, CAPTION_CM_KEY, SUBCAPTION_CM_KEY, CHART_DATA_URL, REPORT_ID, SHOW_LABELS, SHOW_LEGEND, ENABLE_SMART_LABELS, X_AXIS_NAME_CM_KEY, Y_AXIS_NAME_CM_KEY, SEQUENCE_NUM, DISPLAY_LIMIT, CREATED_BY, DATE_CREATED, VERSION, CHART_TYPE, INCLUDED_IN_PLATEAU)
            values (3069, 'POINTS_R_CHART_CAPTION', 'POINTS_R_CHART_SUBCAPTION', '/reports/displayRecognitionReceivedByOrgReport.do?method=displayRecognitionPointsReceivedBarchart', 4016, 1, 1, 0, 'POINTS_R_CHART_X_AXIS_NAME', 'POINTS_R_CHART_Y_AXIS_NAME', 5, 20, 0, sysdate, 0, 'Column3D', 0);
        --Report Parameters
        Insert into REPORT_PARAMETER (REPORT_PARAMETER_ID, REPORT_ID, PARAMETER_NAME, PARAMETER_CM_KEY, DATABASE_COLUMN, PARAMETER_TYPE, LIST_DEFINITION, PARAMETER_GROUP, SEQUENCE_NUM, CREATED_BY, DATE_CREATED, MODIFIED_BY, DATE_MODIFIED, VERSION, COLLECTION_NAME, DEFAULT_VALUE) 
            values (2147,4016,'promotionStatus','PROMOTION_STATUS_FIELD','reportPromotionStatusTypeList','selectPicklist','picklist.reportpromotion.statustype','BASICS',0,5661,sysdate,null,null,0,'reportPromotionStatusTypeList','live');
        Insert into REPORT_PARAMETER (REPORT_PARAMETER_ID, REPORT_ID, PARAMETER_NAME, PARAMETER_CM_KEY, DATABASE_COLUMN, PARAMETER_TYPE, LIST_DEFINITION, PARAMETER_GROUP, SEQUENCE_NUM, CREATED_BY, DATE_CREATED, MODIFIED_BY, DATE_MODIFIED, VERSION, COLLECTION_NAME, DEFAULT_VALUE, DISPLAY_ON_DASHBOARD) 
            values (2148,4016,'promotionId','PROMOTION_FIELD','promotionTypeList','multiSelectQuery','com.biperf.core.domain.node.reportParameterValueChoices.allLiveRecognitionPromotions','BASICS',1,5661,sysdate,null,null,0,'promotionTypeList','show_all', 1);
        Insert into REPORT_PARAMETER (REPORT_PARAMETER_ID, REPORT_ID, PARAMETER_NAME, PARAMETER_CM_KEY, DATABASE_COLUMN, PARAMETER_TYPE, LIST_DEFINITION, PARAMETER_GROUP, SEQUENCE_NUM, CREATED_BY, DATE_CREATED, MODIFIED_BY, DATE_MODIFIED, VERSION, COLLECTION_NAME, DEFAULT_VALUE, DISPLAY_ON_DASHBOARD) 
            values (2149,4016,'fromDate','START_FIELD','DATE_SUBMITTED','datePicker',null,'TIME_FRAME',2,5661,sysdate,null,null,0,null, '01/01/2012', 1);
        Insert into REPORT_PARAMETER (REPORT_PARAMETER_ID, REPORT_ID, PARAMETER_NAME, PARAMETER_CM_KEY, DATABASE_COLUMN, PARAMETER_TYPE, LIST_DEFINITION, PARAMETER_GROUP, SEQUENCE_NUM, CREATED_BY, DATE_CREATED, MODIFIED_BY, DATE_MODIFIED, VERSION, COLLECTION_NAME, DEFAULT_VALUE, DISPLAY_ON_DASHBOARD) 
            values (2150,4016,'toDate','END_FIELD','DATE_SUBMITTED','datePicker',null,'TIME_FRAME',3,5661,sysdate,null,null,0,null, '12/31/2012', 1);
        Insert into REPORT_PARAMETER (REPORT_PARAMETER_ID, REPORT_ID, PARAMETER_NAME, PARAMETER_CM_KEY, DATABASE_COLUMN, PARAMETER_TYPE, LIST_DEFINITION, PARAMETER_GROUP, SEQUENCE_NUM, CREATED_BY, DATE_CREATED, MODIFIED_BY, DATE_MODIFIED, VERSION, COLLECTION_NAME, DEFAULT_VALUE, DISPLAY_ON_DASHBOARD) 
            values (2151,4016,'parentNodeId','ORG_NAME','organizationList','selectQuery','com.biperf.core.domain.node.processParameterValueChoices.NodesAsHierarchyByUser','PARTICIPANTS',4,5661,sysdate,null,null,0,'organizationList','show_all', 1);
        Insert into REPORT_PARAMETER (REPORT_PARAMETER_ID, REPORT_ID, PARAMETER_NAME, PARAMETER_CM_KEY, DATABASE_COLUMN, PARAMETER_TYPE, LIST_DEFINITION, PARAMETER_GROUP, SEQUENCE_NUM, CREATED_BY, DATE_CREATED, MODIFIED_BY, DATE_MODIFIED, VERSION, COLLECTION_NAME, DEFAULT_VALUE) 
            values (2152,4016,'department','DEPARTMENT_FIELD','departmentTypeList','multiSelectPick','picklist.department.type','PARTICIPANTS',5,5661,to_date('20-AUG-12','DD-MON-RR'),5661,to_date('20-AUG-12','DD-MON-RR'),0,'departmentTypeList','show_all');
        Insert into REPORT_PARAMETER (REPORT_PARAMETER_ID, REPORT_ID, PARAMETER_NAME, PARAMETER_CM_KEY, DATABASE_COLUMN, PARAMETER_TYPE, LIST_DEFINITION, PARAMETER_GROUP, SEQUENCE_NUM, CREATED_BY, DATE_CREATED, MODIFIED_BY, DATE_MODIFIED, VERSION, COLLECTION_NAME, DEFAULT_VALUE) 
            values (2153,4016,'jobPosition','JOB_POSITION_FIELD','positionTypeList','selectPicklist','picklist.positiontype','PARTICIPANTS',6,5661,to_date('20-AUG-12','DD-MON-RR'),5661,to_date('20-AUG-12','DD-MON-RR'),0,'jobPositionTypeList','show_all');
        Insert into REPORT_PARAMETER (REPORT_PARAMETER_ID, REPORT_ID, PARAMETER_NAME, PARAMETER_CM_KEY, DATABASE_COLUMN, PARAMETER_TYPE, LIST_DEFINITION, PARAMETER_GROUP, SEQUENCE_NUM, CREATED_BY, DATE_CREATED, MODIFIED_BY, DATE_MODIFIED, VERSION, COLLECTION_NAME, DEFAULT_VALUE) 
            values (2154,4016,'participantStatus','PARTICIPANT_STATUS_FIELD','participantStatusList','selectPicklist','picklist.participantstatus','PARTICIPANTS',7,5661,sysdate,null,null,0,'participantStatusList','active');
        
      --Recognition Given By Pax      
    Insert into REPORT (REPORT_ID,REPORT_CODE, CM_ASSET_CODE,REPORT_NAME_CM_KEY,REPORT_CATEGORY_TYPE,MODULE,REPORT_DESCRIPTION_CM_KEY,REPORT_URL,IS_ACTIVE,CREATED_BY,DATE_CREATED,MODIFIED_BY,DATE_MODIFIED,VERSION, FORCE_PARAMETERS, EXPORT_ONLY, INCLUDED_IN_PLATEAU) 
          values (4017,'recGivenByPax','report.recognition.givenbypax','REPORT_NAME','recognition','install.recognition','REPORT_DESCRIPTION','/reports/displayRecognitionGivenByPaxReport.do?method=displaySummaryReport',1,0,sysdate,null,null,0, 0, 0, 0);
          --Recognition Given By Pax Charts
          Insert into REPORT_CHART (REPORT_CHART_ID, CAPTION_CM_KEY, SUBCAPTION_CM_KEY, CHART_DATA_URL, REPORT_ID, SHOW_LABELS, SHOW_LEGEND, ENABLE_SMART_LABELS, X_AXIS_NAME_CM_KEY, Y_AXIS_NAME_CM_KEY, SEQUENCE_NUM, DISPLAY_LIMIT, CREATED_BY, DATE_CREATED, VERSION, CHART_TYPE, INCLUDED_IN_PLATEAU)
            values (3070, 'RECOG_GPAX_CHART_CAPTION', 'RECOG_GPAX_CHART_SUBCAPTION', '/reports/displayRecognitionGivenByPaxReport.do?method=displayRecognitionsGivenByParticipantBarchart', 4017, 1, 1, 0, 'RECOG_GPAX_CHART_X_AXIS_NAME', 'RECOG_GPAX_CHART_Y_AXIS_NAME', 0, 20, 0, sysdate, 0, 'Column3D', 0);
        Insert into REPORT_CHART (REPORT_CHART_ID, CAPTION_CM_KEY, SUBCAPTION_CM_KEY, CHART_DATA_URL, REPORT_ID, SHOW_LABELS, SHOW_LEGEND, ENABLE_SMART_LABELS, X_AXIS_NAME_CM_KEY, Y_AXIS_NAME_CM_KEY, SEQUENCE_NUM, DISPLAY_LIMIT, CREATED_BY, DATE_CREATED, VERSION, CHART_TYPE, INCLUDED_IN_PLATEAU)
            values (3071, 'POINTS_GPAX_CHART_CAPTION', 'POINTS_GPAX_CHART_SUBCAPTION', '/reports/displayRecognitionGivenByPaxReport.do?method=displayRecognitionPointsGivenByParticipantBarchart', 4017, 1, 1, 0, 'POINTS_GPAX_CHART_X_AXIS_NAME', 'POINTS_GPAX_CHART_Y_AXIS_NAME', 1, 20, 0, sysdate, 0, 'Column3D', 0);
        Insert into REPORT_CHART (REPORT_CHART_ID, CAPTION_CM_KEY, SUBCAPTION_CM_KEY, CHART_DATA_URL, REPORT_ID, SHOW_LABELS, SHOW_LEGEND, ENABLE_SMART_LABELS, X_AXIS_NAME_CM_KEY, Y_AXIS_NAME_CM_KEY, SEQUENCE_NUM, DISPLAY_LIMIT, CREATED_BY, DATE_CREATED, VERSION, CHART_TYPE, INCLUDED_IN_PLATEAU)
            values (3072, 'RECOG_GPROMOTION_CHART_CAPTION', 'RECOG_GPROMOTION_CHART_SUBCAPTION', '/reports/displayRecognitionGivenByPaxReport.do?method=displayRecognitionsGivenByPromotionBarchart', 4017, 1, 1, 0, 'RECOG_GPROMOTION_CHART_X_AXIS_NAME', 'RECOG_GPROMOTION_CHART_Y_AXIS_NAME', 2, 20, 0, sysdate, 0, 'Column3D', 0);
        Insert into REPORT_CHART (REPORT_CHART_ID, CAPTION_CM_KEY, SUBCAPTION_CM_KEY, CHART_DATA_URL, REPORT_ID, SHOW_LABELS, SHOW_LEGEND, ENABLE_SMART_LABELS, X_AXIS_NAME_CM_KEY, Y_AXIS_NAME_CM_KEY, SEQUENCE_NUM, DISPLAY_LIMIT, CREATED_BY, DATE_CREATED, VERSION, CHART_TYPE, INCLUDED_IN_PLATEAU)
            values (3073, 'POINTS_GPROMOTION_CHART_CAPTION', 'POINTS_GPROMOTION_CHART_SUBCAPTION', '/reports/displayRecognitionGivenByPaxReport.do?method=displayRecognitionPointsGivenByPromotionBarchart', 4017, 1, 1, 0, 'POINTS_GPROMOTION_CHART_X_AXIS_NAME', 'POINTS_GPROMOTION_CHART_Y_AXIS_NAME', 3, 20, 0, sysdate, 0, 'Column3D', 0);    
        Insert into REPORT_CHART (REPORT_CHART_ID, CAPTION_CM_KEY, SUBCAPTION_CM_KEY, CHART_DATA_URL, REPORT_ID, SHOW_LABELS, SHOW_LEGEND, ENABLE_SMART_LABELS, X_AXIS_NAME_CM_KEY, Y_AXIS_NAME_CM_KEY, SEQUENCE_NUM, DISPLAY_LIMIT, CREATED_BY, DATE_CREATED, VERSION, CHART_TYPE, INCLUDED_IN_PLATEAU)
            values (3074, 'G_METRICS_BARCHART_CAPTION', 'G_METRICS_BARCHART_SUBCAPTION', '/reports/displayRecognitionGivenByPaxReport.do?method=displayRecognitionsGivenMetricsBarchart', 4017, 1, 0, 0, null, 'RECOG_GMETRICS_Y_AXIS_NAME', 4, 20, 0, sysdate, 0, 'Bar2D', 0);
        Insert into REPORT_CHART (REPORT_CHART_ID, CAPTION_CM_KEY, SUBCAPTION_CM_KEY, CHART_DATA_URL, REPORT_ID, SHOW_LABELS, SHOW_LEGEND, ENABLE_SMART_LABELS, SHOW_PERCENT_VALUES, X_AXIS_NAME_CM_KEY, Y_AXIS_NAME_CM_KEY, SEQUENCE_NUM, DISPLAY_LIMIT, CREATED_BY, DATE_CREATED, VERSION, CHART_TYPE, INCLUDED_IN_PLATEAU)
            values (3075, 'G_PAX_RATE_PIECHART_CAPTION', 'G_PAX_RATE_PIECHART_SUBCAPTION', '/reports/displayRecognitionGivenByPaxReport.do?method=displayRecognitionsGivenParticipationRateByPaxPiechart', 4017, 0, 1, 0, 1, null, null, 5, 20, 0, sysdate, 0, 'Pie2D', 0);
        --Report Parameters
        Insert into REPORT_PARAMETER (REPORT_PARAMETER_ID, REPORT_ID, PARAMETER_NAME, PARAMETER_CM_KEY, DATABASE_COLUMN, PARAMETER_TYPE, LIST_DEFINITION, PARAMETER_GROUP, SEQUENCE_NUM, CREATED_BY, DATE_CREATED, MODIFIED_BY, DATE_MODIFIED, VERSION, COLLECTION_NAME, DEFAULT_VALUE) 
            values (2156,4017,'promotionStatus','PROMOTION_STATUS_FIELD','reportPromotionStatusTypeList','selectPicklist','picklist.reportpromotion.statustype','BASICS',0,5661,to_date('20-AUG-12','DD-MON-RR'),5661,to_date('20-AUG-12','DD-MON-RR'),0,'reportPromotionStatusTypeList','live');
        Insert into REPORT_PARAMETER (REPORT_PARAMETER_ID, REPORT_ID, PARAMETER_NAME, PARAMETER_CM_KEY, DATABASE_COLUMN, PARAMETER_TYPE, LIST_DEFINITION, PARAMETER_GROUP, SEQUENCE_NUM, CREATED_BY, DATE_CREATED, MODIFIED_BY, DATE_MODIFIED, VERSION, COLLECTION_NAME, DEFAULT_VALUE, DISPLAY_ON_DASHBOARD) 
            values (2157,4017,'promotionId','PROMOTION_FIELD','promotionTypeList','multiSelectQuery','com.biperf.core.domain.node.reportParameterValueChoices.allLiveRecognitionPromotions','BASICS',1,5661,to_date('20-AUG-12','DD-MON-RR'),5661,to_date('20-AUG-12','DD-MON-RR'),0,'promotionTypeList','show_all', 1);
        Insert into REPORT_PARAMETER (REPORT_PARAMETER_ID, REPORT_ID, PARAMETER_NAME, PARAMETER_CM_KEY, DATABASE_COLUMN, PARAMETER_TYPE, LIST_DEFINITION, PARAMETER_GROUP, SEQUENCE_NUM, CREATED_BY, DATE_CREATED, MODIFIED_BY, DATE_MODIFIED, VERSION, COLLECTION_NAME, DEFAULT_VALUE, DISPLAY_ON_DASHBOARD) 
            values (2158,4017,'fromDate','START_FIELD','DATE_SUBMITTED','datePicker',null,'TIME_FRAME',2,5661,to_date('20-AUG-12','DD-MON-RR'),5661,to_date('20-AUG-12','DD-MON-RR'),0,null, '01/01/2012', 1);
        Insert into REPORT_PARAMETER (REPORT_PARAMETER_ID, REPORT_ID, PARAMETER_NAME, PARAMETER_CM_KEY, DATABASE_COLUMN, PARAMETER_TYPE, LIST_DEFINITION, PARAMETER_GROUP, SEQUENCE_NUM, CREATED_BY, DATE_CREATED, MODIFIED_BY, DATE_MODIFIED, VERSION, COLLECTION_NAME, DEFAULT_VALUE, DISPLAY_ON_DASHBOARD) 
            values (2159,4017,'toDate','END_FIELD','DATE_SUBMITTED','datePicker',null,'TIME_FRAME',3,5661,to_date('20-AUG-12','DD-MON-RR'),5661,to_date('20-AUG-12','DD-MON-RR'),0,null, '12/31/2012', 1);
        Insert into REPORT_PARAMETER (REPORT_PARAMETER_ID, REPORT_ID, PARAMETER_NAME, PARAMETER_CM_KEY, DATABASE_COLUMN, PARAMETER_TYPE, LIST_DEFINITION, PARAMETER_GROUP, SEQUENCE_NUM, CREATED_BY, DATE_CREATED, MODIFIED_BY, DATE_MODIFIED, VERSION, COLLECTION_NAME, DEFAULT_VALUE, DISPLAY_ON_DASHBOARD) 
            values (2160,4017,'parentNodeId','ORG_NAME','organizationList','selectQuery','com.biperf.core.domain.node.processParameterValueChoices.NodesAsHierarchyByUser','PARTICIPANTS',4,5661,to_date('20-AUG-12','DD-MON-RR'),5661,to_date('20-AUG-12','DD-MON-RR'),0,'organizationList','show_all', 1);
        Insert into REPORT_PARAMETER (REPORT_PARAMETER_ID, REPORT_ID, PARAMETER_NAME, PARAMETER_CM_KEY, DATABASE_COLUMN, PARAMETER_TYPE, LIST_DEFINITION, PARAMETER_GROUP, SEQUENCE_NUM, CREATED_BY, DATE_CREATED, MODIFIED_BY, DATE_MODIFIED, VERSION, COLLECTION_NAME, DEFAULT_VALUE) 
            values (2161,4017,'department','DEPARTMENT_FIELD','departmentTypeList','multiSelectPick','picklist.department.type','PARTICIPANTS',5,5661,to_date('20-AUG-12','DD-MON-RR'),5661,to_date('20-AUG-12','DD-MON-RR'),0,'departmentTypeList','show_all');
        Insert into REPORT_PARAMETER (REPORT_PARAMETER_ID, REPORT_ID, PARAMETER_NAME, PARAMETER_CM_KEY, DATABASE_COLUMN, PARAMETER_TYPE, LIST_DEFINITION, PARAMETER_GROUP, SEQUENCE_NUM, CREATED_BY, DATE_CREATED, MODIFIED_BY, DATE_MODIFIED, VERSION, COLLECTION_NAME, DEFAULT_VALUE) 
            values (2162,4017,'jobPosition','JOB_POSITION_FIELD','positionTypeList','selectPicklist','picklist.positiontype','PARTICIPANTS',6,5661,to_date('20-AUG-12','DD-MON-RR'),5661,to_date('20-AUG-12','DD-MON-RR'),0,'jobPositionTypeList','show_all');
        Insert into REPORT_PARAMETER (REPORT_PARAMETER_ID, REPORT_ID, PARAMETER_NAME, PARAMETER_CM_KEY, DATABASE_COLUMN, PARAMETER_TYPE, LIST_DEFINITION, PARAMETER_GROUP, SEQUENCE_NUM, CREATED_BY, DATE_CREATED, MODIFIED_BY, DATE_MODIFIED, VERSION, COLLECTION_NAME, DEFAULT_VALUE) 
            values (2163,4017,'participantStatus','PARTICIPANT_STATUS_FIELD','participantStatusList','selectPicklist','picklist.participantstatus','PARTICIPANTS',7,5661,to_date('20-AUG-12','DD-MON-RR'),5661,to_date('20-AUG-12','DD-MON-RR'),0,'participantStatusList','active');
        Insert into REPORT_PARAMETER (REPORT_PARAMETER_ID, REPORT_ID, PARAMETER_NAME, PARAMETER_CM_KEY, DATABASE_COLUMN, PARAMETER_TYPE, LIST_DEFINITION, PARAMETER_GROUP, SEQUENCE_NUM, CREATED_BY, DATE_CREATED, MODIFIED_BY, DATE_MODIFIED, VERSION, COLLECTION_NAME, DEFAULT_VALUE) 
            values (2165,4017,'countryId','COUNTRY_FIELD','countryList','multiSelectQuery','com.biperf.core.domain.country.processParameterValueChoices.allLiveCountries','PARTICIPANTS',9,5661,to_date('20-AUG-12','DD-MON-RR'),5661,to_date('20-AUG-12','DD-MON-RR'),0,'countryList','show_all');
           
      --Recognition Received By Pax    
    Insert into REPORT (REPORT_ID,REPORT_CODE, CM_ASSET_CODE,REPORT_NAME_CM_KEY,REPORT_CATEGORY_TYPE,MODULE,REPORT_DESCRIPTION_CM_KEY,REPORT_URL,IS_ACTIVE,CREATED_BY,DATE_CREATED,MODIFIED_BY,DATE_MODIFIED,VERSION, FORCE_PARAMETERS, EXPORT_ONLY, INCLUDED_IN_PLATEAU) 
          values (4018,'recReceivedByPax','report.recognition.receivedbypax','REPORT_NAME','recognition','install.recognition','REPORT_DESCRIPTION','/reports/displayRecognitionReceivedByPaxReport.do?method=displaySummaryReport',1,0,sysdate,null,null,0,0,0, 0);
          --Recognition Received By Pax Charts
          Insert into REPORT_CHART (REPORT_CHART_ID, CAPTION_CM_KEY, SUBCAPTION_CM_KEY, CHART_DATA_URL, REPORT_ID, SHOW_LABELS, SHOW_LEGEND, ENABLE_SMART_LABELS, X_AXIS_NAME_CM_KEY, Y_AXIS_NAME_CM_KEY, SEQUENCE_NUM, DISPLAY_LIMIT, CREATED_BY, DATE_CREATED, VERSION, CHART_TYPE, INCLUDED_IN_PLATEAU)
            values (3076, 'RECOG_RPAX_CHART_CAPTION', 'RECOG_RPAX_CHART_SUBCAPTION', '/reports/displayRecognitionReceivedByPaxReport.do?method=displayRecognitionsReceivedByParticipantBarchart', 4018, 1, 1, 0, 'RECOG_RPAX_CHART_X_AXIS_NAME', 'RECOG_RPAX_CHART_Y_AXIS_NAME', 0, 20, 0, sysdate, 0, 'Column3D', 0);
        Insert into REPORT_CHART (REPORT_CHART_ID, CAPTION_CM_KEY, SUBCAPTION_CM_KEY, CHART_DATA_URL, REPORT_ID, SHOW_LABELS, SHOW_LEGEND, ENABLE_SMART_LABELS, X_AXIS_NAME_CM_KEY, Y_AXIS_NAME_CM_KEY, SEQUENCE_NUM, DISPLAY_LIMIT, CREATED_BY, DATE_CREATED, VERSION, CHART_TYPE, INCLUDED_IN_PLATEAU)
            values (3077, 'POINTS_RPAX_CHART_CAPTION', 'POINTS_RPAX_CHART_SUBCAPTION', '/reports/displayRecognitionReceivedByPaxReport.do?method=displayRecognitionPointsReceivedByParticipantBarchart', 4018, 1, 1, 0, 'POINTS_RPAX_CHART_X_AXIS_NAME', 'POINTS_RPAX_CHART_Y_AXIS_NAME', 1, 20, 0, sysdate, 0, 'Column3D', 0);
        Insert into REPORT_CHART (REPORT_CHART_ID, CAPTION_CM_KEY, SUBCAPTION_CM_KEY, CHART_DATA_URL, REPORT_ID, SHOW_LABELS, SHOW_LEGEND, ENABLE_SMART_LABELS, X_AXIS_NAME_CM_KEY, Y_AXIS_NAME_CM_KEY, SEQUENCE_NUM, DISPLAY_LIMIT, CREATED_BY, DATE_CREATED, VERSION, CHART_TYPE, INCLUDED_IN_PLATEAU)
            values (3078, 'RECOG_RPROMOTION_CHART_CAPTION', 'RECOG_RPROMOTION_CHART_SUBCAPTION', '/reports/displayRecognitionReceivedByPaxReport.do?method=displayRecognitionsReceivedByPromotionBarchart', 4018, 1, 1, 0, 'RECOG_RPROMOTION_CHART_X_AXIS_NAME', 'RECOG_RPROMOTION_CHART_Y_AXIS_NAME', 2, 20, 0, sysdate, 0, 'Column3D', 0);
        --Insert into REPORT_CHART (REPORT_CHART_ID, CAPTION_CM_KEY, SUBCAPTION_CM_KEY, CHART_DATA_URL, REPORT_ID, SHOW_LABELS, SHOW_LEGEND, ENABLE_SMART_LABELS, X_AXIS_NAME_CM_KEY, Y_AXIS_NAME_CM_KEY, SEQUENCE_NUM, DISPLAY_LIMIT, CREATED_BY, DATE_CREATED, VERSION, CHART_TYPE, INCLUDED_IN_PLATEAU)
            --values (3001, 'POINTS_RPROMOTION_CHART_CAPTION', 'POINTS_RPROMOTION_CHART_SUBCAPTION', '/reports/displayRecognitionReceivedByPaxReport.do?method=displayRecognitionPointsReceivedByPromotionBarchart', 4018, 1, 1, 0, 'POINTS_RPROMOTION_CHART_X_AXIS_NAME', 'POINTS_RPROMOTION_CHART_Y_AXIS_NAME', 3, 20, 0, sysdate, 0, 'Column3D', 0);    
        Insert into REPORT_CHART (REPORT_CHART_ID, CAPTION_CM_KEY, SUBCAPTION_CM_KEY, CHART_DATA_URL, REPORT_ID, SHOW_LABELS, SHOW_LEGEND, ENABLE_SMART_LABELS, X_AXIS_NAME_CM_KEY, Y_AXIS_NAME_CM_KEY, SEQUENCE_NUM, DISPLAY_LIMIT, CREATED_BY, DATE_CREATED, VERSION, CHART_TYPE, INCLUDED_IN_PLATEAU)
            values (3079, 'R_METRICS_BARCHART_CAPTION', 'R_METRICS_BARCHART_SUBCAPTION', '/reports/displayRecognitionReceivedByPaxReport.do?method=displayRecognitionsReceivedMetricsBarchart', 4018, 1, 0, 0, null, 'METRICS_CHART_RPAX_Y_AXIS_NAME', 3, 20, 0, sysdate, 0, 'Bar2D', 0);
        Insert into REPORT_CHART (REPORT_CHART_ID, CAPTION_CM_KEY, SUBCAPTION_CM_KEY, CHART_DATA_URL, REPORT_ID, SHOW_LABELS, SHOW_LEGEND, ENABLE_SMART_LABELS, SHOW_PERCENT_VALUES, X_AXIS_NAME_CM_KEY, Y_AXIS_NAME_CM_KEY, SEQUENCE_NUM, DISPLAY_LIMIT, CREATED_BY, DATE_CREATED, VERSION, CHART_TYPE, INCLUDED_IN_PLATEAU)
            values (3080, 'R_PAX_RATE_PIECHART_CAPTION', 'R_PAX_RATE_PIECHART_SUBCAPTION', '/reports/displayRecognitionReceivedByPaxReport.do?method=displayRecognitionsReceivedParticipationRateByPaxPiechart', 4018, 0, 1, 0, 1, null, null, 4, 20, 0, sysdate, 0, 'Pie2D', 0);
        Insert into REPORT_CHART (REPORT_CHART_ID, CAPTION_CM_KEY, SUBCAPTION_CM_KEY, CHART_DATA_URL, REPORT_ID, SHOW_LABELS, SHOW_LEGEND, ENABLE_SMART_LABELS, SHOW_PERCENT_VALUES, X_AXIS_NAME_CM_KEY, Y_AXIS_NAME_CM_KEY, SEQUENCE_NUM, DISPLAY_LIMIT, CREATED_BY, DATE_CREATED, VERSION, CHART_TYPE, INCLUDED_IN_PLATEAU)
            values (3081, 'R_PAX_SCATTER_CAPTION', 'R_PAX_SCATTER_SUBCAPTION', '/reports/displayRecognitionReceivedByPaxReport.do?method=displayRecognitionsReceivedScatterPlot', 4018, 0, 1, 0, 1, 'REC_RECEIVED_SCATTER_X_AXIS_NAME', 'REC_RECEIVED_SCATTER_Y_AXIS_NAME', 5, 20, 0, sysdate, 0, 'Scatter', 0);
        --Report Parameters
        Insert into REPORT_PARAMETER (REPORT_PARAMETER_ID, REPORT_ID, PARAMETER_NAME, PARAMETER_CM_KEY, DATABASE_COLUMN, PARAMETER_TYPE, LIST_DEFINITION, PARAMETER_GROUP, SEQUENCE_NUM, CREATED_BY, DATE_CREATED, MODIFIED_BY, DATE_MODIFIED, VERSION, COLLECTION_NAME, DEFAULT_VALUE) 
            values (2166,4018,'promotionStatus','PROMOTION_STATUS_FIELD','reportPromotionStatusTypeList','selectPicklist','picklist.reportpromotion.statustype','BASICS',0,5661,to_date('20-AUG-12','DD-MON-RR'),5661,to_date('20-AUG-12','DD-MON-RR'),0,'reportPromotionStatusTypeList','live');
        Insert into REPORT_PARAMETER (REPORT_PARAMETER_ID, REPORT_ID, PARAMETER_NAME, PARAMETER_CM_KEY, DATABASE_COLUMN, PARAMETER_TYPE, LIST_DEFINITION, PARAMETER_GROUP, SEQUENCE_NUM, CREATED_BY, DATE_CREATED, MODIFIED_BY, DATE_MODIFIED, VERSION, COLLECTION_NAME, DEFAULT_VALUE, DISPLAY_ON_DASHBOARD) 
            values (2167,4018,'promotionId','PROMOTION_FIELD','promotionTypeList','multiSelectQuery','com.biperf.core.domain.node.reportParameterValueChoices.allLiveRecognitionPromotions','BASICS',1,5661,to_date('20-AUG-12','DD-MON-RR'),5661,to_date('20-AUG-12','DD-MON-RR'),0,'promotionTypeList','show_all', 1);
        Insert into REPORT_PARAMETER (REPORT_PARAMETER_ID, REPORT_ID, PARAMETER_NAME, PARAMETER_CM_KEY, DATABASE_COLUMN, PARAMETER_TYPE, LIST_DEFINITION, PARAMETER_GROUP, SEQUENCE_NUM, CREATED_BY, DATE_CREATED, MODIFIED_BY, DATE_MODIFIED, VERSION, COLLECTION_NAME, DEFAULT_VALUE, DISPLAY_ON_DASHBOARD) 
            values (2168,4018,'fromDate','START_FIELD','DATE_SUBMITTED','datePicker',null,'TIME_FRAME',2,5661,to_date('20-AUG-12','DD-MON-RR'),5661,to_date('20-AUG-12','DD-MON-RR'),0,null, '01/01/2012', 1);
        Insert into REPORT_PARAMETER (REPORT_PARAMETER_ID, REPORT_ID, PARAMETER_NAME, PARAMETER_CM_KEY, DATABASE_COLUMN, PARAMETER_TYPE, LIST_DEFINITION, PARAMETER_GROUP, SEQUENCE_NUM, CREATED_BY, DATE_CREATED, MODIFIED_BY, DATE_MODIFIED, VERSION, COLLECTION_NAME, DEFAULT_VALUE, DISPLAY_ON_DASHBOARD) 
            values (2169,4018,'toDate','END_FIELD','DATE_SUBMITTED','datePicker',null,'TIME_FRAME',3,5661,to_date('20-AUG-12','DD-MON-RR'),5661,to_date('20-AUG-12','DD-MON-RR'),0,null, '12/31/2012', 1);
        Insert into REPORT_PARAMETER (REPORT_PARAMETER_ID, REPORT_ID, PARAMETER_NAME, PARAMETER_CM_KEY, DATABASE_COLUMN, PARAMETER_TYPE, LIST_DEFINITION, PARAMETER_GROUP, SEQUENCE_NUM, CREATED_BY, DATE_CREATED, MODIFIED_BY, DATE_MODIFIED, VERSION, COLLECTION_NAME, DEFAULT_VALUE, DISPLAY_ON_DASHBOARD) 
            values (2170,4018,'parentNodeId','ORG_NAME','organizationList','selectQuery','com.biperf.core.domain.node.processParameterValueChoices.NodesAsHierarchyByUser','PARTICIPANTS',4,5661,to_date('20-AUG-12','DD-MON-RR'),5661,to_date('20-AUG-12','DD-MON-RR'),0,'organizationList','show_all', 1);
        Insert into REPORT_PARAMETER (REPORT_PARAMETER_ID, REPORT_ID, PARAMETER_NAME, PARAMETER_CM_KEY, DATABASE_COLUMN, PARAMETER_TYPE, LIST_DEFINITION, PARAMETER_GROUP, SEQUENCE_NUM, CREATED_BY, DATE_CREATED, MODIFIED_BY, DATE_MODIFIED, VERSION, COLLECTION_NAME, DEFAULT_VALUE) 
            values (2171,4018,'department','DEPARTMENT_FIELD','departmentTypeList','multiSelectPick','picklist.department.type','PARTICIPANTS',5,5661,to_date('20-AUG-12','DD-MON-RR'),5661,to_date('20-AUG-12','DD-MON-RR'),0,'departmentTypeList','show_all');
        Insert into REPORT_PARAMETER (REPORT_PARAMETER_ID, REPORT_ID, PARAMETER_NAME, PARAMETER_CM_KEY, DATABASE_COLUMN, PARAMETER_TYPE, LIST_DEFINITION, PARAMETER_GROUP, SEQUENCE_NUM, CREATED_BY, DATE_CREATED, MODIFIED_BY, DATE_MODIFIED, VERSION, COLLECTION_NAME, DEFAULT_VALUE) 
            values (2172,4018,'jobPosition','JOB_POSITION_FIELD','positionTypeList','selectPicklist','picklist.positiontype','PARTICIPANTS',6,5661,to_date('20-AUG-12','DD-MON-RR'),5661,to_date('20-AUG-12','DD-MON-RR'),0,'jobPositionTypeList','show_all');
        Insert into REPORT_PARAMETER (REPORT_PARAMETER_ID, REPORT_ID, PARAMETER_NAME, PARAMETER_CM_KEY, DATABASE_COLUMN, PARAMETER_TYPE, LIST_DEFINITION, PARAMETER_GROUP, SEQUENCE_NUM, CREATED_BY, DATE_CREATED, MODIFIED_BY, DATE_MODIFIED, VERSION, COLLECTION_NAME, DEFAULT_VALUE) 
            values (2173,4018,'participantStatus','PARTICIPANT_STATUS_FIELD','participantStatusList','selectPicklist','picklist.participantstatus','PARTICIPANTS',7,5661,to_date('20-AUG-12','DD-MON-RR'),5661,to_date('20-AUG-12','DD-MON-RR'),0,'participantStatusList','active');
        Insert into REPORT_PARAMETER (REPORT_PARAMETER_ID, REPORT_ID, PARAMETER_NAME, PARAMETER_CM_KEY, DATABASE_COLUMN, PARAMETER_TYPE, LIST_DEFINITION, PARAMETER_GROUP, SEQUENCE_NUM, CREATED_BY, DATE_CREATED, MODIFIED_BY, DATE_MODIFIED, VERSION, COLLECTION_NAME, DEFAULT_VALUE) 
            values (2175,4018,'countryId','COUNTRY_FIELD','countryList','multiSelectQuery','com.biperf.core.domain.country.processParameterValueChoices.allLiveCountries','PARTICIPANTS',9,5661,to_date('20-AUG-12','DD-MON-RR'),5661,to_date('20-AUG-12','DD-MON-RR'),0,'countryList','show_all');
            
   --Quiz Activity Report
    Insert into REPORT (REPORT_ID,REPORT_CODE, CM_ASSET_CODE, REPORT_NAME_CM_KEY, REPORT_CATEGORY_TYPE, MODULE, REPORT_DESCRIPTION_CM_KEY, REPORT_URL, IS_ACTIVE, CREATED_BY, DATE_CREATED, VERSION, FORCE_PARAMETERS, EXPORT_ONLY, INCLUDED_IN_PLATEAU)
           values (4019,'quizActivity','report.quizzes.quizactivity','REPORT_NAME', 'quizzes','install.quizzes', 'REPORT_DESCRIPTION', '/reports/displayQuizActivityReport.do?method=displaySummaryReport', 1, 0, sysdate, 0, 0, 0, 1);
           --Quiz Activity Charts
           Insert into REPORT_CHART (REPORT_CHART_ID, CAPTION_CM_KEY, SUBCAPTION_CM_KEY, CHART_DATA_URL, REPORT_ID, SHOW_LABELS, SHOW_LEGEND, ENABLE_SMART_LABELS, X_AXIS_NAME_CM_KEY, Y_AXIS_NAME_CM_KEY, SEQUENCE_NUM, DISPLAY_LIMIT, CREATED_BY, DATE_CREATED, VERSION, CHART_TYPE, INCLUDED_IN_PLATEAU)
            values (3082, 'Q_ACT_BARCHART_CAPTION', 'Q_ACT_BARCHART_SUBCAPTION', '/reports/displayQuizActivityReport.do?method=displayQuizActivityForOrgBarchart', 4019, 1, 1, 0, 'QUIZ_ACTIVITY_XAXIS', 'QUIZ_ACTIVITY_YAXIS', 0, 20, 0, sysdate, 0, 'MSColumn3D', 1);
         Insert into REPORT_CHART (REPORT_CHART_ID, CAPTION_CM_KEY, SUBCAPTION_CM_KEY, CHART_DATA_URL, REPORT_ID, SHOW_LABELS, SHOW_LEGEND, ENABLE_SMART_LABELS, X_AXIS_NAME_CM_KEY, Y_AXIS_NAME_CM_KEY, SEQUENCE_NUM, DISPLAY_LIMIT, CREATED_BY, DATE_CREATED, VERSION, CHART_TYPE, INCLUDED_IN_PLATEAU)
            values (3083, 'Q_STAT_BARCHART_CAPTION', 'Q_STAT_BARCHART_SUBCAPTION', '/reports/displayQuizActivityReport.do?method=displayQuizStatusPercentForOrgBarchart', 4019, 1, 1, 0, 'QUIZ_STATUS_XAXIS', 'QUIZ_STATUS_YAXIS', 1, 20, 0, sysdate, 0, 'MSColumn3D', 1);
         --Report Parameters
        Insert into REPORT_PARAMETER (REPORT_PARAMETER_ID, REPORT_ID, PARAMETER_NAME, PARAMETER_CM_KEY, DATABASE_COLUMN, PARAMETER_TYPE, LIST_DEFINITION, PARAMETER_GROUP, SEQUENCE_NUM, CREATED_BY, DATE_CREATED, MODIFIED_BY, DATE_MODIFIED, VERSION, COLLECTION_NAME, DEFAULT_VALUE) 
            values (2176,4019,'promotionStatus','PROMOTION_STATUS_FIELD','reportPromotionStatusTypeList','selectPicklist','picklist.reportpromotion.statustype','BASICS',0,5661,to_date('20-AUG-12','DD-MON-RR'),5661,to_date('20-AUG-12','DD-MON-RR'),0,'reportPromotionStatusTypeList','live');
        Insert into REPORT_PARAMETER (REPORT_PARAMETER_ID, REPORT_ID, PARAMETER_NAME, PARAMETER_CM_KEY, DATABASE_COLUMN, PARAMETER_TYPE, LIST_DEFINITION, PARAMETER_GROUP, SEQUENCE_NUM, CREATED_BY, DATE_CREATED, MODIFIED_BY, DATE_MODIFIED, VERSION, COLLECTION_NAME, DEFAULT_VALUE, DISPLAY_ON_DASHBOARD) 
            values (2177,4019,'promotionId','PROMOTION_FIELD','promotionTypeList','multiSelectQuery','com.biperf.core.domain.node.reportParameterValueChoices.allLiveQuizAndDIYQuizPromotions','BASICS',1,5661,to_date('20-AUG-12','DD-MON-RR'),5661,to_date('20-AUG-12','DD-MON-RR'),0,'promotionTypeList','show_all', 1);
        Insert into REPORT_PARAMETER (REPORT_PARAMETER_ID, REPORT_ID, PARAMETER_NAME, PARAMETER_CM_KEY, DATABASE_COLUMN, PARAMETER_TYPE, LIST_DEFINITION, PARAMETER_GROUP, SEQUENCE_NUM, CREATED_BY, DATE_CREATED, MODIFIED_BY, DATE_MODIFIED, VERSION, COLLECTION_NAME, DEFAULT_VALUE, DISPLAY_ON_DASHBOARD) 
            values (2178,4019,'fromDate','START_FIELD','DATE_SUBMITTED','datePicker',null,'TIME_FRAME',2,5661,to_date('20-AUG-12','DD-MON-RR'),5661,to_date('20-AUG-12','DD-MON-RR'),0,null, '01/01/2012', 1);
        Insert into REPORT_PARAMETER (REPORT_PARAMETER_ID, REPORT_ID, PARAMETER_NAME, PARAMETER_CM_KEY, DATABASE_COLUMN, PARAMETER_TYPE, LIST_DEFINITION, PARAMETER_GROUP, SEQUENCE_NUM, CREATED_BY, DATE_CREATED, MODIFIED_BY, DATE_MODIFIED, VERSION, COLLECTION_NAME, DEFAULT_VALUE, DISPLAY_ON_DASHBOARD) 
            values (2179,4019,'toDate','END_FIELD','DATE_SUBMITTED','datePicker',null,'TIME_FRAME',3,5661,to_date('20-AUG-12','DD-MON-RR'),5661,to_date('20-AUG-12','DD-MON-RR'),0,null, '12/31/2012', 1);
        Insert into REPORT_PARAMETER (REPORT_PARAMETER_ID, REPORT_ID, PARAMETER_NAME, PARAMETER_CM_KEY, DATABASE_COLUMN, PARAMETER_TYPE, LIST_DEFINITION, PARAMETER_GROUP, SEQUENCE_NUM, CREATED_BY, DATE_CREATED, MODIFIED_BY, DATE_MODIFIED, VERSION, COLLECTION_NAME, DEFAULT_VALUE) 
            values (2180,4019,'participantStatus','PARTICIPANT_STATUS_FIELD','participantStatusList','selectPicklist','picklist.participantstatus','PARTICIPANTS',4,5661,to_date('20-AUG-12','DD-MON-RR'),5661,to_date('20-AUG-12','DD-MON-RR'),0,'participantStatusList','active');
        Insert into REPORT_PARAMETER (REPORT_PARAMETER_ID, REPORT_ID, PARAMETER_NAME, PARAMETER_CM_KEY, DATABASE_COLUMN, PARAMETER_TYPE, LIST_DEFINITION, PARAMETER_GROUP, SEQUENCE_NUM, CREATED_BY, DATE_CREATED, MODIFIED_BY, DATE_MODIFIED, VERSION, COLLECTION_NAME, DEFAULT_VALUE) 
            values (2181,4019,'jobPosition','JOB_POSITION_FIELD','positionTypeList','selectPicklist','picklist.positiontype','PARTICIPANTS',5,5661,to_date('20-AUG-12','DD-MON-RR'),5661,to_date('20-AUG-12','DD-MON-RR'),0,'jobPositionTypeList','show_all');
        Insert into REPORT_PARAMETER (REPORT_PARAMETER_ID, REPORT_ID, PARAMETER_NAME, PARAMETER_CM_KEY, DATABASE_COLUMN, PARAMETER_TYPE, LIST_DEFINITION, PARAMETER_GROUP, SEQUENCE_NUM, CREATED_BY, DATE_CREATED, MODIFIED_BY, DATE_MODIFIED, VERSION, COLLECTION_NAME, DEFAULT_VALUE) 
            values (2182,4019,'department','DEPARTMENT_FIELD','departmentTypeList','multiSelectPick','picklist.department.type','PARTICIPANTS',6,5661,to_date('20-AUG-12','DD-MON-RR'),5661,to_date('20-AUG-12','DD-MON-RR'),0,'departmentTypeList','show_all');
        Insert into REPORT_PARAMETER (REPORT_PARAMETER_ID, REPORT_ID, PARAMETER_NAME, PARAMETER_CM_KEY, DATABASE_COLUMN, PARAMETER_TYPE, LIST_DEFINITION, PARAMETER_GROUP, SEQUENCE_NUM, CREATED_BY, DATE_CREATED, MODIFIED_BY, DATE_MODIFIED, VERSION, COLLECTION_NAME, DEFAULT_VALUE) 
            values (2183,4019,'result','QUIZ_RESULT','quizResultTypeList','selectPicklist','picklist.quiz.result.type','EXPORT_SELECTION',7,5661,to_date('20-AUG-12','DD-MON-RR'),5661,to_date('20-AUG-12','DD-MON-RR'),0,'quizResultTypeList',null);
           
    --Quiz Analysis Report
    Insert into REPORT (REPORT_ID,REPORT_CODE, CM_ASSET_CODE, REPORT_NAME_CM_KEY, REPORT_CATEGORY_TYPE, MODULE, REPORT_DESCRIPTION_CM_KEY, REPORT_URL, IS_ACTIVE, CREATED_BY, DATE_CREATED, VERSION, FORCE_PARAMETERS, EXPORT_ONLY, INCLUDED_IN_PLATEAU)
           values (4020,'quizAnalysis','report.quizzes.quizanalysis','REPORT_NAME', 'quizzes','install.quizzes', 'REPORT_DESCRIPTION', '/reports/displayQuizAnalysisReport.do?method=displaySummaryReport', 1, 0, sysdate, 0, 1, 0, 1);
           --Quiz Analysis Charts
           Insert into REPORT_CHART (REPORT_CHART_ID, CAPTION_CM_KEY, SUBCAPTION_CM_KEY, CHART_DATA_URL, REPORT_ID, SHOW_LABELS, SHOW_LEGEND, ENABLE_SMART_LABELS, X_AXIS_NAME_CM_KEY, Y_AXIS_NAME_CM_KEY, SEQUENCE_NUM, DISPLAY_LIMIT, CREATED_BY, DATE_CREATED, VERSION, CHART_TYPE, INCLUDED_IN_PLATEAU)
            values (3084, 'Q_QUES_BARCHART_CAPTION', 'Q_QUES_BARCHART_SUBCAPTION', '/reports/displayQuizAnalysisReport.do?method=displayQuizQuestionAnalysisBarchart', 4020, 1, 1, 0, 'QUIZ_QUESTION_XAXIS', 'QUIZ_QUESTION_YAXIS', 0, 20, 0, sysdate, 0, 'MSColumn3D', 1);
         Insert into REPORT_CHART (REPORT_CHART_ID, CAPTION_CM_KEY, SUBCAPTION_CM_KEY, CHART_DATA_URL, REPORT_ID, SHOW_LABELS, SHOW_LEGEND, ENABLE_SMART_LABELS, X_AXIS_NAME_CM_KEY, Y_AXIS_NAME_CM_KEY, SEQUENCE_NUM, DISPLAY_LIMIT, CREATED_BY, DATE_CREATED, VERSION, CHART_TYPE, INCLUDED_IN_PLATEAU)
            values (3085, 'Q_ATPT_BARCHART_CAPTION', 'Q_ATPT_BARCHART_SUBCAPTION', '/reports/displayQuizAnalysisReport.do?method=displayQuizAttemptsPercentForOrgBarchart', 4020, 1, 1, 0, 'QUIZ_ATTEMPT_XAXIS', 'QUIZ_ATTEMPT_YAXIS', 1, 20, 0, sysdate, 0, 'MSColumn3D', 1);
         Insert into REPORT_CHART (REPORT_CHART_ID, CAPTION_CM_KEY, SUBCAPTION_CM_KEY, CHART_DATA_URL, REPORT_ID, SHOW_LABELS, SHOW_LEGEND, ENABLE_SMART_LABELS, X_AXIS_NAME_CM_KEY, Y_AXIS_NAME_CM_KEY, SEQUENCE_NUM, DISPLAY_LIMIT, CREATED_BY, DATE_CREATED, VERSION, CHART_TYPE, INCLUDED_IN_PLATEAU)
            values (3086, 'Q_ANASTAT_BARCHART_CAPTION', 'Q_ANASTAT_BARCHART_SUBCAPTION', '/reports/displayQuizAnalysisReport.do?method=displayQuizAttemptStatusForOrgBarchart', 4020, 1, 1, 0, 'QUIZ_ATTEMPT_STATUS_XAXIS', 'QUIZ_ATTEMPT_STATUS_YAXIS', 2, 20, 0, sysdate, 0, 'MSColumn3D', 1);
         --Report Parameters
        Insert into REPORT_PARAMETER (REPORT_PARAMETER_ID, REPORT_ID, PARAMETER_NAME, PARAMETER_CM_KEY, DATABASE_COLUMN, PARAMETER_TYPE, LIST_DEFINITION, PARAMETER_GROUP, SEQUENCE_NUM, CREATED_BY, DATE_CREATED, MODIFIED_BY, DATE_MODIFIED, VERSION, COLLECTION_NAME, DEFAULT_VALUE) 
            values (2184,4020,'promotionStatus','PROMOTION_STATUS_FIELD','reportPromotionStatusTypeList','selectPicklist','picklist.reportpromotion.statustype','BASICS',0,5661,to_date('20-AUG-12','DD-MON-RR'),5661,to_date('20-AUG-12','DD-MON-RR'),0,'reportPromotionStatusTypeList','live');
        Insert into REPORT_PARAMETER (REPORT_PARAMETER_ID, REPORT_ID, PARAMETER_NAME, PARAMETER_CM_KEY, DATABASE_COLUMN, PARAMETER_TYPE, LIST_DEFINITION, PARAMETER_GROUP, SEQUENCE_NUM, CREATED_BY, DATE_CREATED, MODIFIED_BY, DATE_MODIFIED, VERSION, COLLECTION_NAME, DEFAULT_VALUE, DISPLAY_ON_DASHBOARD) 
            values (2185,4020,'promotionId','PROMOTION_FIELD','promotionTypeList','selectQuery','com.biperf.core.domain.node.reportParameterValueChoices.allLiveQuizAndDIYQuizPromotions','BASICS',1,5661,to_date('20-AUG-12','DD-MON-RR'),5661,to_date('20-AUG-12','DD-MON-RR'),0,'promotionTypeList','show_all', 1);
        Insert into REPORT_PARAMETER (REPORT_PARAMETER_ID, REPORT_ID, PARAMETER_NAME, PARAMETER_CM_KEY, DATABASE_COLUMN, PARAMETER_TYPE, LIST_DEFINITION, PARAMETER_GROUP, SEQUENCE_NUM, CREATED_BY, DATE_CREATED, MODIFIED_BY, DATE_MODIFIED, VERSION, COLLECTION_NAME, DEFAULT_VALUE, DISPLAY_ON_DASHBOARD) 
            values (2186,4020,'fromDate','START_FIELD','DATE_SUBMITTED','datePicker',null,'TIME_FRAME',2,5661,to_date('20-AUG-12','DD-MON-RR'),5661,to_date('20-AUG-12','DD-MON-RR'),0,null, '01/01/2012', 1);
        Insert into REPORT_PARAMETER (REPORT_PARAMETER_ID, REPORT_ID, PARAMETER_NAME, PARAMETER_CM_KEY, DATABASE_COLUMN, PARAMETER_TYPE, LIST_DEFINITION, PARAMETER_GROUP, SEQUENCE_NUM, CREATED_BY, DATE_CREATED, MODIFIED_BY, DATE_MODIFIED, VERSION, COLLECTION_NAME, DEFAULT_VALUE, DISPLAY_ON_DASHBOARD) 
            values (2187,4020,'toDate','END_FIELD','DATE_SUBMITTED','datePicker',null,'TIME_FRAME',3,5661,to_date('20-AUG-12','DD-MON-RR'),5661,to_date('20-AUG-12','DD-MON-RR'),0,null, '12/31/2012', 1);

    --Hierarchy Export Report
    Insert into REPORT (REPORT_ID,REPORT_CODE, CM_ASSET_CODE, REPORT_NAME_CM_KEY, REPORT_CATEGORY_TYPE, MODULE,REPORT_DESCRIPTION_CM_KEY, REPORT_URL, IS_ACTIVE, CREATED_BY, DATE_CREATED, VERSION, FORCE_PARAMETERS, EXPORT_ONLY, INCLUDED_IN_PLATEAU)
           values (4021,'hierarchyExport','report.hierarchy.extract','REPORT_NAME', 'core', 'core','REPORT_DESCRIPTION', '/reports/displayHierarchyExportReport.do?method=displaySummaryReport', 1, 0, sysdate, 0, 0, 1, 1);
      
      --Participant Export Report
    Insert into REPORT (REPORT_ID,REPORT_CODE, CM_ASSET_CODE, REPORT_NAME_CM_KEY, REPORT_CATEGORY_TYPE, MODULE, REPORT_DESCRIPTION_CM_KEY, REPORT_URL, IS_ACTIVE, CREATED_BY, DATE_CREATED, VERSION, FORCE_PARAMETERS, EXPORT_ONLY, INCLUDED_IN_PLATEAU)
           values (4022,'participantExport','report.participant.extract','REPORT_NAME', 'core', 'core', 'REPORT_DESCRIPTION', '/reports/displayParticipantExportReport.do?method=displaySummaryReport', 1, 0, sysdate, 0,0,1, 1);
          
    --Individual Activity
    Insert into REPORT (REPORT_ID,REPORT_CODE, CM_ASSET_CODE,REPORT_NAME_CM_KEY,REPORT_CATEGORY_TYPE, MODULE,REPORT_DESCRIPTION_CM_KEY,REPORT_URL,IS_ACTIVE,CREATED_BY,DATE_CREATED,MODIFIED_BY,DATE_MODIFIED,VERSION, FORCE_PARAMETERS, EXPORT_ONLY, INCLUDED_IN_PLATEAU) 
          values (4023,'individualActivity','report.individual.activity','REPORT_NAME','core','core','REPORT_DESCRIPTION','/reports/displayIndividualActivityReport.do?method=displaySummaryReport',1,0,sysdate,null,null,0, 1, 0, 0);
        --Individual Activity Charts
        Insert into REPORT_CHART (REPORT_CHART_ID, CAPTION_CM_KEY, SUBCAPTION_CM_KEY, CHART_DATA_URL, REPORT_ID, SHOW_LABELS, SHOW_LEGEND, ENABLE_SMART_LABELS, X_AXIS_NAME_CM_KEY, Y_AXIS_NAME_CM_KEY, SEQUENCE_NUM, DISPLAY_LIMIT, CREATED_BY, DATE_CREATED, VERSION, CHART_TYPE, INCLUDED_IN_PLATEAU)
            values (3087, 'POINTS_RECEIVED_CHART_CAPTION', 'POINTS_RECEIVED_CHART_SUBCAPTION', '/reports/displayIndividualActivityReport.do?method=displayPointsReceivedChart', 4023, 1, 1, 0, 'POINTS_RECEIVED_X_AXIS', 'POINTS_RECEIVED_Y_AXIS', 0, 20, 0, sysdate, 0, 'Column3D', 0);
          Insert into REPORT_CHART (REPORT_CHART_ID, CAPTION_CM_KEY, SUBCAPTION_CM_KEY, CHART_DATA_URL, REPORT_ID, SHOW_LABELS, SHOW_LEGEND, ENABLE_SMART_LABELS, X_AXIS_NAME_CM_KEY, Y_AXIS_NAME_CM_KEY, SEQUENCE_NUM, DISPLAY_LIMIT, CREATED_BY, DATE_CREATED, VERSION, CHART_TYPE, INCLUDED_IN_PLATEAU)
            values (3088, 'POINTS_GIVEN_RECEIVED_CHART_CAPTION', 'POINTS_GIVEN_RECEIVED_CHART_SUBCAPTION', '/reports/displayIndividualActivityReport.do?method=displayPointsGivenReceivedChart', 4023, 1, 1, 0, 'POINTS_GIVEN_RECEIVED_X_AXIS', 'POINTS_GIVEN_RECEIVED_Y_AXIS', 1, 20, 0, sysdate, 0, 'MSColumn3D', 0);
          Insert into REPORT_CHART (REPORT_CHART_ID, CAPTION_CM_KEY, SUBCAPTION_CM_KEY, CHART_DATA_URL, REPORT_ID, SHOW_LABELS, SHOW_LEGEND, ENABLE_SMART_LABELS, SHOW_PERCENT_VALUES, X_AXIS_NAME_CM_KEY, Y_AXIS_NAME_CM_KEY, SEQUENCE_NUM, DISPLAY_LIMIT, CREATED_BY, DATE_CREATED, VERSION, CHART_TYPE, INCLUDED_IN_PLATEAU)
            values (3089, 'TOTAL_ACTIVITY_CHART_CAPTION', 'TOTAL_ACTIVITY_CHART_SUBCAPTION', '/reports/displayIndividualActivityReport.do?method=displayTotalActivityChart', 4023, 0, 1, 0, 1, null, null, 2, 20, 0, sysdate, 0, 'Pie2D', 0);
        Insert into REPORT_CHART (REPORT_CHART_ID, CAPTION_CM_KEY, SUBCAPTION_CM_KEY, CHART_DATA_URL, REPORT_ID, SHOW_LABELS, SHOW_LEGEND, ENABLE_SMART_LABELS, SHOW_PERCENT_VALUES, X_AXIS_NAME_CM_KEY, Y_AXIS_NAME_CM_KEY, SEQUENCE_NUM, DISPLAY_LIMIT, CREATED_BY, DATE_CREATED, VERSION, CHART_TYPE, INCLUDED_IN_PLATEAU)
            values (3090, 'METRICS_CHART_CAPTION', 'METRICS_CHART_SUBCAPTION', '/reports/displayIndividualActivityReport.do?method=displayMetricsChart', 4023, 1, 1, 0, 0, null, 'METRICS_Y_AXIS', 3, 20, 0, sysdate, 0, 'MSBar3D', 0);
        --Report Parameters   
        Insert into REPORT_PARAMETER (REPORT_PARAMETER_ID, REPORT_ID, PARAMETER_NAME, PARAMETER_CM_KEY, DATABASE_COLUMN, PARAMETER_TYPE, LIST_DEFINITION, PARAMETER_GROUP, SEQUENCE_NUM, CREATED_BY, DATE_CREATED, MODIFIED_BY, DATE_MODIFIED, VERSION, COLLECTION_NAME, DEFAULT_VALUE, DISPLAY_ON_DASHBOARD) 
            values (2188,4023,'fromDate','START_FIELD','DATE_SUBMITTED','datePicker',null,'TIME_FRAME',0,5661,to_date('20-AUG-12','DD-MON-RR'),5661,to_date('20-AUG-12','DD-MON-RR'),0,null, '01/01/2012', 1);
        Insert into REPORT_PARAMETER (REPORT_PARAMETER_ID, REPORT_ID, PARAMETER_NAME, PARAMETER_CM_KEY, DATABASE_COLUMN, PARAMETER_TYPE, LIST_DEFINITION, PARAMETER_GROUP, SEQUENCE_NUM, CREATED_BY, DATE_CREATED, MODIFIED_BY, DATE_MODIFIED, VERSION, COLLECTION_NAME, DEFAULT_VALUE, DISPLAY_ON_DASHBOARD) 
            values (2189,4023,'toDate','END_FIELD','DATE_SUBMITTED','datePicker',null,'TIME_FRAME',1,5661,to_date('20-AUG-12','DD-MON-RR'),5661,to_date('20-AUG-12','DD-MON-RR'),0,null, '12/31/2012', 1);
        Insert into REPORT_PARAMETER (REPORT_PARAMETER_ID, REPORT_ID, PARAMETER_NAME, PARAMETER_CM_KEY, DATABASE_COLUMN, PARAMETER_TYPE, LIST_DEFINITION, PARAMETER_GROUP, SEQUENCE_NUM, CREATED_BY, DATE_CREATED, MODIFIED_BY, DATE_MODIFIED, VERSION, COLLECTION_NAME, DEFAULT_VALUE, DISPLAY_ON_DASHBOARD) 
            values (2190,4023,'firstName','FIRST_NAME','FIRST_NAME','text',null,'ParticipantSearch',2,5661,to_date('20-AUG-12','DD-MON-RR'),5661,to_date('20-AUG-12','DD-MON-RR'),0,null, null, 1);
        Insert into REPORT_PARAMETER (REPORT_PARAMETER_ID, REPORT_ID, PARAMETER_NAME, PARAMETER_CM_KEY, DATABASE_COLUMN, PARAMETER_TYPE, LIST_DEFINITION, PARAMETER_GROUP, SEQUENCE_NUM, CREATED_BY, DATE_CREATED, MODIFIED_BY, DATE_MODIFIED, VERSION, COLLECTION_NAME, DEFAULT_VALUE, DISPLAY_ON_DASHBOARD) 
            values (2191,4023,'lastName','LAST_NAME','LAST_NAME','text',null,'ParticipantSearch',3,5661,to_date('20-AUG-12','DD-MON-RR'),5661,to_date('20-AUG-12','DD-MON-RR'),0,null, null, 1);
        Insert into REPORT_PARAMETER (REPORT_PARAMETER_ID, REPORT_ID, PARAMETER_NAME, PARAMETER_CM_KEY, DATABASE_COLUMN, PARAMETER_TYPE, LIST_DEFINITION, PARAMETER_GROUP, SEQUENCE_NUM, CREATED_BY, DATE_CREATED, MODIFIED_BY, DATE_MODIFIED, VERSION, COLLECTION_NAME, DEFAULT_VALUE, DISPLAY_ON_DASHBOARD) 
            values (2192,4023,'paxId','PAX_ID','PAX_ID','hidden',null,'ParticipantSearch',4,5661,to_date('20-AUG-12','DD-MON-RR'),5661,to_date('20-AUG-12','DD-MON-RR'),0,null, null, 1);

            
    --Goal Quest Progress Report
    Insert into REPORT (REPORT_ID,REPORT_CODE, CM_ASSET_CODE,REPORT_NAME_CM_KEY,REPORT_CATEGORY_TYPE,MODULE,REPORT_DESCRIPTION_CM_KEY,REPORT_URL,IS_ACTIVE,CREATED_BY,DATE_CREATED,MODIFIED_BY,DATE_MODIFIED,VERSION, FORCE_PARAMETERS, EXPORT_ONLY, INCLUDED_IN_PLATEAU) 
          values (4024,'gcProgress','report.goalquest.progress','REPORT_NAME','gq','install.goalquest','REPORT_DESCRIPTION','/reports/displayGoalQuestProgressReport.do?method=displaySummaryReport',1,0,sysdate,null,null,0, 0, 0, 1);
        --Goal Quest Progress Charts
        Insert into REPORT_CHART (REPORT_CHART_ID, CAPTION_CM_KEY, SUBCAPTION_CM_KEY, CHART_DATA_URL, REPORT_ID, SHOW_LABELS, SHOW_LEGEND, ENABLE_SMART_LABELS, X_AXIS_NAME_CM_KEY, Y_AXIS_NAME_CM_KEY, SEQUENCE_NUM, DISPLAY_LIMIT, CREATED_BY, DATE_CREATED, VERSION, CHART_TYPE, INCLUDED_IN_PLATEAU)
            values (3091, 'PROGRESS_CHART_CAPTION', 'PROGRESS_CHART_SUBCAPTION', '/reports/displayGoalQuestProgressReport.do?method=displayProgressToGoalChart', 4024, 1, 1, 0, 'GQ_PROGRESS_X_AXIS', 'GQ_PROGRESS_Y_AXIS', 0, 20, 0, sysdate, 0, 'Column3D', 1);
          --Insert into REPORT_CHART (REPORT_CHART_ID, CAPTION_CM_KEY, SUBCAPTION_CM_KEY, CHART_DATA_URL, REPORT_ID, SHOW_LABELS, SHOW_LEGEND, ENABLE_SMART_LABELS, X_AXIS_NAME_CM_KEY, Y_AXIS_NAME_CM_KEY, SEQUENCE_NUM, DISPLAY_LIMIT, CREATED_BY, DATE_CREATED, VERSION, CHART_TYPE, INCLUDED_IN_PLATEAU)
        --    values (3001, 'RESULTS_CHART_CAPTION', 'RESULTS_CHART_SUBCAPTION', '/reports/displayGoalQuestProgressReport.do?method=displayProgressResultsChart', 4024, 1, 1, 0, null, null, 1, 10, 0, sysdate, 0, 'MSColumn3D', 1);
          --Report Parameters   
        Insert into REPORT_PARAMETER (REPORT_PARAMETER_ID, REPORT_ID, PARAMETER_NAME, PARAMETER_CM_KEY, DATABASE_COLUMN, PARAMETER_TYPE, LIST_DEFINITION, PARAMETER_GROUP, SEQUENCE_NUM, CREATED_BY, DATE_CREATED, MODIFIED_BY, DATE_MODIFIED, VERSION, COLLECTION_NAME, DEFAULT_VALUE) 
            values (2193,4024,'promotionStatus','PROMOTION_STATUS_FIELD','reportPromotionStatusTypeList','selectPicklist','picklist.reportpromotion.statustype','BASICS',0,5661,to_date('20-AUG-12','DD-MON-RR'),5661,to_date('20-AUG-12','DD-MON-RR'),0,'reportPromotionStatusTypeList','live');
        Insert into REPORT_PARAMETER (REPORT_PARAMETER_ID, REPORT_ID, PARAMETER_NAME, PARAMETER_CM_KEY, DATABASE_COLUMN, PARAMETER_TYPE, LIST_DEFINITION, PARAMETER_GROUP, SEQUENCE_NUM, CREATED_BY, DATE_CREATED, MODIFIED_BY, DATE_MODIFIED, VERSION, COLLECTION_NAME, DEFAULT_VALUE, DISPLAY_ON_DASHBOARD) 
            values (2194,4024,'promotionId','PROMOTION_FIELD','promotionTypeList','multiSelectQuery','com.biperf.core.domain.node.reportParameterValueChoices.allLiveGoalQuestPromotions','BASICS',1,5661,to_date('20-AUG-12','DD-MON-RR'),5661,to_date('20-AUG-12','DD-MON-RR'),0,'promotionTypeList','show_all', 1);
        Insert into REPORT_PARAMETER (REPORT_PARAMETER_ID, REPORT_ID, PARAMETER_NAME, PARAMETER_CM_KEY, DATABASE_COLUMN, PARAMETER_TYPE, LIST_DEFINITION, PARAMETER_GROUP, SEQUENCE_NUM, CREATED_BY, DATE_CREATED, MODIFIED_BY, DATE_MODIFIED, VERSION, COLLECTION_NAME, DEFAULT_VALUE, DISPLAY_ON_DASHBOARD) 
            values (2195,4024,'parentNodeId','ORG_NAME','organizationList','selectQuery','com.biperf.core.domain.node.processParameterValueChoices.NodesAsHierarchyByUser','PARTICIPANTS',2,5661,to_date('20-AUG-12','DD-MON-RR'),5661,to_date('20-AUG-12','DD-MON-RR'),0,'organizationList','show_all', 1);
        Insert into REPORT_PARAMETER (REPORT_PARAMETER_ID, REPORT_ID, PARAMETER_NAME, PARAMETER_CM_KEY, DATABASE_COLUMN, PARAMETER_TYPE, LIST_DEFINITION, PARAMETER_GROUP, SEQUENCE_NUM, CREATED_BY, DATE_CREATED, MODIFIED_BY, DATE_MODIFIED, VERSION, COLLECTION_NAME, DEFAULT_VALUE) 
            values (2196,4024,'participantStatus','PARTICIPANT_STATUS_FIELD','participantStatusList','selectPicklist','picklist.participantstatus','PARTICIPANTS',3,5661,to_date('20-AUG-12','DD-MON-RR'),5661,to_date('20-AUG-12','DD-MON-RR'),0,'participantStatusList','active');
        Insert into REPORT_PARAMETER (REPORT_PARAMETER_ID, REPORT_ID, PARAMETER_NAME, PARAMETER_CM_KEY, DATABASE_COLUMN, PARAMETER_TYPE, LIST_DEFINITION, PARAMETER_GROUP, SEQUENCE_NUM, CREATED_BY, DATE_CREATED, MODIFIED_BY, DATE_MODIFIED, VERSION, COLLECTION_NAME, DEFAULT_VALUE) 
            values (2197,4024,'jobPosition','JOB_POSITION_FIELD','positionTypeList','selectPicklist','picklist.positiontype','PARTICIPANTS',4,5661,to_date('20-AUG-12','DD-MON-RR'),5661,to_date('20-AUG-12','DD-MON-RR'),0,'jobPositionTypeList','show_all');
        Insert into REPORT_PARAMETER (REPORT_PARAMETER_ID, REPORT_ID, PARAMETER_NAME, PARAMETER_CM_KEY, DATABASE_COLUMN, PARAMETER_TYPE, LIST_DEFINITION, PARAMETER_GROUP, SEQUENCE_NUM, CREATED_BY, DATE_CREATED, MODIFIED_BY, DATE_MODIFIED, VERSION, COLLECTION_NAME, DEFAULT_VALUE) 
            values (2198,4024,'department','DEPARTMENT_FIELD','departmentTypeList','multiSelectPick','picklist.department.type','PARTICIPANTS',5,5661,to_date('20-AUG-12','DD-MON-RR'),5661,to_date('20-AUG-12','DD-MON-RR'),0,'departmentTypeList','show_all');
            
    --Goal Quest Selection Report
    Insert into REPORT (REPORT_ID,REPORT_CODE, CM_ASSET_CODE,REPORT_NAME_CM_KEY,REPORT_CATEGORY_TYPE,MODULE,REPORT_DESCRIPTION_CM_KEY,REPORT_URL,IS_ACTIVE,CREATED_BY,DATE_CREATED,MODIFIED_BY,DATE_MODIFIED,VERSION, FORCE_PARAMETERS, EXPORT_ONLY, INCLUDED_IN_PLATEAU) 
          values (4025,'gcSelection','report.goalquest.selection','REPORT_NAME','gq','install.goalquest','REPORT_DESCRIPTION','/reports/displayGoalQuestSelectionReport.do?method=displaySummaryReport',1,0,sysdate,null,null,0, 0, 0, 1);
        --Goal Quest Progress Charts
        Insert into REPORT_CHART (REPORT_CHART_ID, CAPTION_CM_KEY, SUBCAPTION_CM_KEY, CHART_DATA_URL, REPORT_ID, SHOW_LABELS, SHOW_LEGEND, ENABLE_SMART_LABELS, X_AXIS_NAME_CM_KEY, Y_AXIS_NAME_CM_KEY, SEQUENCE_NUM, DISPLAY_LIMIT, CREATED_BY, DATE_CREATED, VERSION, CHART_TYPE, INCLUDED_IN_PLATEAU)
            values (3092, 'TOTALS_CHART_CAPTION', 'TOTALS_CHART_SUBCAPTION', '/reports/displayGoalQuestSelectionReport.do?method=displaySelectionTotalsChart', 4025, 1, 1, 0, 'GQ_SELECTION_TOTAL_X_AXIS', 'GQ_SELECTION_TOTAL_Y_AXIS', 0, 20, 0, sysdate, 0, 'Column3D', 1);
          Insert into REPORT_CHART (REPORT_CHART_ID, CAPTION_CM_KEY, SUBCAPTION_CM_KEY, CHART_DATA_URL, REPORT_ID, SHOW_LABELS, SHOW_LEGEND, ENABLE_SMART_LABELS, SHOW_PERCENT_VALUES, X_AXIS_NAME_CM_KEY, Y_AXIS_NAME_CM_KEY, SEQUENCE_NUM, DISPLAY_LIMIT, CREATED_BY, DATE_CREATED, VERSION, CHART_TYPE, INCLUDED_IN_PLATEAU)
            values (3093, 'PERCENTAGE_CHART_CAPTION', 'PERCENTAGE_CHART_SUBCAPTION', '/reports/displayGoalQuestSelectionReport.do?method=displaySelectionPercentageChart', 4025, 1, 1, 0, 1, null, null, 1, 20, 0, sysdate, 0, 'Pie2D', 1);
          Insert into REPORT_CHART (REPORT_CHART_ID, CAPTION_CM_KEY, SUBCAPTION_CM_KEY, CHART_DATA_URL, REPORT_ID, SHOW_LABELS, SHOW_LEGEND, ENABLE_SMART_LABELS, SHOW_PERCENT_VALUES, X_AXIS_NAME_CM_KEY, Y_AXIS_NAME_CM_KEY, SEQUENCE_NUM, DISPLAY_LIMIT, CREATED_BY, DATE_CREATED, VERSION, CHART_TYPE, INCLUDED_IN_PLATEAU)
               values (3094, 'BY_ORG_CHART_CAPTION', 'BY_ORG_CHART_SUBCAPTION', '/reports/displayGoalQuestSelectionReport.do?method=displaySelectionByOrgChart', 4025, 1, 1, 0, 0, 'GQ_SELECTION_ORG_X_AXIS', 'GQ_SELECTION_ORG_Y_AXIS', 2, 20, 0, sysdate, 0, 'MSColumn3D', 1);
               --Report Parameters   
        Insert into REPORT_PARAMETER (REPORT_PARAMETER_ID, REPORT_ID, PARAMETER_NAME, PARAMETER_CM_KEY, DATABASE_COLUMN, PARAMETER_TYPE, LIST_DEFINITION, PARAMETER_GROUP, SEQUENCE_NUM, CREATED_BY, DATE_CREATED, MODIFIED_BY, DATE_MODIFIED, VERSION, COLLECTION_NAME, DEFAULT_VALUE) 
            values (2199,4025,'promotionStatus','PROMOTION_STATUS_FIELD','reportPromotionStatusTypeList','selectPicklist','picklist.reportpromotion.statustype','BASICS',0,5661,to_date('20-AUG-12','DD-MON-RR'),5661,to_date('20-AUG-12','DD-MON-RR'),0,'reportPromotionStatusTypeList','live');
        Insert into REPORT_PARAMETER (REPORT_PARAMETER_ID, REPORT_ID, PARAMETER_NAME, PARAMETER_CM_KEY, DATABASE_COLUMN, PARAMETER_TYPE, LIST_DEFINITION, PARAMETER_GROUP, SEQUENCE_NUM, CREATED_BY, DATE_CREATED, MODIFIED_BY, DATE_MODIFIED, VERSION, COLLECTION_NAME, DEFAULT_VALUE, DISPLAY_ON_DASHBOARD) 
            values (2200,4025,'promotionId','PROMOTION_FIELD','promotionTypeList','multiSelectQuery','com.biperf.core.domain.node.reportParameterValueChoices.allLiveGoalQuestPromotions','BASICS',1,5661,to_date('20-AUG-12','DD-MON-RR'),5661,to_date('20-AUG-12','DD-MON-RR'),0,'promotionTypeList','show_all', 1);
        Insert into REPORT_PARAMETER (REPORT_PARAMETER_ID, REPORT_ID, PARAMETER_NAME, PARAMETER_CM_KEY, DATABASE_COLUMN, PARAMETER_TYPE, LIST_DEFINITION, PARAMETER_GROUP, SEQUENCE_NUM, CREATED_BY, DATE_CREATED, MODIFIED_BY, DATE_MODIFIED, VERSION, COLLECTION_NAME, DEFAULT_VALUE, DISPLAY_ON_DASHBOARD) 
            values (2201,4025,'parentNodeId','ORG_NAME','organizationList','selectQuery','com.biperf.core.domain.node.processParameterValueChoices.NodesAsHierarchyByUser','PARTICIPANTS',2,5661,to_date('20-AUG-12','DD-MON-RR'),5661,to_date('20-AUG-12','DD-MON-RR'),0,'organizationList','show_all', 1);            
        Insert into REPORT_PARAMETER (REPORT_PARAMETER_ID, REPORT_ID, PARAMETER_NAME, PARAMETER_CM_KEY, DATABASE_COLUMN, PARAMETER_TYPE, LIST_DEFINITION, PARAMETER_GROUP, SEQUENCE_NUM, CREATED_BY, DATE_CREATED, MODIFIED_BY, DATE_MODIFIED, VERSION, COLLECTION_NAME, DEFAULT_VALUE) 
            values (2202,4025,'participantStatus','PARTICIPANT_STATUS_FIELD','participantStatusList','selectPicklist','picklist.participantstatus','PARTICIPANTS',3,5661,to_date('20-AUG-12','DD-MON-RR'),5661,to_date('20-AUG-12','DD-MON-RR'),0,'participantStatusList','active');
        Insert into REPORT_PARAMETER (REPORT_PARAMETER_ID, REPORT_ID, PARAMETER_NAME, PARAMETER_CM_KEY, DATABASE_COLUMN, PARAMETER_TYPE, LIST_DEFINITION, PARAMETER_GROUP, SEQUENCE_NUM, CREATED_BY, DATE_CREATED, MODIFIED_BY, DATE_MODIFIED, VERSION, COLLECTION_NAME, DEFAULT_VALUE) 
            values (2203,4025,'jobPosition','JOB_POSITION_FIELD','positionTypeList','selectPicklist','picklist.positiontype','PARTICIPANTS',4,5661,to_date('20-AUG-12','DD-MON-RR'),5661,to_date('20-AUG-12','DD-MON-RR'),0,'jobPositionTypeList','show_all');
        Insert into REPORT_PARAMETER (REPORT_PARAMETER_ID, REPORT_ID, PARAMETER_NAME, PARAMETER_CM_KEY, DATABASE_COLUMN, PARAMETER_TYPE, LIST_DEFINITION, PARAMETER_GROUP, SEQUENCE_NUM, CREATED_BY, DATE_CREATED, MODIFIED_BY, DATE_MODIFIED, VERSION, COLLECTION_NAME, DEFAULT_VALUE) 
            values (2204,4025,'department','DEPARTMENT_FIELD','departmentTypeList','multiSelectPick','picklist.department.type','PARTICIPANTS',5,5661,to_date('20-AUG-12','DD-MON-RR'),5661,to_date('20-AUG-12','DD-MON-RR'),0,'departmentTypeList','show_all');
           
            
    --Goal Quest Achievement Report
    Insert into REPORT (REPORT_ID,REPORT_CODE, CM_ASSET_CODE,REPORT_NAME_CM_KEY,REPORT_CATEGORY_TYPE,MODULE,REPORT_DESCRIPTION_CM_KEY,REPORT_URL,IS_ACTIVE,CREATED_BY,DATE_CREATED,MODIFIED_BY,DATE_MODIFIED,VERSION, FORCE_PARAMETERS, EXPORT_ONLY, INCLUDED_IN_PLATEAU) 
          values (4026,'gcAchievement','report.goalquest.achievement','REPORT_NAME','gq','install.goalquest','REPORT_DESCRIPTION','/reports/displayGoalQuestAchievementReport.do?method=displaySummaryReport',1,0,sysdate,null,null,0, 0, 0, 1);
        --Goal Quest Achievement Charts
        Insert into REPORT_CHART (REPORT_CHART_ID, CAPTION_CM_KEY, SUBCAPTION_CM_KEY, CHART_DATA_URL, REPORT_ID, SHOW_LABELS, SHOW_LEGEND, ENABLE_SMART_LABELS, X_AXIS_NAME_CM_KEY, Y_AXIS_NAME_CM_KEY, SEQUENCE_NUM, DISPLAY_LIMIT, CREATED_BY, DATE_CREATED, VERSION, CHART_TYPE, INCLUDED_IN_PLATEAU)
            values (3095, 'PERCENTAGE_ACHIEVED_CHART_CAPTION', 'PERCENTAGE_ACHIEVED_CHART_SUBCAPTION', '/reports/displayGoalQuestAchievementReport.do?method=displayAchievementPercentageChart', 4026, 1, 1, 0, 'GQ_PAR_ACHIEVEMENT_PER_X_AXIS', 'GQ_PAR_ACHIEVEMENT_PER_Y_AXIS', 0, 20, 0, sysdate, 0, 'Column3D', 1);
          Insert into REPORT_CHART (REPORT_CHART_ID, CAPTION_CM_KEY, SUBCAPTION_CM_KEY, CHART_DATA_URL, REPORT_ID, SHOW_LABELS, SHOW_LEGEND, ENABLE_SMART_LABELS, X_AXIS_NAME_CM_KEY, Y_AXIS_NAME_CM_KEY, SEQUENCE_NUM, DISPLAY_LIMIT, CREATED_BY, DATE_CREATED, VERSION, CHART_TYPE, INCLUDED_IN_PLATEAU)
            values (3096, 'COUNT_ACHIEVED_CHART_CAPTION', 'COUNT_ACHIEVED_CHART_SUBCAPTION', '/reports/displayGoalQuestAchievementReport.do?method=displayAchievementCountChart', 4026, 1, 1, 0, 'GQ_PAR_ACHIEVEMENT_COUNT_X_AXIS', 'GQ_PAR_ACHIEVEMENT_COUNT_Y_AXIS', 1, 20, 0, sysdate, 0, 'Column3D', 1);
          --Insert into REPORT_CHART (REPORT_CHART_ID, CAPTION_CM_KEY, SUBCAPTION_CM_KEY, CHART_DATA_URL, REPORT_ID, SHOW_LABELS, SHOW_LEGEND, ENABLE_SMART_LABELS, X_AXIS_NAME_CM_KEY, Y_AXIS_NAME_CM_KEY, SEQUENCE_NUM, DISPLAY_LIMIT, CREATED_BY, DATE_CREATED, VERSION, CHART_TYPE, INCLUDED_IN_PLATEAU)
         --   values (3001, 'RESULTS_CHART_CAPTION', 'RESULTS_CHART_SUBCAPTION', '/reports/displayGoalQuestAchievementReport.do?method=displayAchievementResultsChart', 4026, 1, 1, 0, null, null, 2, 20, 0, sysdate, 0, 'MSColumn3D', 1);
          Insert into REPORT_CHART (REPORT_CHART_ID, CAPTION_CM_KEY, SUBCAPTION_CM_KEY, CHART_DATA_URL, REPORT_ID, SHOW_LABELS, SHOW_LEGEND, ENABLE_SMART_LABELS, X_AXIS_NAME_CM_KEY, Y_AXIS_NAME_CM_KEY, SEQUENCE_NUM, DISPLAY_LIMIT, CREATED_BY, DATE_CREATED, VERSION, CHART_TYPE, INCLUDED_IN_PLATEAU)
            values (3097, 'PERCENTAGE_BY_ORG_CHART_CAPTION', 'PERCENTAGE_BY_ORG_CHART_SUBCAPTION', '/reports/displayGoalQuestAchievementReport.do?method=displayAchievementPercentageByOrgChart', 4026, 1, 1, 0, 'GQ_PAR_ACHIEVEMENT_PER_ORG_X_AXIS', 'GQ_PAR_ACHIEVEMENT_PER_ORG_Y_AXIS', 2, 20, 0, sysdate, 0, 'MSColumn3D', 1);
          Insert into REPORT_CHART (REPORT_CHART_ID, CAPTION_CM_KEY, SUBCAPTION_CM_KEY, CHART_DATA_URL, REPORT_ID, SHOW_LABELS, SHOW_LEGEND, ENABLE_SMART_LABELS, X_AXIS_NAME_CM_KEY, Y_AXIS_NAME_CM_KEY, SEQUENCE_NUM, DISPLAY_LIMIT, CREATED_BY, DATE_CREATED, VERSION, CHART_TYPE, INCLUDED_IN_PLATEAU)
            values (3098, 'COUNT_BY_ORG_CHART_CAPTION', 'COUNT_BY_ORG_CHART_SUBCAPTION', '/reports/displayGoalQuestAchievementReport.do?method=displayAchievementCountByOrgChart', 4026, 1, 1, 0, 'GQ_PAR_ACHIEVEMENT_COUNT_ORG_X_AXIS', 'GQ_PAR_ACHIEVEMENT_COUNT_ORG_Y_AXIS', 3, 20, 0, sysdate, 0, 'MSColumn3D', 1);
          --Report Parameters   
        Insert into REPORT_PARAMETER (REPORT_PARAMETER_ID, REPORT_ID, PARAMETER_NAME, PARAMETER_CM_KEY, DATABASE_COLUMN, PARAMETER_TYPE, LIST_DEFINITION, PARAMETER_GROUP, SEQUENCE_NUM, CREATED_BY, DATE_CREATED, MODIFIED_BY, DATE_MODIFIED, VERSION, COLLECTION_NAME, DEFAULT_VALUE) 
            values (2205,4026,'promotionStatus','PROMOTION_STATUS_FIELD','reportPromotionStatusTypeList','selectPicklist','picklist.reportpromotion.statustype','BASICS',0,5661,to_date('20-AUG-12','DD-MON-RR'),5661,to_date('20-AUG-12','DD-MON-RR'),0,'reportPromotionStatusTypeList','live');
        Insert into REPORT_PARAMETER (REPORT_PARAMETER_ID, REPORT_ID, PARAMETER_NAME, PARAMETER_CM_KEY, DATABASE_COLUMN, PARAMETER_TYPE, LIST_DEFINITION, PARAMETER_GROUP, SEQUENCE_NUM, CREATED_BY, DATE_CREATED, MODIFIED_BY, DATE_MODIFIED, VERSION, COLLECTION_NAME, DEFAULT_VALUE, DISPLAY_ON_DASHBOARD) 
            values (2206,4026,'promotionId','PROMOTION_FIELD','promotionTypeList','multiSelectQuery','com.biperf.core.domain.node.reportParameterValueChoices.allLiveGoalQuestPromotions','BASICS',1,5661,to_date('20-AUG-12','DD-MON-RR'),5661,to_date('20-AUG-12','DD-MON-RR'),0,'promotionTypeList','show_all', 1);
        Insert into REPORT_PARAMETER (REPORT_PARAMETER_ID, REPORT_ID, PARAMETER_NAME, PARAMETER_CM_KEY, DATABASE_COLUMN, PARAMETER_TYPE, LIST_DEFINITION, PARAMETER_GROUP, SEQUENCE_NUM, CREATED_BY, DATE_CREATED, MODIFIED_BY, DATE_MODIFIED, VERSION, COLLECTION_NAME, DEFAULT_VALUE, DISPLAY_ON_DASHBOARD) 
            values (2207,4026,'parentNodeId','ORG_NAME','organizationList','selectQuery','com.biperf.core.domain.node.processParameterValueChoices.NodesAsHierarchyByUser','PARTICIPANTS',2,5661,to_date('20-AUG-12','DD-MON-RR'),5661,to_date('20-AUG-12','DD-MON-RR'),0,'organizationList','show_all', 1);
        Insert into REPORT_PARAMETER (REPORT_PARAMETER_ID, REPORT_ID, PARAMETER_NAME, PARAMETER_CM_KEY, DATABASE_COLUMN, PARAMETER_TYPE, LIST_DEFINITION, PARAMETER_GROUP, SEQUENCE_NUM, CREATED_BY, DATE_CREATED, MODIFIED_BY, DATE_MODIFIED, VERSION, COLLECTION_NAME, DEFAULT_VALUE) 
            values (2208,4026,'participantStatus','PARTICIPANT_STATUS_FIELD','participantStatusList','selectPicklist','picklist.participantstatus','PARTICIPANTS',3,5661,to_date('20-AUG-12','DD-MON-RR'),5661,to_date('20-AUG-12','DD-MON-RR'),0,'participantStatusList','active');
        Insert into REPORT_PARAMETER (REPORT_PARAMETER_ID, REPORT_ID, PARAMETER_NAME, PARAMETER_CM_KEY, DATABASE_COLUMN, PARAMETER_TYPE, LIST_DEFINITION, PARAMETER_GROUP, SEQUENCE_NUM, CREATED_BY, DATE_CREATED, MODIFIED_BY, DATE_MODIFIED, VERSION, COLLECTION_NAME, DEFAULT_VALUE) 
            values (2209,4026,'jobPosition','JOB_POSITION_FIELD','positionTypeList','selectPicklist','picklist.positiontype','PARTICIPANTS',4,5661,to_date('20-AUG-12','DD-MON-RR'),5661,to_date('20-AUG-12','DD-MON-RR'),0,'jobPositionTypeList','show_all');
        Insert into REPORT_PARAMETER (REPORT_PARAMETER_ID, REPORT_ID, PARAMETER_NAME, PARAMETER_CM_KEY, DATABASE_COLUMN, PARAMETER_TYPE, LIST_DEFINITION, PARAMETER_GROUP, SEQUENCE_NUM, CREATED_BY, DATE_CREATED, MODIFIED_BY, DATE_MODIFIED, VERSION, COLLECTION_NAME, DEFAULT_VALUE) 
            values (2210,4026,'department','DEPARTMENT_FIELD','departmentTypeList','multiSelectPick','picklist.department.type','PARTICIPANTS',5,5661,to_date('20-AUG-12','DD-MON-RR'),5661,to_date('20-AUG-12','DD-MON-RR'),0,'departmentTypeList','show_all');
      
    --Goal Quest Manager Achievement Report
    Insert into REPORT (REPORT_ID,REPORT_CODE, CM_ASSET_CODE,REPORT_NAME_CM_KEY,REPORT_CATEGORY_TYPE,MODULE,REPORT_DESCRIPTION_CM_KEY,REPORT_URL,IS_ACTIVE,CREATED_BY,DATE_CREATED,MODIFIED_BY,DATE_MODIFIED,VERSION, FORCE_PARAMETERS, EXPORT_ONLY, INCLUDED_IN_PLATEAU) 
          values (4027,'gcManager','report.goalquest.manager','REPORT_NAME','gq','install.goalquest','REPORT_DESCRIPTION','/reports/displayGoalQuestManagerReport.do?method=displaySummaryReport',1,0,sysdate,null,null,0, 0, 0, 0);
          --Goal Quest Manager Achievement Charts
        Insert into REPORT_CHART (REPORT_CHART_ID, CAPTION_CM_KEY, SUBCAPTION_CM_KEY, CHART_DATA_URL, REPORT_ID, SHOW_LABELS, SHOW_LEGEND, ENABLE_SMART_LABELS, X_AXIS_NAME_CM_KEY, Y_AXIS_NAME_CM_KEY, SEQUENCE_NUM, DISPLAY_LIMIT, CREATED_BY, DATE_CREATED, VERSION, CHART_TYPE, INCLUDED_IN_PLATEAU)
            values (3100, 'TOTAL_POINTS_CHART_CAPTION', 'TOTAL_POINTS_CHART_SUBCAPTION', '/reports/displayGoalQuestManagerReport.do?method=displayTotalPointsEarnedChart', 4027, 1, 1, 0, 'GQ_TOT_PTS_ERND_X_AXIS', 'GQ_TOT_PTS_ERND_Y_AXIS', 0, 20, 0, sysdate, 0, 'Column3D', 0);
          --Report Parameters   
        Insert into REPORT_PARAMETER (REPORT_PARAMETER_ID, REPORT_ID, PARAMETER_NAME, PARAMETER_CM_KEY, DATABASE_COLUMN, PARAMETER_TYPE, LIST_DEFINITION, PARAMETER_GROUP, SEQUENCE_NUM, CREATED_BY, DATE_CREATED, MODIFIED_BY, DATE_MODIFIED, VERSION, COLLECTION_NAME, DEFAULT_VALUE) 
            values (2211,4027,'promotionStatus','PROMOTION_STATUS_FIELD','reportPromotionStatusTypeList','selectPicklist','picklist.reportpromotion.statustype','BASICS',0,5661,to_date('20-AUG-12','DD-MON-RR'),5661,to_date('20-AUG-12','DD-MON-RR'),0,'reportPromotionStatusTypeList','live');
        Insert into REPORT_PARAMETER (REPORT_PARAMETER_ID, REPORT_ID, PARAMETER_NAME, PARAMETER_CM_KEY, DATABASE_COLUMN, PARAMETER_TYPE, LIST_DEFINITION, PARAMETER_GROUP, SEQUENCE_NUM, CREATED_BY, DATE_CREATED, MODIFIED_BY, DATE_MODIFIED, VERSION, COLLECTION_NAME, DEFAULT_VALUE, DISPLAY_ON_DASHBOARD) 
            values (2212,4027,'promotionId','PROMOTION_FIELD','promotionTypeList','multiSelectQuery','com.biperf.core.domain.node.reportParameterValueChoices.allLiveGoalQuestPromotions','BASICS',1,5661,to_date('20-AUG-12','DD-MON-RR'),5661,to_date('20-AUG-12','DD-MON-RR'),0,'promotionTypeList','show_all', 1);
        Insert into REPORT_PARAMETER (REPORT_PARAMETER_ID, REPORT_ID, PARAMETER_NAME, PARAMETER_CM_KEY, DATABASE_COLUMN, PARAMETER_TYPE, LIST_DEFINITION, PARAMETER_GROUP, SEQUENCE_NUM, CREATED_BY, DATE_CREATED, MODIFIED_BY, DATE_MODIFIED, VERSION, COLLECTION_NAME, DEFAULT_VALUE, DISPLAY_ON_DASHBOARD) 
            values (2213,4027,'parentNodeId','ORG_NAME','organizationList','selectQuery','com.biperf.core.domain.node.processParameterValueChoices.NodesAsHierarchyByUser','PARTICIPANTS',2,5661,to_date('20-AUG-12','DD-MON-RR'),5661,to_date('20-AUG-12','DD-MON-RR'),0,'organizationList','show_all', 1);
            
    -- Goal Quest Program Summary Report
        Insert into REPORT (REPORT_ID,REPORT_CODE, CM_ASSET_CODE,REPORT_NAME_CM_KEY,REPORT_CATEGORY_TYPE,MODULE,REPORT_DESCRIPTION_CM_KEY,REPORT_URL,IS_ACTIVE,CREATED_BY,DATE_CREATED,MODIFIED_BY,DATE_MODIFIED,VERSION, FORCE_PARAMETERS, EXPORT_ONLY, INCLUDED_IN_PLATEAU) 
          values (4028,'gcSummary','report.goalquest.summary','REPORT_NAME','gq','install.goalquest','REPORT_DESCRIPTION','/reports/displayGoalQuestProgramSummaryReport.do?method=displaySummaryReport',1,0,sysdate,null,null,0, 0, 0, 1);
          --Goal Quest Program Summary Charts
          Insert into REPORT_CHART (REPORT_CHART_ID, CAPTION_CM_KEY, SUBCAPTION_CM_KEY, CHART_DATA_URL, REPORT_ID, SHOW_LABELS, SHOW_LEGEND, ENABLE_SMART_LABELS, X_AXIS_NAME_CM_KEY, Y_AXIS_NAME_CM_KEY, SEQUENCE_NUM, DISPLAY_LIMIT, CREATED_BY, DATE_CREATED, VERSION, CHART_TYPE, INCLUDED_IN_PLATEAU)
              values (3101, 'GOAL_ACHIEVEMENT_CHART_CAPTION', 'GOAL_ACHIEVEMENT_CHART_SUBCAPTION', '/reports/displayGoalQuestProgramSummaryReport.do?method=displayGoalAchievementChart', 4028, 1, 1, 0, 'GQ_PROGRAM_ACHIEVEMENT_X_AXIS', 'GQ_PROGRAM_ACHIEVEMENT_Y_AXIS', 0, 20, 0, sysdate, 0, 'Bar2D', 1);
          Insert into REPORT_CHART (REPORT_CHART_ID, CAPTION_CM_KEY, SUBCAPTION_CM_KEY, CHART_DATA_URL, REPORT_ID, SHOW_LABELS, SHOW_LEGEND, ENABLE_SMART_LABELS, X_AXIS_NAME_CM_KEY, Y_AXIS_NAME_CM_KEY, SEQUENCE_NUM, DISPLAY_LIMIT, CREATED_BY, DATE_CREATED, VERSION, CHART_TYPE, INCLUDED_IN_PLATEAU)
            values (3102, 'INCREMENT_CHART_CAPTION', 'INCREMENT_CHART_SUBCAPTION', '/reports/displayGoalQuestProgramSummaryReport.do?method=displayGoalQuestIncrementalChart', 4028, 1, 1, 0, 'GQ_PROGRAM_INCREMENT_X_AXIS', 'GQ_PROGRAM_INCREMENT_Y_AXIS', 1, 20, 0, sysdate, 0, 'MSColumn3D', 1);
        --Report Parameters
        Insert into REPORT_PARAMETER (REPORT_PARAMETER_ID, REPORT_ID, PARAMETER_NAME, PARAMETER_CM_KEY, DATABASE_COLUMN, PARAMETER_TYPE, LIST_DEFINITION, PARAMETER_GROUP, SEQUENCE_NUM, CREATED_BY, DATE_CREATED, MODIFIED_BY, DATE_MODIFIED, VERSION, COLLECTION_NAME, DEFAULT_VALUE) 
            values (2214,4028,'promotionStatus','PROMOTION_STATUS_FIELD','reportPromotionStatusTypeList','selectPicklist','picklist.reportpromotion.statustype','BASICS',0,5661,to_date('20-AUG-12','DD-MON-RR'),5661,to_date('20-AUG-12','DD-MON-RR'),0,'reportPromotionStatusTypeList','live');
        Insert into REPORT_PARAMETER (REPORT_PARAMETER_ID, REPORT_ID, PARAMETER_NAME, PARAMETER_CM_KEY, DATABASE_COLUMN, PARAMETER_TYPE, LIST_DEFINITION, PARAMETER_GROUP, SEQUENCE_NUM, CREATED_BY, DATE_CREATED, MODIFIED_BY, DATE_MODIFIED, VERSION, COLLECTION_NAME, DEFAULT_VALUE, DISPLAY_ON_DASHBOARD) 
            values (2215,4028,'promotionId','PROMOTION_FIELD','promotionTypeList','multiSelectQuery','com.biperf.core.domain.node.reportParameterValueChoices.allLiveGoalQuestPromotions','BASICS',1,5661,to_date('20-AUG-12','DD-MON-RR'),5661,to_date('20-AUG-12','DD-MON-RR'),0,'promotionTypeList','show_all', 1);
        Insert into REPORT_PARAMETER (REPORT_PARAMETER_ID, REPORT_ID, PARAMETER_NAME, PARAMETER_CM_KEY, DATABASE_COLUMN, PARAMETER_TYPE, LIST_DEFINITION, PARAMETER_GROUP, SEQUENCE_NUM, CREATED_BY, DATE_CREATED, MODIFIED_BY, DATE_MODIFIED, VERSION, COLLECTION_NAME, DEFAULT_VALUE, DISPLAY_ON_DASHBOARD) 
            values (2216,4028,'parentNodeId','ORG_NAME','organizationList','selectQuery','com.biperf.core.domain.node.processParameterValueChoices.NodesAsHierarchyByUser','PARTICIPANTS',2,5661,to_date('20-AUG-12','DD-MON-RR'),5661,to_date('20-AUG-12','DD-MON-RR'),0,'organizationList','show_all', 1);
        Insert into REPORT_PARAMETER (REPORT_PARAMETER_ID, REPORT_ID, PARAMETER_NAME, PARAMETER_CM_KEY, DATABASE_COLUMN, PARAMETER_TYPE, LIST_DEFINITION, PARAMETER_GROUP, SEQUENCE_NUM, CREATED_BY, DATE_CREATED, MODIFIED_BY, DATE_MODIFIED, VERSION, COLLECTION_NAME, DEFAULT_VALUE) 
            values (2217,4028,'participantStatus','PARTICIPANT_STATUS_FIELD','participantStatusList','selectPicklist','picklist.participantstatus','PARTICIPANTS',3,5661,to_date('20-AUG-12','DD-MON-RR'),5661,to_date('20-AUG-12','DD-MON-RR'),0,'participantStatusList','active');

    --Badge Activity Report
    Insert into REPORT (REPORT_ID,REPORT_CODE, CM_ASSET_CODE,REPORT_NAME_CM_KEY,REPORT_CATEGORY_TYPE,MODULE,REPORT_DESCRIPTION_CM_KEY,REPORT_URL,IS_ACTIVE,CREATED_BY,DATE_CREATED,MODIFIED_BY,DATE_MODIFIED,VERSION, FORCE_PARAMETERS, EXPORT_ONLY, INCLUDED_IN_PLATEAU) 
          values (4029,'badgeActivityByOrg','report.badgeactivity.byorg','REPORT_NAME','core','core','REPORT_DESCRIPTION','/reports/displayBadgeActivityByOrgReport.do?method=displaySummaryReport',1,0,sysdate,null,null,0, 0, 0, 1);
          --Badge Charts
        Insert into REPORT_CHART (REPORT_CHART_ID, CAPTION_CM_KEY, SUBCAPTION_CM_KEY, CHART_DATA_URL, REPORT_ID, SHOW_LABELS, SHOW_LEGEND, ENABLE_SMART_LABELS, X_AXIS_NAME_CM_KEY, Y_AXIS_NAME_CM_KEY, SEQUENCE_NUM, DISPLAY_LIMIT, CREATED_BY, DATE_CREATED, VERSION, CHART_TYPE, INCLUDED_IN_PLATEAU)
            values (3103, 'BADGES_EARNED_CHART_CAPTION', 'BADGES_EARNED_CHART_SUBCAPTION', '/reports/displayBadgeActivityByOrgReport.do?method=displayBadgesEarnedBarChart', 4029, 1, 1, 0, 'BADGES_EARNED_CHART_X_AXIS_NAME', 'BADGES_EARNED_CHART_Y_AXIS_NAME', 0, 20, 0, sysdate, 0, 'Column3D', 1);
          --Report Parameters   
        Insert into REPORT_PARAMETER (REPORT_PARAMETER_ID, REPORT_ID, PARAMETER_NAME, PARAMETER_CM_KEY, DATABASE_COLUMN, PARAMETER_TYPE, LIST_DEFINITION, PARAMETER_GROUP, SEQUENCE_NUM, CREATED_BY, DATE_CREATED, MODIFIED_BY, DATE_MODIFIED, VERSION, COLLECTION_NAME, DEFAULT_VALUE, DISPLAY_ON_DASHBOARD) 
            values (2218,4029,'fromDate','START_FIELD','DATE_SUBMITTED','datePicker',null,'TIME_FRAME',0,5661,to_date('20-AUG-12','DD-MON-RR'),5661,to_date('20-AUG-12','DD-MON-RR'),0,null, '01/01/2012', 1);
        Insert into REPORT_PARAMETER (REPORT_PARAMETER_ID, REPORT_ID, PARAMETER_NAME, PARAMETER_CM_KEY, DATABASE_COLUMN, PARAMETER_TYPE, LIST_DEFINITION, PARAMETER_GROUP, SEQUENCE_NUM, CREATED_BY, DATE_CREATED, MODIFIED_BY, DATE_MODIFIED, VERSION, COLLECTION_NAME, DEFAULT_VALUE, DISPLAY_ON_DASHBOARD) 
            values (2219,4029,'toDate','END_FIELD','DATE_SUBMITTED','datePicker',null,'TIME_FRAME',1,5661,to_date('20-AUG-12','DD-MON-RR'),5661,to_date('20-AUG-12','DD-MON-RR'),0,null, '12/31/2012', 1);
        Insert into REPORT_PARAMETER (REPORT_PARAMETER_ID, REPORT_ID, PARAMETER_NAME, PARAMETER_CM_KEY, DATABASE_COLUMN, PARAMETER_TYPE, LIST_DEFINITION, PARAMETER_GROUP, SEQUENCE_NUM, CREATED_BY, DATE_CREATED, MODIFIED_BY, DATE_MODIFIED, VERSION, COLLECTION_NAME, DEFAULT_VALUE, DISPLAY_ON_DASHBOARD) 
            values (2220,4029,'parentNodeId','ORG_NAME','organizationList','multiSelectQuery','com.biperf.core.domain.node.processParameterValueChoices.NodesAsHierarchyByUser','PARTICIPANTS',2,5661,to_date('20-AUG-12','DD-MON-RR'),5661,to_date('20-AUG-12','DD-MON-RR'),0,'organizationList','show_all', 1);
        Insert into REPORT_PARAMETER (REPORT_PARAMETER_ID, REPORT_ID, PARAMETER_NAME, PARAMETER_CM_KEY, DATABASE_COLUMN, PARAMETER_TYPE, LIST_DEFINITION, PARAMETER_GROUP, SEQUENCE_NUM, CREATED_BY, DATE_CREATED, MODIFIED_BY, DATE_MODIFIED, VERSION, COLLECTION_NAME, DEFAULT_VALUE) 
            values (2221,4029,'department','DEPARTMENT_FIELD','departmentTypeList','multiSelectPick','picklist.department.type','PARTICIPANTS',3,5661,to_date('20-AUG-12','DD-MON-RR'),5661,to_date('20-AUG-12','DD-MON-RR'),0,'departmentTypeList','show_all');
        Insert into REPORT_PARAMETER (REPORT_PARAMETER_ID, REPORT_ID, PARAMETER_NAME, PARAMETER_CM_KEY, DATABASE_COLUMN, PARAMETER_TYPE, LIST_DEFINITION, PARAMETER_GROUP, SEQUENCE_NUM, CREATED_BY, DATE_CREATED, MODIFIED_BY, DATE_MODIFIED, VERSION, COLLECTION_NAME, DEFAULT_VALUE) 
            values (2222,4029,'jobPosition','JOB_POSITION_FIELD','positionTypeList','multiSelectPick','picklist.positiontype','PARTICIPANTS',4,5661,to_date('20-AUG-12','DD-MON-RR'),5661,to_date('20-AUG-12','DD-MON-RR'),0,'jobPositionTypeList','show_all');
        Insert into REPORT_PARAMETER (REPORT_PARAMETER_ID, REPORT_ID, PARAMETER_NAME, PARAMETER_CM_KEY, DATABASE_COLUMN, PARAMETER_TYPE, LIST_DEFINITION, PARAMETER_GROUP, SEQUENCE_NUM, CREATED_BY, DATE_CREATED, MODIFIED_BY, DATE_MODIFIED, VERSION, COLLECTION_NAME, DEFAULT_VALUE) 
            values (2223,4029,'participantStatus','PARTICIPANT_STATUS_FIELD','participantStatusList','selectPicklist','picklist.participantstatus','PARTICIPANTS',5,5661,to_date('20-AUG-12','DD-MON-RR'),5661,to_date('20-AUG-12','DD-MON-RR'),0,'participantStatusList','active');
        Insert into REPORT_PARAMETER (REPORT_PARAMETER_ID, REPORT_ID, PARAMETER_NAME, PARAMETER_CM_KEY, DATABASE_COLUMN, PARAMETER_TYPE, LIST_DEFINITION, PARAMETER_GROUP, SEQUENCE_NUM, CREATED_BY, DATE_CREATED, MODIFIED_BY, DATE_MODIFIED, VERSION, COLLECTION_NAME, DEFAULT_VALUE, DISPLAY_ON_DASHBOARD) 
            values (3164,4029,'promotionId','PROMOTION_FIELD','promotionTypeList','multiSelectQuery','com.biperf.core.domain.node.reportParameterValueChoices.allBadgePromotions','BASICS',6,5661,to_date('20-AUG-12','DD-MON-RR'),5661,to_date('20-AUG-12','DD-MON-RR'),0,'promotionTypeList','show_all', 1);    

    --Award Level Activity - Participation by Organization
    Insert into REPORT (REPORT_ID,REPORT_CODE, CM_ASSET_CODE,REPORT_NAME_CM_KEY,REPORT_CATEGORY_TYPE,MODULE,REPORT_DESCRIPTION_CM_KEY,REPORT_URL,IS_ACTIVE,CREATED_BY,DATE_CREATED,MODIFIED_BY,DATE_MODIFIED,VERSION, FORCE_PARAMETERS, EXPORT_ONLY, INCLUDED_IN_PLATEAU) 
          values (4030,'awardLevelActivityByOrg','report.awardlevelactivity.byorg','REPORT_NAME','core','core','REPORT_DESCRIPTION','/reports/displayPlateauAwardLevelActivityReport.do?method=displaySummaryReport',1,0,sysdate,null,null,0, 1, 0, 1);
          -- Charts
        Insert into REPORT_CHART (REPORT_CHART_ID, CAPTION_CM_KEY, SUBCAPTION_CM_KEY, CHART_DATA_URL, REPORT_ID, SHOW_LABELS, SHOW_LEGEND, ENABLE_SMART_LABELS, X_AXIS_NAME_CM_KEY, Y_AXIS_NAME_CM_KEY, SEQUENCE_NUM, DISPLAY_LIMIT, CREATED_BY, DATE_CREATED, VERSION, CHART_TYPE, INCLUDED_IN_PLATEAU)
            values (3104, 'ACTIVITY_CHART_CAPTION', 'ACTIVITY_CHART_SUBCAPTION', '/reports/displayPlateauAwardLevelActivityReport.do?method=displayPlateauAwardActivityChart', 4030, 1, 1, 0, 'ACTIVITY_CHART_X_AXIS_NAME', 'ACTIVITY_CHART_Y_AXIS_NAME', 0, 20, 0, sysdate, 0, 'StackedColumn3D', 1);
        Insert into REPORT_CHART (REPORT_CHART_ID, CAPTION_CM_KEY, SUBCAPTION_CM_KEY, CHART_DATA_URL, REPORT_ID, SHOW_LABELS, SHOW_LEGEND, ENABLE_SMART_LABELS, X_AXIS_NAME_CM_KEY, Y_AXIS_NAME_CM_KEY, SEQUENCE_NUM, DISPLAY_LIMIT, CREATED_BY, DATE_CREATED, VERSION, CHART_TYPE, INCLUDED_IN_PLATEAU)
            values (3105, 'ACTIVITY_PERC_CHART_CAPTION', 'ACTIVITY_PERC_CHART_SUBCAPTION', '/reports/displayPlateauAwardLevelActivityReport.do?method=displayPercentagePlateauAwardActivityChart', 4030, 1, 1, 0, 'ACTIVITY_PERC_CHART_X_AXIS_NAME', 'ACTIVITY_PERC_CHART_Y_AXIS_NAME', 1, 20, 0, sysdate, 0, 'StackedColumn3D', 1);
        --Report Parameters   
        Insert into REPORT_PARAMETER (REPORT_PARAMETER_ID, REPORT_ID, PARAMETER_NAME, PARAMETER_CM_KEY, DATABASE_COLUMN, PARAMETER_TYPE, LIST_DEFINITION, PARAMETER_GROUP, SEQUENCE_NUM, CREATED_BY, DATE_CREATED, MODIFIED_BY, DATE_MODIFIED, VERSION, COLLECTION_NAME, DEFAULT_VALUE, DISPLAY_ON_DASHBOARD) 
            values (2225,4030,'fromDate','START_FIELD','DATE_SUBMITTED','datePicker',null,'TIME_FRAME',0,5661,to_date('20-AUG-12','DD-MON-RR'),5661,to_date('20-AUG-12','DD-MON-RR'),0,null, '01/01/2012', 1);
        Insert into REPORT_PARAMETER (REPORT_PARAMETER_ID, REPORT_ID, PARAMETER_NAME, PARAMETER_CM_KEY, DATABASE_COLUMN, PARAMETER_TYPE, LIST_DEFINITION, PARAMETER_GROUP, SEQUENCE_NUM, CREATED_BY, DATE_CREATED, MODIFIED_BY, DATE_MODIFIED, VERSION, COLLECTION_NAME, DEFAULT_VALUE, DISPLAY_ON_DASHBOARD) 
            values (2226,4030,'toDate','END_FIELD','DATE_SUBMITTED','datePicker',null,'TIME_FRAME',1,5661,to_date('20-AUG-12','DD-MON-RR'),5661,to_date('20-AUG-12','DD-MON-RR'),0,null, '12/31/2012', 1);
        Insert into REPORT_PARAMETER (REPORT_PARAMETER_ID, REPORT_ID, PARAMETER_NAME, PARAMETER_CM_KEY, DATABASE_COLUMN, PARAMETER_TYPE, LIST_DEFINITION, PARAMETER_GROUP, SEQUENCE_NUM, CREATED_BY, DATE_CREATED, MODIFIED_BY, DATE_MODIFIED, VERSION, COLLECTION_NAME, DEFAULT_VALUE, DISPLAY_ON_DASHBOARD) 
            values (2227,4030,'promotionId','PROMOTION_FIELD','promotionTypeList','multiSelectQuery','com.biperf.core.domain.node.reportParameterValueChoices.allLivePlateauPromotions','BASICS',2,5661,to_date('20-AUG-12','DD-MON-RR'),5661,to_date('20-AUG-12','DD-MON-RR'),0,'promotionTypeList','show_all', 1);
        Insert into REPORT_PARAMETER (REPORT_PARAMETER_ID, REPORT_ID, PARAMETER_NAME, PARAMETER_CM_KEY, DATABASE_COLUMN, PARAMETER_TYPE, LIST_DEFINITION, PARAMETER_GROUP, SEQUENCE_NUM, CREATED_BY, DATE_CREATED, MODIFIED_BY, DATE_MODIFIED, VERSION, COLLECTION_NAME, DEFAULT_VALUE, DISPLAY_ON_DASHBOARD) 
            values (2228,4030,'parentNodeId','ORG_NAME','organizationList','selectQuery','com.biperf.core.domain.node.processParameterValueChoices.NodesAsHierarchyByUser','PARTICIPANTS',3,5661,to_date('20-AUG-12','DD-MON-RR'),5661,to_date('20-AUG-12','DD-MON-RR'),0,'organizationList','show_all', 1);
        Insert into REPORT_PARAMETER (REPORT_PARAMETER_ID, REPORT_ID, PARAMETER_NAME, PARAMETER_CM_KEY, DATABASE_COLUMN, PARAMETER_TYPE, LIST_DEFINITION, PARAMETER_GROUP, SEQUENCE_NUM, CREATED_BY, DATE_CREATED, MODIFIED_BY, DATE_MODIFIED, VERSION, COLLECTION_NAME, DEFAULT_VALUE) 
            values (2229,4030,'awardStatus','AWARD_STATUS','awardStatusTypeList','selectPicklist','picklist.awardstatus.type','BASICS',4,5661,to_date('20-AUG-12','DD-MON-RR'),5661,to_date('20-AUG-12','DD-MON-RR'),0,'awardStatusTypeList','show_all');
        Insert into REPORT_PARAMETER (REPORT_PARAMETER_ID, REPORT_ID, PARAMETER_NAME, PARAMETER_CM_KEY, DATABASE_COLUMN, PARAMETER_TYPE, LIST_DEFINITION, PARAMETER_GROUP, SEQUENCE_NUM, CREATED_BY, DATE_CREATED, MODIFIED_BY, DATE_MODIFIED, VERSION, COLLECTION_NAME, DEFAULT_VALUE) 
            values (2230,4030,'awardLevel','AWARD_LEVEL','awardLevelTypeList','multiSelectQuery','com.biperf.core.domain.reportParameter.processParameterValueChoices.AllPlateauLevels','BASICS',5,5661,to_date('20-AUG-12','DD-MON-RR'),5661,to_date('20-AUG-12','DD-MON-RR'),0,'awardLevelTypeList','show_all');

    --Award Item Selection - Participation by Organization
    Insert into REPORT (REPORT_ID,REPORT_CODE, CM_ASSET_CODE,REPORT_NAME_CM_KEY,REPORT_CATEGORY_TYPE,MODULE,REPORT_DESCRIPTION_CM_KEY,REPORT_URL,IS_ACTIVE,CREATED_BY,DATE_CREATED,MODIFIED_BY,DATE_MODIFIED,VERSION, FORCE_PARAMETERS, EXPORT_ONLY, INCLUDED_IN_PLATEAU) 
          values (4031,'awardItemSelectionByOrg','report.awarditemselection.byorg','REPORT_NAME','core','core','REPORT_DESCRIPTION','/reports/displayPlateauAwardItemSelectionReport.do?method=displaySummaryReport',1,0,sysdate,null,null,0, 1, 0, 1);
          -- Charts
        Insert into REPORT_CHART (REPORT_CHART_ID, CAPTION_CM_KEY, SUBCAPTION_CM_KEY, CHART_DATA_URL, REPORT_ID, SHOW_LABELS, SHOW_LEGEND, ENABLE_SMART_LABELS, X_AXIS_NAME_CM_KEY, Y_AXIS_NAME_CM_KEY, SEQUENCE_NUM, DISPLAY_LIMIT, CREATED_BY, DATE_CREATED, VERSION, CHART_TYPE, INCLUDED_IN_PLATEAU)
            values (3106, 'SELECTION_CHART_CAPTION', 'AWARD_SELECTION_CHART_SUBCAPTION', '/reports/displayPlateauAwardItemSelectionReport.do?method=displayPlateauAwardSelectionChart', 4031, 1, 1, 0, null, null, 0, 20, 0, sysdate, 0, 'Pie2D', 1);
        Insert into REPORT_CHART (REPORT_CHART_ID, CAPTION_CM_KEY, SUBCAPTION_CM_KEY, CHART_DATA_URL, REPORT_ID, SHOW_LABELS, SHOW_LEGEND, ENABLE_SMART_LABELS, X_AXIS_NAME_CM_KEY, Y_AXIS_NAME_CM_KEY, SEQUENCE_NUM, DISPLAY_LIMIT, CREATED_BY, DATE_CREATED, VERSION, CHART_TYPE, INCLUDED_IN_PLATEAU)
            values (3107, 'TOP_REDEEMED_CHART_CAPTION', 'TOP_REDEEMED_CHART_SUBCAPTION', '/reports/displayPlateauAwardItemSelectionReport.do?method=displayTopRedeemedAwardsChart', 4031, 1, 1, 0, 'TOP_REDEEMED_CHART_X_AXIS_NAME', 'TOP_REDEEMED_CHART_Y_AXIS_NAME', 1, 20, 0, sysdate, 0, 'Column3D', 1);
        --Report Parameters   
        Insert into REPORT_PARAMETER (REPORT_PARAMETER_ID, REPORT_ID, PARAMETER_NAME, PARAMETER_CM_KEY, DATABASE_COLUMN, PARAMETER_TYPE, LIST_DEFINITION, PARAMETER_GROUP, SEQUENCE_NUM, CREATED_BY, DATE_CREATED, MODIFIED_BY, DATE_MODIFIED, VERSION, COLLECTION_NAME, DEFAULT_VALUE, DISPLAY_ON_DASHBOARD) 
            values (2231,4031,'fromDate','START_FIELD','DATE_SUBMITTED','datePicker',null,'TIME_FRAME',0,5661,to_date('20-AUG-12','DD-MON-RR'),5661,to_date('20-AUG-12','DD-MON-RR'),0,null, '01/01/2012', 1);
        Insert into REPORT_PARAMETER (REPORT_PARAMETER_ID, REPORT_ID, PARAMETER_NAME, PARAMETER_CM_KEY, DATABASE_COLUMN, PARAMETER_TYPE, LIST_DEFINITION, PARAMETER_GROUP, SEQUENCE_NUM, CREATED_BY, DATE_CREATED, MODIFIED_BY, DATE_MODIFIED, VERSION, COLLECTION_NAME, DEFAULT_VALUE, DISPLAY_ON_DASHBOARD) 
            values (2232,4031,'toDate','END_FIELD','DATE_SUBMITTED','datePicker',null,'TIME_FRAME',1,5661,to_date('20-AUG-12','DD-MON-RR'),5661,to_date('20-AUG-12','DD-MON-RR'),0,null, '12/31/2012', 1);
        Insert into REPORT_PARAMETER (REPORT_PARAMETER_ID, REPORT_ID, PARAMETER_NAME, PARAMETER_CM_KEY, DATABASE_COLUMN, PARAMETER_TYPE, LIST_DEFINITION, PARAMETER_GROUP, SEQUENCE_NUM, CREATED_BY, DATE_CREATED, MODIFIED_BY, DATE_MODIFIED, VERSION, COLLECTION_NAME, DEFAULT_VALUE, DISPLAY_ON_DASHBOARD) 
            values (2233,4031,'promotionId','PROMOTION_FIELD','promotionTypeList','multiSelectQuery','com.biperf.core.domain.node.reportParameterValueChoices.allLivePlateauPromotions','BASICS',2,5661,to_date('20-AUG-12','DD-MON-RR'),5661,to_date('20-AUG-12','DD-MON-RR'),0,'promotionTypeList','show_all', 1);
        Insert into REPORT_PARAMETER (REPORT_PARAMETER_ID, REPORT_ID, PARAMETER_NAME, PARAMETER_CM_KEY, DATABASE_COLUMN, PARAMETER_TYPE, LIST_DEFINITION, PARAMETER_GROUP, SEQUENCE_NUM, CREATED_BY, DATE_CREATED, MODIFIED_BY, DATE_MODIFIED, VERSION, COLLECTION_NAME, DEFAULT_VALUE, DISPLAY_ON_DASHBOARD) 
            values (2234,4031,'parentNodeId','ORG_NAME','organizationList','selectQuery','com.biperf.core.domain.node.processParameterValueChoices.NodesAsHierarchyByUser','PARTICIPANTS',3,5661,to_date('20-AUG-12','DD-MON-RR'),5661,to_date('20-AUG-12','DD-MON-RR'),0,'organizationList','show_all', 1);
        Insert into REPORT_PARAMETER (REPORT_PARAMETER_ID, REPORT_ID, PARAMETER_NAME, PARAMETER_CM_KEY, DATABASE_COLUMN, PARAMETER_TYPE, LIST_DEFINITION, PARAMETER_GROUP, SEQUENCE_NUM, CREATED_BY, DATE_CREATED, MODIFIED_BY, DATE_MODIFIED, VERSION, COLLECTION_NAME, DEFAULT_VALUE) 
            values (2235,4031,'awardLevel','AWARD_LEVEL','awardLevelTypeList','multiSelectQuery','com.biperf.core.domain.reportParameter.processParameterValueChoices.AllPlateauItemLevels','BASICS',4,5661,to_date('20-AUG-12','DD-MON-RR'),5661,to_date('20-AUG-12','DD-MON-RR'),0,'awardLevelTypeList','show_all');
        Insert into REPORT_PARAMETER (REPORT_PARAMETER_ID, REPORT_ID, PARAMETER_NAME, PARAMETER_CM_KEY, DATABASE_COLUMN, PARAMETER_TYPE, LIST_DEFINITION, PARAMETER_GROUP, SEQUENCE_NUM, CREATED_BY, DATE_CREATED, MODIFIED_BY, DATE_MODIFIED, VERSION, COLLECTION_NAME, DEFAULT_VALUE) 
            values (2236,4031,'countryId','COUNTRY_FIELD','countryList','multiSelectQuery','com.biperf.core.domain.country.processParameterValueChoices.allLiveCountries','PARTICIPANTS',5,5661,to_date('20-AUG-12','DD-MON-RR'),5661,to_date('20-AUG-12','DD-MON-RR'),0,'countryList','show_all');
            
        --ChallengePoint Selection Report
        Insert into REPORT (REPORT_ID,REPORT_CODE, CM_ASSET_CODE,REPORT_NAME_CM_KEY,REPORT_CATEGORY_TYPE,MODULE,REPORT_DESCRIPTION_CM_KEY,REPORT_URL,IS_ACTIVE,CREATED_BY,DATE_CREATED,MODIFIED_BY,DATE_MODIFIED,VERSION, FORCE_PARAMETERS, EXPORT_ONLY, INCLUDED_IN_PLATEAU) 
          values (4032,'cpSelection','report.challengepoint.selection','REPORT_NAME','cp','install.challengepoint','REPORT_DESCRIPTION','/reports/displayChallengePointSelectionReport.do?method=displaySummaryReport',1,0,sysdate,null,null,0, 0, 0, 0);
        --ChallengePoint Selection Charts
        Insert into REPORT_CHART (REPORT_CHART_ID, CAPTION_CM_KEY, SUBCAPTION_CM_KEY, CHART_DATA_URL, REPORT_ID, SHOW_LABELS, SHOW_LEGEND, ENABLE_SMART_LABELS, X_AXIS_NAME_CM_KEY, Y_AXIS_NAME_CM_KEY, SEQUENCE_NUM, DISPLAY_LIMIT, CREATED_BY, DATE_CREATED, VERSION, CHART_TYPE, INCLUDED_IN_PLATEAU)
            values (3108, 'TOTALS_CHART_CAPTION', 'TOTALS_CHART_SUBCAPTION', '/reports/displayChallengePointSelectionReport.do?method=displaySelectionTotalsChart', 4032, 1, 1, 0, 'CP_SELECTION_TOTAL_X_AXIS', 'CP_SELECTION_TOTAL_Y_AXIS', 0, 20, 0, sysdate, 0, 'Column3D', 0);
          Insert into REPORT_CHART (REPORT_CHART_ID, CAPTION_CM_KEY, SUBCAPTION_CM_KEY, CHART_DATA_URL, REPORT_ID, SHOW_LABELS, SHOW_LEGEND, ENABLE_SMART_LABELS, SHOW_PERCENT_VALUES, X_AXIS_NAME_CM_KEY, Y_AXIS_NAME_CM_KEY, SEQUENCE_NUM, DISPLAY_LIMIT, CREATED_BY, DATE_CREATED, VERSION, CHART_TYPE, INCLUDED_IN_PLATEAU)
            values (3109, 'PERCENTAGE_CHART_CAPTION', 'PERCENTAGE_CHART_SUBCAPTION', '/reports/displayChallengePointSelectionReport.do?method=displaySelectionPercentageChart', 4032, 1, 1, 0, 1, null, null, 1, 20, 0, sysdate, 0, 'Pie2D', 0);
          Insert into REPORT_CHART (REPORT_CHART_ID, CAPTION_CM_KEY, SUBCAPTION_CM_KEY, CHART_DATA_URL, REPORT_ID, SHOW_LABELS, SHOW_LEGEND, ENABLE_SMART_LABELS, SHOW_PERCENT_VALUES, X_AXIS_NAME_CM_KEY, Y_AXIS_NAME_CM_KEY, SEQUENCE_NUM, DISPLAY_LIMIT, CREATED_BY, DATE_CREATED, VERSION, CHART_TYPE, INCLUDED_IN_PLATEAU)
               values (3110, 'BY_ORG_CHART_CAPTION', 'BY_ORG_CHART_SUBCAPTION', '/reports/displayChallengePointSelectionReport.do?method=displaySelectionByOrgChart', 4032, 1, 1, 0, 0, 'CP_SELECTION_ORG_X_AXIS', 'CP_SELECTION_ORG_Y_AXIS', 2, 20, 0, sysdate, 0, 'MSColumn3D', 0);
               --Report Parameters
        Insert into REPORT_PARAMETER (REPORT_PARAMETER_ID, REPORT_ID, PARAMETER_NAME, PARAMETER_CM_KEY, DATABASE_COLUMN, PARAMETER_TYPE, LIST_DEFINITION, PARAMETER_GROUP, SEQUENCE_NUM, CREATED_BY, DATE_CREATED, MODIFIED_BY, DATE_MODIFIED, VERSION, COLLECTION_NAME, DEFAULT_VALUE) 
            values (2237,4032,'promotionStatus','PROMOTION_STATUS_FIELD','reportPromotionStatusTypeList','selectPicklist','picklist.reportpromotion.statustype','BASICS',0,5661,to_date('20-AUG-12','DD-MON-RR'),5661,to_date('20-AUG-12','DD-MON-RR'),0,'reportPromotionStatusTypeList','live');
        Insert into REPORT_PARAMETER (REPORT_PARAMETER_ID, REPORT_ID, PARAMETER_NAME, PARAMETER_CM_KEY, DATABASE_COLUMN, PARAMETER_TYPE, LIST_DEFINITION, PARAMETER_GROUP, SEQUENCE_NUM, CREATED_BY, DATE_CREATED, MODIFIED_BY, DATE_MODIFIED, VERSION, COLLECTION_NAME, DEFAULT_VALUE, DISPLAY_ON_DASHBOARD) 
            values (2238,4032,'promotionId','PROMOTION_FIELD','promotionTypeList','multiSelectQuery','com.biperf.core.domain.node.reportParameterValueChoices.allLiveChallengePointPromotions','BASICS',1,5661,to_date('20-AUG-12','DD-MON-RR'),5661,to_date('20-AUG-12','DD-MON-RR'),0,'promotionTypeList','show_all', 1);
        Insert into REPORT_PARAMETER (REPORT_PARAMETER_ID, REPORT_ID, PARAMETER_NAME, PARAMETER_CM_KEY, DATABASE_COLUMN, PARAMETER_TYPE, LIST_DEFINITION, PARAMETER_GROUP, SEQUENCE_NUM, CREATED_BY, DATE_CREATED, MODIFIED_BY, DATE_MODIFIED, VERSION, COLLECTION_NAME, DEFAULT_VALUE, DISPLAY_ON_DASHBOARD) 
            values (2239,4032,'parentNodeId','ORG_NAME','organizationList','selectQuery','com.biperf.core.domain.node.processParameterValueChoices.NodesAsHierarchyByUser','PARTICIPANTS',2,5661,to_date('20-AUG-12','DD-MON-RR'),5661,to_date('20-AUG-12','DD-MON-RR'),0,'organizationList','show_all', 1);            
        Insert into REPORT_PARAMETER (REPORT_PARAMETER_ID, REPORT_ID, PARAMETER_NAME, PARAMETER_CM_KEY, DATABASE_COLUMN, PARAMETER_TYPE, LIST_DEFINITION, PARAMETER_GROUP, SEQUENCE_NUM, CREATED_BY, DATE_CREATED, MODIFIED_BY, DATE_MODIFIED, VERSION, COLLECTION_NAME, DEFAULT_VALUE) 
            values (2240,4032,'participantStatus','PARTICIPANT_STATUS_FIELD','participantStatusList','selectPicklist','picklist.participantstatus','PARTICIPANTS',3,5661,to_date('20-AUG-12','DD-MON-RR'),5661,to_date('20-AUG-12','DD-MON-RR'),0,'participantStatusList','active');
        Insert into REPORT_PARAMETER (REPORT_PARAMETER_ID, REPORT_ID, PARAMETER_NAME, PARAMETER_CM_KEY, DATABASE_COLUMN, PARAMETER_TYPE, LIST_DEFINITION, PARAMETER_GROUP, SEQUENCE_NUM, CREATED_BY, DATE_CREATED, MODIFIED_BY, DATE_MODIFIED, VERSION, COLLECTION_NAME, DEFAULT_VALUE) 
            values (2241,4032,'jobPosition','JOB_POSITION_FIELD','positionTypeList','selectPicklist','picklist.positiontype','PARTICIPANTS',4,5661,to_date('20-AUG-12','DD-MON-RR'),5661,to_date('20-AUG-12','DD-MON-RR'),0,'jobPositionTypeList','show_all');
        Insert into REPORT_PARAMETER (REPORT_PARAMETER_ID, REPORT_ID, PARAMETER_NAME, PARAMETER_CM_KEY, DATABASE_COLUMN, PARAMETER_TYPE, LIST_DEFINITION, PARAMETER_GROUP, SEQUENCE_NUM, CREATED_BY, DATE_CREATED, MODIFIED_BY, DATE_MODIFIED, VERSION, COLLECTION_NAME, DEFAULT_VALUE) 
            values (2242,4032,'department','DEPARTMENT_FIELD','departmentTypeList','multiSelectPick','picklist.department.type','PARTICIPANTS',5,5661,to_date('20-AUG-12','DD-MON-RR'),5661,to_date('20-AUG-12','DD-MON-RR'),0,'departmentTypeList','show_all');
        
       --ChallengePoint Progress Report
        Insert into REPORT (REPORT_ID,REPORT_CODE, CM_ASSET_CODE,REPORT_NAME_CM_KEY,REPORT_CATEGORY_TYPE,MODULE,REPORT_DESCRIPTION_CM_KEY,REPORT_URL,IS_ACTIVE,CREATED_BY,DATE_CREATED,MODIFIED_BY,DATE_MODIFIED,VERSION, FORCE_PARAMETERS, EXPORT_ONLY, INCLUDED_IN_PLATEAU) 
          values (4033,'cpProgress','report.challengepoint.progress','REPORT_NAME','cp','install.challengepoint','REPORT_DESCRIPTION','/reports/displayChallengePointProgressReport.do?method=displaySummaryReport',1,0,sysdate,null,null,0, 0, 0, 0);
        --ChallengePoint Progress Charts
        Insert into REPORT_CHART (REPORT_CHART_ID, CAPTION_CM_KEY, SUBCAPTION_CM_KEY, CHART_DATA_URL, REPORT_ID, SHOW_LABELS, SHOW_LEGEND, ENABLE_SMART_LABELS, X_AXIS_NAME_CM_KEY, Y_AXIS_NAME_CM_KEY, SEQUENCE_NUM, DISPLAY_LIMIT, CREATED_BY, DATE_CREATED, VERSION, CHART_TYPE, INCLUDED_IN_PLATEAU)
            values (3111, 'PROGRESS_CHART_CAPTION', 'PROGRESS_CHART_SUBCAPTION', '/reports/displayChallengePointProgressReport.do?method=displayProgressToGoalChart', 4033, 1, 1, 0, 'CP_PROGRESS_X_AXIS', 'CP_PROGRESS_Y_AXIS', 0, 20, 0, sysdate, 0, 'Column3D', 0);
          --Insert into REPORT_CHART (REPORT_CHART_ID, CAPTION_CM_KEY, SUBCAPTION_CM_KEY, CHART_DATA_URL, REPORT_ID, SHOW_LABELS, SHOW_LEGEND, ENABLE_SMART_LABELS, X_AXIS_NAME_CM_KEY, Y_AXIS_NAME_CM_KEY, SEQUENCE_NUM, DISPLAY_LIMIT, CREATED_BY, DATE_CREATED, VERSION, CHART_TYPE, INCLUDED_IN_PLATEAU)
        --    values (3001, 'RESULTS_CHART_CAPTION', 'RESULTS_CHART_SUBCAPTION', '/reports/displayChallengePointProgressReport.do?method=displayProgressResultsChart', 4033, 1, 1, 0, null, null, 1, 10, 0, sysdate, 0, 'MSColumn3D', 0);
          --Report Parameters   
        Insert into REPORT_PARAMETER (REPORT_PARAMETER_ID, REPORT_ID, PARAMETER_NAME, PARAMETER_CM_KEY, DATABASE_COLUMN, PARAMETER_TYPE, LIST_DEFINITION, PARAMETER_GROUP, SEQUENCE_NUM, CREATED_BY, DATE_CREATED, MODIFIED_BY, DATE_MODIFIED, VERSION, COLLECTION_NAME, DEFAULT_VALUE) 
            values (2243,4033,'promotionStatus','PROMOTION_STATUS_FIELD','reportPromotionStatusTypeList','selectPicklist','picklist.reportpromotion.statustype','BASICS',0,5661,to_date('20-AUG-12','DD-MON-RR'),5661,to_date('20-AUG-12','DD-MON-RR'),0,'reportPromotionStatusTypeList','live');
        Insert into REPORT_PARAMETER (REPORT_PARAMETER_ID, REPORT_ID, PARAMETER_NAME, PARAMETER_CM_KEY, DATABASE_COLUMN, PARAMETER_TYPE, LIST_DEFINITION, PARAMETER_GROUP, SEQUENCE_NUM, CREATED_BY, DATE_CREATED, MODIFIED_BY, DATE_MODIFIED, VERSION, COLLECTION_NAME, DEFAULT_VALUE, DISPLAY_ON_DASHBOARD) 
            values (2244,4033,'promotionId','PROMOTION_FIELD','promotionTypeList','multiSelectQuery','com.biperf.core.domain.node.reportParameterValueChoices.allLiveChallengePointPromotions','BASICS',1,5661,to_date('20-AUG-12','DD-MON-RR'),5661,to_date('20-AUG-12','DD-MON-RR'),0,'promotionTypeList','show_all', 1);
        Insert into REPORT_PARAMETER (REPORT_PARAMETER_ID, REPORT_ID, PARAMETER_NAME, PARAMETER_CM_KEY, DATABASE_COLUMN, PARAMETER_TYPE, LIST_DEFINITION, PARAMETER_GROUP, SEQUENCE_NUM, CREATED_BY, DATE_CREATED, MODIFIED_BY, DATE_MODIFIED, VERSION, COLLECTION_NAME, DEFAULT_VALUE, DISPLAY_ON_DASHBOARD) 
            values (2245,4033,'parentNodeId','ORG_NAME','organizationList','selectQuery','com.biperf.core.domain.node.processParameterValueChoices.NodesAsHierarchyByUser','PARTICIPANTS',2,5661,to_date('20-AUG-12','DD-MON-RR'),5661,to_date('20-AUG-12','DD-MON-RR'),0,'organizationList','show_all', 1);
        Insert into REPORT_PARAMETER (REPORT_PARAMETER_ID, REPORT_ID, PARAMETER_NAME, PARAMETER_CM_KEY, DATABASE_COLUMN, PARAMETER_TYPE, LIST_DEFINITION, PARAMETER_GROUP, SEQUENCE_NUM, CREATED_BY, DATE_CREATED, MODIFIED_BY, DATE_MODIFIED, VERSION, COLLECTION_NAME, DEFAULT_VALUE) 
            values (2246,4033,'participantStatus','PARTICIPANT_STATUS_FIELD','participantStatusList','selectPicklist','picklist.participantstatus','PARTICIPANTS',3,5661,to_date('20-AUG-12','DD-MON-RR'),5661,to_date('20-AUG-12','DD-MON-RR'),0,'participantStatusList','active');
        Insert into REPORT_PARAMETER (REPORT_PARAMETER_ID, REPORT_ID, PARAMETER_NAME, PARAMETER_CM_KEY, DATABASE_COLUMN, PARAMETER_TYPE, LIST_DEFINITION, PARAMETER_GROUP, SEQUENCE_NUM, CREATED_BY, DATE_CREATED, MODIFIED_BY, DATE_MODIFIED, VERSION, COLLECTION_NAME, DEFAULT_VALUE) 
            values (2247,4033,'jobPosition','JOB_POSITION_FIELD','positionTypeList','selectPicklist','picklist.positiontype','PARTICIPANTS',4,5661,to_date('20-AUG-12','DD-MON-RR'),5661,to_date('20-AUG-12','DD-MON-RR'),0,'jobPositionTypeList','show_all');
        Insert into REPORT_PARAMETER (REPORT_PARAMETER_ID, REPORT_ID, PARAMETER_NAME, PARAMETER_CM_KEY, DATABASE_COLUMN, PARAMETER_TYPE, LIST_DEFINITION, PARAMETER_GROUP, SEQUENCE_NUM, CREATED_BY, DATE_CREATED, MODIFIED_BY, DATE_MODIFIED, VERSION, COLLECTION_NAME, DEFAULT_VALUE) 
            values (2248,4033,'department','DEPARTMENT_FIELD','departmentTypeList','multiSelectPick','picklist.department.type','PARTICIPANTS',5,5661,to_date('20-AUG-12','DD-MON-RR'),5661,to_date('20-AUG-12','DD-MON-RR'),0,'departmentTypeList','show_all');

--Challengepoint Achievement Report
        Insert into REPORT (REPORT_ID,REPORT_CODE, CM_ASSET_CODE,REPORT_NAME_CM_KEY,REPORT_CATEGORY_TYPE,MODULE,REPORT_DESCRIPTION_CM_KEY,REPORT_URL,IS_ACTIVE,CREATED_BY,DATE_CREATED,MODIFIED_BY,DATE_MODIFIED,VERSION, FORCE_PARAMETERS, EXPORT_ONLY, INCLUDED_IN_PLATEAU) 
          values (4034,'cpAchievement','report.challengepoint.achievement','REPORT_NAME','cp','install.challengepoint','REPORT_DESCRIPTION','/reports/displayChallengepointAchievementReport.do?method=displaySummaryReport',1,0,sysdate,null,null,0, 0, 0, 0);
        --ChallengePoint Achievement Charts
        Insert into REPORT_CHART (REPORT_CHART_ID, CAPTION_CM_KEY, SUBCAPTION_CM_KEY, CHART_DATA_URL, REPORT_ID, SHOW_LABELS, SHOW_LEGEND, ENABLE_SMART_LABELS, X_AXIS_NAME_CM_KEY, Y_AXIS_NAME_CM_KEY, SEQUENCE_NUM, DISPLAY_LIMIT, CREATED_BY, DATE_CREATED, VERSION, CHART_TYPE, INCLUDED_IN_PLATEAU)
            values (3112, 'PERCENTAGE_ACHIEVED_CHART_CAPTION', 'PERCENTAGE_ACHIEVED_CHART_SUBCAPTION', '/reports/displayChallengepointAchievementReport.do?method=displayAchievementPercentageChart', 4034, 1, 1, 0, 'CP_PAR_ACHIEVEMENT_PER_X_AXIS', 'CP_PAR_ACHIEVEMENT_PER_Y_AXIS', 0, 20, 0, sysdate, 0, 'Column3D', 0);
          Insert into REPORT_CHART (REPORT_CHART_ID, CAPTION_CM_KEY, SUBCAPTION_CM_KEY, CHART_DATA_URL, REPORT_ID, SHOW_LABELS, SHOW_LEGEND, ENABLE_SMART_LABELS, X_AXIS_NAME_CM_KEY, Y_AXIS_NAME_CM_KEY, SEQUENCE_NUM, DISPLAY_LIMIT, CREATED_BY, DATE_CREATED, VERSION, CHART_TYPE, INCLUDED_IN_PLATEAU)
            values (3113, 'COUNT_ACHIEVED_CHART_CAPTION', 'COUNT_ACHIEVED_CHART_SUBCAPTION', '/reports/displayChallengepointAchievementReport.do?method=displayAchievementCountChart', 4034, 1, 1, 0, 'CP_PAR_ACHIEVEMENT_COUNT_X_AXIS', 'CP_PAR_ACHIEVEMENT_COUNT_Y_AXIS', 1, 20, 0, sysdate, 0, 'Column3D', 0);
          --Insert into REPORT_CHART (REPORT_CHART_ID, CAPTION_CM_KEY, SUBCAPTION_CM_KEY, CHART_DATA_URL, REPORT_ID, SHOW_LABELS, SHOW_LEGEND, ENABLE_SMART_LABELS, X_AXIS_NAME_CM_KEY, Y_AXIS_NAME_CM_KEY, SEQUENCE_NUM, DISPLAY_LIMIT, CREATED_BY, DATE_CREATED, VERSION, CHART_TYPE, INCLUDED_IN_PLATEAU)
        --    values (3001, 'RESULTS_CHART_CAPTION', 'RESULTS_CHART_SUBCAPTION', '/reports/displayChallengepointAchievementReport.do?method=displayAchievementResultsChart', 4034, 1, 1, 0, null, null, 2, 20, 0, sysdate, 0, 'MSColumn3D', 0);
          Insert into REPORT_CHART (REPORT_CHART_ID, CAPTION_CM_KEY, SUBCAPTION_CM_KEY, CHART_DATA_URL, REPORT_ID, SHOW_LABELS, SHOW_LEGEND, ENABLE_SMART_LABELS, X_AXIS_NAME_CM_KEY, Y_AXIS_NAME_CM_KEY, SEQUENCE_NUM, DISPLAY_LIMIT, CREATED_BY, DATE_CREATED, VERSION, CHART_TYPE, INCLUDED_IN_PLATEAU)
            values (3114, 'PERCENTAGE_BY_ORG_CHART_CAPTION', 'PERCENTAGE_BY_ORG_CHART_SUBCAPTION', '/reports/displayChallengepointAchievementReport.do?method=displayAchievementPercentageByOrgChart', 4034, 1, 1, 0, 'CP_PAR_ACHIEVEMENT_PER_ORG_X_AXIS', 'CP_PAR_ACHIEVEMENT_PER_ORG_Y_AXIS', 2, 20, 0, sysdate, 0, 'MSColumn3D', 0);
          Insert into REPORT_CHART (REPORT_CHART_ID, CAPTION_CM_KEY, SUBCAPTION_CM_KEY, CHART_DATA_URL, REPORT_ID, SHOW_LABELS, SHOW_LEGEND, ENABLE_SMART_LABELS, X_AXIS_NAME_CM_KEY, Y_AXIS_NAME_CM_KEY, SEQUENCE_NUM, DISPLAY_LIMIT, CREATED_BY, DATE_CREATED, VERSION, CHART_TYPE, INCLUDED_IN_PLATEAU)
            values (3115, 'COUNT_BY_ORG_CHART_CAPTION', 'COUNT_BY_ORG_CHART_SUBCAPTION', '/reports/displayChallengepointAchievementReport.do?method=displayAchievementCountByOrgChart', 4034, 1, 1, 0, 'CP_PAR_ACHIEVEMENT_COUNT_ORG_X_AXIS', 'CP_PAR_ACHIEVEMENT_COUNT_ORG_Y_AXIS', 3, 20, 0, sysdate, 0, 'MSColumn3D', 0);
    --Report Parameters   
        Insert into REPORT_PARAMETER (REPORT_PARAMETER_ID, REPORT_ID, PARAMETER_NAME, PARAMETER_CM_KEY, DATABASE_COLUMN, PARAMETER_TYPE, LIST_DEFINITION, PARAMETER_GROUP, SEQUENCE_NUM, CREATED_BY, DATE_CREATED, MODIFIED_BY, DATE_MODIFIED, VERSION, COLLECTION_NAME, DEFAULT_VALUE) 
            values (2249,4034,'promotionStatus','PROMOTION_STATUS_FIELD','reportPromotionStatusTypeList','selectPicklist','picklist.reportpromotion.statustype','BASICS',0,5661,to_date('20-AUG-12','DD-MON-RR'),5661,to_date('20-AUG-12','DD-MON-RR'),0,'reportPromotionStatusTypeList','live');
        Insert into REPORT_PARAMETER (REPORT_PARAMETER_ID, REPORT_ID, PARAMETER_NAME, PARAMETER_CM_KEY, DATABASE_COLUMN, PARAMETER_TYPE, LIST_DEFINITION, PARAMETER_GROUP, SEQUENCE_NUM, CREATED_BY, DATE_CREATED, MODIFIED_BY, DATE_MODIFIED, VERSION, COLLECTION_NAME, DEFAULT_VALUE, DISPLAY_ON_DASHBOARD) 
            values (2250,4034,'promotionId','PROMOTION_FIELD','promotionTypeList','multiSelectQuery','com.biperf.core.domain.node.reportParameterValueChoices.allLiveChallengePointPromotions','BASICS',1,5661,to_date('20-AUG-12','DD-MON-RR'),5661,to_date('20-AUG-12','DD-MON-RR'),0,'promotionTypeList','show_all', 1);
        Insert into REPORT_PARAMETER (REPORT_PARAMETER_ID, REPORT_ID, PARAMETER_NAME, PARAMETER_CM_KEY, DATABASE_COLUMN, PARAMETER_TYPE, LIST_DEFINITION, PARAMETER_GROUP, SEQUENCE_NUM, CREATED_BY, DATE_CREATED, MODIFIED_BY, DATE_MODIFIED, VERSION, COLLECTION_NAME, DEFAULT_VALUE, DISPLAY_ON_DASHBOARD) 
            values (2251,4034,'parentNodeId','ORG_NAME','organizationList','selectQuery','com.biperf.core.domain.node.processParameterValueChoices.NodesAsHierarchyByUser','PARTICIPANTS',2,5661,to_date('20-AUG-12','DD-MON-RR'),5661,to_date('20-AUG-12','DD-MON-RR'),0,'organizationList','show_all', 1);
        Insert into REPORT_PARAMETER (REPORT_PARAMETER_ID, REPORT_ID, PARAMETER_NAME, PARAMETER_CM_KEY, DATABASE_COLUMN, PARAMETER_TYPE, LIST_DEFINITION, PARAMETER_GROUP, SEQUENCE_NUM, CREATED_BY, DATE_CREATED, MODIFIED_BY, DATE_MODIFIED, VERSION, COLLECTION_NAME, DEFAULT_VALUE) 
            values (2252,4034,'participantStatus','PARTICIPANT_STATUS_FIELD','participantStatusList','selectPicklist','picklist.participantstatus','PARTICIPANTS',3,5661,to_date('20-AUG-12','DD-MON-RR'),5661,to_date('20-AUG-12','DD-MON-RR'),0,'participantStatusList','active');
        Insert into REPORT_PARAMETER (REPORT_PARAMETER_ID, REPORT_ID, PARAMETER_NAME, PARAMETER_CM_KEY, DATABASE_COLUMN, PARAMETER_TYPE, LIST_DEFINITION, PARAMETER_GROUP, SEQUENCE_NUM, CREATED_BY, DATE_CREATED, MODIFIED_BY, DATE_MODIFIED, VERSION, COLLECTION_NAME, DEFAULT_VALUE) 
            values (2253,4034,'jobPosition','JOB_POSITION_FIELD','positionTypeList','selectPicklist','picklist.positiontype','PARTICIPANTS',4,5661,to_date('20-AUG-12','DD-MON-RR'),5661,to_date('20-AUG-12','DD-MON-RR'),0,'jobPositionTypeList','show_all');
        Insert into REPORT_PARAMETER (REPORT_PARAMETER_ID, REPORT_ID, PARAMETER_NAME, PARAMETER_CM_KEY, DATABASE_COLUMN, PARAMETER_TYPE, LIST_DEFINITION, PARAMETER_GROUP, SEQUENCE_NUM, CREATED_BY, DATE_CREATED, MODIFIED_BY, DATE_MODIFIED, VERSION, COLLECTION_NAME, DEFAULT_VALUE) 
            values (2254,4034,'department','DEPARTMENT_FIELD','departmentTypeList','multiSelectPick','picklist.department.type','PARTICIPANTS',5,5661,to_date('20-AUG-12','DD-MON-RR'),5661,to_date('20-AUG-12','DD-MON-RR'),0,'departmentTypeList','show_all');

      --ChallengePoint Manager Achievement Report
        Insert into REPORT (REPORT_ID,REPORT_CODE, CM_ASSET_CODE,REPORT_NAME_CM_KEY,REPORT_CATEGORY_TYPE,MODULE,REPORT_DESCRIPTION_CM_KEY,REPORT_URL,IS_ACTIVE,CREATED_BY,DATE_CREATED,MODIFIED_BY,DATE_MODIFIED,VERSION, FORCE_PARAMETERS, EXPORT_ONLY, INCLUDED_IN_PLATEAU) 
          values (4035,'cpManager','report.challengepoint.manager','REPORT_NAME','cp','install.challengepoint','REPORT_DESCRIPTION','/reports/displayChallengePointManagerReport.do?method=displaySummaryReport',1,0,sysdate,null,null,0, 0, 0, 0);
          --ChallengePoint Manager Achievement Charts
        Insert into REPORT_CHART (REPORT_CHART_ID, CAPTION_CM_KEY, SUBCAPTION_CM_KEY, CHART_DATA_URL, REPORT_ID, SHOW_LABELS, SHOW_LEGEND, ENABLE_SMART_LABELS, X_AXIS_NAME_CM_KEY, Y_AXIS_NAME_CM_KEY, SEQUENCE_NUM, DISPLAY_LIMIT, CREATED_BY, DATE_CREATED, VERSION, CHART_TYPE, INCLUDED_IN_PLATEAU)
            values (3116, 'TOTAL_POINTS_CHART_CAPTION', 'TOTAL_POINTS_CHART_SUBCAPTION', '/reports/displayChallengePointManagerReport.do?method=displayTotalPointsEarnedChart', 4035, 1, 1, 0, 'CP_TOT_PTS_ERND_X_AXIS', 'CP_TOT_PTS_ERND_Y_AXIS', 0, 20, 0, sysdate, 0, 'Column3D', 0);
          --Report Parameters   
        Insert into REPORT_PARAMETER (REPORT_PARAMETER_ID, REPORT_ID, PARAMETER_NAME, PARAMETER_CM_KEY, DATABASE_COLUMN, PARAMETER_TYPE, LIST_DEFINITION, PARAMETER_GROUP, SEQUENCE_NUM, CREATED_BY, DATE_CREATED, MODIFIED_BY, DATE_MODIFIED, VERSION, COLLECTION_NAME, DEFAULT_VALUE) 
            values (2255,4035,'promotionStatus','PROMOTION_STATUS_FIELD','reportPromotionStatusTypeList','selectPicklist','picklist.reportpromotion.statustype','BASICS',0,5661,to_date('20-AUG-12','DD-MON-RR'),5661,to_date('20-AUG-12','DD-MON-RR'),0,'reportPromotionStatusTypeList','live');
        Insert into REPORT_PARAMETER (REPORT_PARAMETER_ID, REPORT_ID, PARAMETER_NAME, PARAMETER_CM_KEY, DATABASE_COLUMN, PARAMETER_TYPE, LIST_DEFINITION, PARAMETER_GROUP, SEQUENCE_NUM, CREATED_BY, DATE_CREATED, MODIFIED_BY, DATE_MODIFIED, VERSION, COLLECTION_NAME, DEFAULT_VALUE, DISPLAY_ON_DASHBOARD) 
            values (2256,4035,'promotionId','PROMOTION_FIELD','promotionTypeList','multiSelectQuery','com.biperf.core.domain.node.reportParameterValueChoices.allLiveChallengePointPromotions','BASICS',1,5661,to_date('20-AUG-12','DD-MON-RR'),5661,to_date('20-AUG-12','DD-MON-RR'),0,'promotionTypeList','show_all', 1);
        Insert into REPORT_PARAMETER (REPORT_PARAMETER_ID, REPORT_ID, PARAMETER_NAME, PARAMETER_CM_KEY, DATABASE_COLUMN, PARAMETER_TYPE, LIST_DEFINITION, PARAMETER_GROUP, SEQUENCE_NUM, CREATED_BY, DATE_CREATED, MODIFIED_BY, DATE_MODIFIED, VERSION, COLLECTION_NAME, DEFAULT_VALUE, DISPLAY_ON_DASHBOARD) 
            values (2257,4035,'parentNodeId','ORG_NAME','organizationList','selectQuery','com.biperf.core.domain.node.processParameterValueChoices.NodesAsHierarchyByUser','PARTICIPANTS',2,5661,to_date('20-AUG-12','DD-MON-RR'),5661,to_date('20-AUG-12','DD-MON-RR'),0,'organizationList','show_all', 1);

        -- ChallengePoint Program Summary Report
        Insert into REPORT (REPORT_ID,REPORT_CODE, CM_ASSET_CODE,REPORT_NAME_CM_KEY,REPORT_CATEGORY_TYPE,MODULE,REPORT_DESCRIPTION_CM_KEY,REPORT_URL,IS_ACTIVE,CREATED_BY,DATE_CREATED,MODIFIED_BY,DATE_MODIFIED,VERSION, FORCE_PARAMETERS, EXPORT_ONLY, INCLUDED_IN_PLATEAU) 
          values (4036,'cpSummary','report.challengepoint.summary','REPORT_NAME','cp','install.challengepoint','REPORT_DESCRIPTION','/reports/displayChallengePointProgramSummaryReport.do?method=displaySummaryReport',1,0,sysdate,null,null,0, 0, 0, 0);
          --ChallengePoint Program Summary Charts
          Insert into REPORT_CHART (REPORT_CHART_ID, CAPTION_CM_KEY, SUBCAPTION_CM_KEY, CHART_DATA_URL, REPORT_ID, SHOW_LABELS, SHOW_LEGEND, ENABLE_SMART_LABELS, X_AXIS_NAME_CM_KEY, Y_AXIS_NAME_CM_KEY, SEQUENCE_NUM, DISPLAY_LIMIT, CREATED_BY, DATE_CREATED, VERSION, CHART_TYPE, INCLUDED_IN_PLATEAU)
            values (3117, 'GOAL_ACHIEVEMENT_CHART_CAPTION', 'GOAL_ACHIEVEMENT_CHART_SUBCAPTION', '/reports/displayChallengePointProgramSummaryReport.do?method=displayGoalAchievementChart', 4036, 1, 1, 0, 'CP_PROGRAM_ACHIEVEMENT_X_AXIS', 'CP_PROGRAM_ACHIEVEMENT_Y_AXIS', 0, 20, 0, sysdate, 0, 'Bar2D', 0);
          Insert into REPORT_CHART (REPORT_CHART_ID, CAPTION_CM_KEY, SUBCAPTION_CM_KEY, CHART_DATA_URL, REPORT_ID, SHOW_LABELS, SHOW_LEGEND, ENABLE_SMART_LABELS, X_AXIS_NAME_CM_KEY, Y_AXIS_NAME_CM_KEY, SEQUENCE_NUM, DISPLAY_LIMIT, CREATED_BY, DATE_CREATED, VERSION, CHART_TYPE, INCLUDED_IN_PLATEAU)
            values (3118, 'INCREMENT_CHART_CAPTION', 'INCREMENT_CHART_SUBCAPTION', '/reports/displayChallengePointProgramSummaryReport.do?method=displayChallengePointIncrementalChart', 4036, 1, 1, 0,'CP_PROGRAM_INCREMENT_X_AXIS', 'CP_PROGRAM_INCREMENT_Y_AXIS', 1, 20, 0, sysdate, 0, 'MSColumn3D', 0);
        --Report Parameters
        Insert into REPORT_PARAMETER (REPORT_PARAMETER_ID, REPORT_ID, PARAMETER_NAME, PARAMETER_CM_KEY, DATABASE_COLUMN, PARAMETER_TYPE, LIST_DEFINITION, PARAMETER_GROUP, SEQUENCE_NUM, CREATED_BY, DATE_CREATED, MODIFIED_BY, DATE_MODIFIED, VERSION, COLLECTION_NAME, DEFAULT_VALUE) 
            values (2258,4036,'promotionStatus','PROMOTION_STATUS_FIELD','reportPromotionStatusTypeList','selectPicklist','picklist.reportpromotion.statustype','BASICS',0,5661,to_date('20-AUG-12','DD-MON-RR'),5661,to_date('20-AUG-12','DD-MON-RR'),0,'reportPromotionStatusTypeList','live');
        Insert into REPORT_PARAMETER (REPORT_PARAMETER_ID, REPORT_ID, PARAMETER_NAME, PARAMETER_CM_KEY, DATABASE_COLUMN, PARAMETER_TYPE, LIST_DEFINITION, PARAMETER_GROUP, SEQUENCE_NUM, CREATED_BY, DATE_CREATED, MODIFIED_BY, DATE_MODIFIED, VERSION, COLLECTION_NAME, DEFAULT_VALUE, DISPLAY_ON_DASHBOARD) 
            values (2259,4036,'promotionId','PROMOTION_FIELD','promotionTypeList','multiSelectQuery','com.biperf.core.domain.node.reportParameterValueChoices.allLiveChallengePointPromotions','BASICS',1,5661,to_date('20-AUG-12','DD-MON-RR'),5661,to_date('20-AUG-12','DD-MON-RR'),0,'promotionTypeList','show_all', 1);
        Insert into REPORT_PARAMETER (REPORT_PARAMETER_ID, REPORT_ID, PARAMETER_NAME, PARAMETER_CM_KEY, DATABASE_COLUMN, PARAMETER_TYPE, LIST_DEFINITION, PARAMETER_GROUP, SEQUENCE_NUM, CREATED_BY, DATE_CREATED, MODIFIED_BY, DATE_MODIFIED, VERSION, COLLECTION_NAME, DEFAULT_VALUE, DISPLAY_ON_DASHBOARD) 
            values (2260,4036,'parentNodeId','ORG_NAME','organizationList','selectQuery','com.biperf.core.domain.node.processParameterValueChoices.NodesAsHierarchyByUser','PARTICIPANTS',2,5661,to_date('20-AUG-12','DD-MON-RR'),5661,to_date('20-AUG-12','DD-MON-RR'),0,'organizationList','show_all', 1);
        Insert into REPORT_PARAMETER (REPORT_PARAMETER_ID, REPORT_ID, PARAMETER_NAME, PARAMETER_CM_KEY, DATABASE_COLUMN, PARAMETER_TYPE, LIST_DEFINITION, PARAMETER_GROUP, SEQUENCE_NUM, CREATED_BY, DATE_CREATED, MODIFIED_BY, DATE_MODIFIED, VERSION, COLLECTION_NAME, DEFAULT_VALUE) 
            values (2261,4036,'participantStatus','PARTICIPANT_STATUS_FIELD','participantStatusList','selectPicklist','picklist.participantstatus','PARTICIPANTS',3,5661,to_date('20-AUG-12','DD-MON-RR'),5661,to_date('20-AUG-12','DD-MON-RR'),0,'participantStatusList','active');

        -- Throwdown activity By Pax Report
        Insert into REPORT (REPORT_ID,REPORT_CODE, CM_ASSET_CODE,REPORT_NAME_CM_KEY,REPORT_CATEGORY_TYPE,MODULE,REPORT_DESCRIPTION_CM_KEY,REPORT_URL,IS_ACTIVE,CREATED_BY,DATE_CREATED,MODIFIED_BY,DATE_MODIFIED,VERSION, FORCE_PARAMETERS, EXPORT_ONLY, INCLUDED_IN_PLATEAU) 
          values (4037,'throwdownActivityByPax','report.throwdownactivity.bypax','REPORT_NAME','throwdown','install.throwdown','REPORT_DESCRIPTION','/reports/displayThrowdownActivityByPaxSummaryReport.do?method=displaySummaryReport',1,0,sysdate,null,null,0, 0, 0, 0);
          --Throwdown Activity By Pax Summary Charts
          Insert into REPORT_CHART (REPORT_CHART_ID, CAPTION_CM_KEY, SUBCAPTION_CM_KEY, CHART_DATA_URL, REPORT_ID, SHOW_LABELS, SHOW_LEGEND, ENABLE_SMART_LABELS, X_AXIS_NAME_CM_KEY, Y_AXIS_NAME_CM_KEY, SEQUENCE_NUM, DISPLAY_LIMIT, CREATED_BY, DATE_CREATED, VERSION, CHART_TYPE, INCLUDED_IN_PLATEAU)
            values (3119, 'TOTAL_ACTIVITY_CHART_CAPTION', 'TOTAL_ACTIVITY_CHART_SUBCAPTION', '/reports/displayThrowdownActivityByPaxSummaryReport.do?method=displayThrowdownTotalActivityChart', 4037, 1, 1, 0, 'TOTAL_ACTIVITY_X_AXIS', 'TOTAL_ACTIVITY_Y_AXIS', 0, 20, 0, sysdate, 0, 'Column3D', 0);
          Insert into REPORT_CHART (REPORT_CHART_ID, CAPTION_CM_KEY, SUBCAPTION_CM_KEY, CHART_DATA_URL, REPORT_ID, SHOW_LABELS, SHOW_LEGEND, ENABLE_SMART_LABELS, X_AXIS_NAME_CM_KEY, Y_AXIS_NAME_CM_KEY, SEQUENCE_NUM, DISPLAY_LIMIT, CREATED_BY, DATE_CREATED, VERSION, CHART_TYPE, INCLUDED_IN_PLATEAU)
            values (3120, 'ACITIVITY_BY_ROUND_CHART_CAPTION', 'ACITIVITY_BY_ROUND_CHART_SUBCAPTION', '/reports/displayThrowdownActivityByPaxSummaryReport.do?method=displayThrowdownActivityByRoundChart', 4037, 1, 1, 0, 'ACITIVITY_BY_ROUND_X_AXIS', 'ACITIVITY_BY_ROUND_Y_AXIS', 1, 20, 0, sysdate, 0, 'Column3D', 0);
          Insert into REPORT_CHART (REPORT_CHART_ID, CAPTION_CM_KEY, SUBCAPTION_CM_KEY, CHART_DATA_URL, REPORT_ID, SHOW_LABELS, SHOW_LEGEND, ENABLE_SMART_LABELS, X_AXIS_NAME_CM_KEY, Y_AXIS_NAME_CM_KEY, SEQUENCE_NUM, DISPLAY_LIMIT, CREATED_BY, DATE_CREATED, VERSION, CHART_TYPE, INCLUDED_IN_PLATEAU)
            values (3121, 'ACTIVITY_POINTS_CHART_CAPTION', 'ACTIVITY_POINTS_CHART_SUBCAPTION', '/reports/displayThrowdownActivityByPaxSummaryReport.do?method=displayThrowdownPointsEarnedChart', 4037, 1, 1, 0, 'ACTIVITY_POINTS_X_AXIS', 'ACTIVITY_POINTS_Y_AXIS', 2, 20, 0, sysdate, 0, 'Column3D', 0);
        --Report Parameters
        Insert into REPORT_PARAMETER (REPORT_PARAMETER_ID, REPORT_ID, PARAMETER_NAME, PARAMETER_CM_KEY, DATABASE_COLUMN, PARAMETER_TYPE, LIST_DEFINITION, PARAMETER_GROUP, SEQUENCE_NUM, CREATED_BY, DATE_CREATED, MODIFIED_BY, DATE_MODIFIED, VERSION, COLLECTION_NAME, DEFAULT_VALUE) 
            values (2262,4037,'promotionStatus','PROMOTION_STATUS_FIELD','reportPromotionStatusTypeList','selectPicklist','picklist.reportpromotion.statustype','BASICS',0,5661,to_date('20-AUG-12','DD-MON-RR'),5661,to_date('20-AUG-12','DD-MON-RR'),0,'reportPromotionStatusTypeList','live');
        Insert into REPORT_PARAMETER (REPORT_PARAMETER_ID, REPORT_ID, PARAMETER_NAME, PARAMETER_CM_KEY, DATABASE_COLUMN, PARAMETER_TYPE, LIST_DEFINITION, PARAMETER_GROUP, SEQUENCE_NUM, CREATED_BY, DATE_CREATED, MODIFIED_BY, DATE_MODIFIED, VERSION, COLLECTION_NAME, DEFAULT_VALUE, DISPLAY_ON_DASHBOARD) 
            values (2263,4037,'promotionId','PROMOTION_FIELD','promotionTypeList','multiSelectQuery','com.biperf.core.domain.node.reportParameterValueChoices.allLiveThrowdownPromotions','BASICS',1,5661,to_date('20-AUG-12','DD-MON-RR'),5661,to_date('20-AUG-12','DD-MON-RR'),0,'promotionTypeList','show_all', 1);
        Insert into REPORT_PARAMETER (REPORT_PARAMETER_ID, REPORT_ID, PARAMETER_NAME, PARAMETER_CM_KEY, DATABASE_COLUMN, PARAMETER_TYPE, LIST_DEFINITION, PARAMETER_GROUP, SEQUENCE_NUM, CREATED_BY, DATE_CREATED, MODIFIED_BY, DATE_MODIFIED, VERSION, COLLECTION_NAME, DEFAULT_VALUE, DISPLAY_ON_DASHBOARD) 
            values (2264,4037,'roundNumber','ROUND_FIELD','roundNumberTypeList','selectQuery','com.biperf.core.domain.reportParameter.reportParameterValueChoices.allThrowdownRoundNumbers','BASICS',2,5661,to_date('20-AUG-12','DD-MON-RR'),5661,to_date('20-AUG-12','DD-MON-RR'),0,'roundNumberTypeList','show_all', 1);
        Insert into REPORT_PARAMETER (REPORT_PARAMETER_ID, REPORT_ID, PARAMETER_NAME, PARAMETER_CM_KEY, DATABASE_COLUMN, PARAMETER_TYPE, LIST_DEFINITION, PARAMETER_GROUP, SEQUENCE_NUM, CREATED_BY, DATE_CREATED, MODIFIED_BY, DATE_MODIFIED, VERSION, COLLECTION_NAME, DEFAULT_VALUE) 
            values (2265,4037,'participantStatus','PARTICIPANT_STATUS_FIELD','participantStatusList','selectPicklist','picklist.participantstatus','PARTICIPANTS',3,5661,to_date('20-AUG-12','DD-MON-RR'),5661,to_date('20-AUG-12','DD-MON-RR'),0,'participantStatusList','active');
        Insert into REPORT_PARAMETER (REPORT_PARAMETER_ID, REPORT_ID, PARAMETER_NAME, PARAMETER_CM_KEY, DATABASE_COLUMN, PARAMETER_TYPE, LIST_DEFINITION, PARAMETER_GROUP, SEQUENCE_NUM, CREATED_BY, DATE_CREATED, MODIFIED_BY, DATE_MODIFIED, VERSION, COLLECTION_NAME, DEFAULT_VALUE) 
            values (2266,4037,'jobPosition','JOB_POSITION_FIELD','positionTypeList','selectPicklist','picklist.positiontype','PARTICIPANTS',4,5661,to_date('20-AUG-12','DD-MON-RR'),5661,to_date('20-AUG-12','DD-MON-RR'),0,'jobPositionTypeList','show_all');
        Insert into REPORT_PARAMETER (REPORT_PARAMETER_ID, REPORT_ID, PARAMETER_NAME, PARAMETER_CM_KEY, DATABASE_COLUMN, PARAMETER_TYPE, LIST_DEFINITION, PARAMETER_GROUP, SEQUENCE_NUM, CREATED_BY, DATE_CREATED, MODIFIED_BY, DATE_MODIFIED, VERSION, COLLECTION_NAME, DEFAULT_VALUE) 
            values (2267,4037,'department','DEPARTMENT_FIELD','departmentTypeList','multiSelectPick','picklist.department.type','PARTICIPANTS',5,5661,to_date('20-AUG-12','DD-MON-RR'),5661,to_date('20-AUG-12','DD-MON-RR'),0,'departmentTypeList','show_all');
            
        --Survey Analysis Report
        Insert into REPORT (REPORT_ID,REPORT_CODE, CM_ASSET_CODE, REPORT_NAME_CM_KEY, REPORT_CATEGORY_TYPE, MODULE, REPORT_DESCRIPTION_CM_KEY, REPORT_URL, IS_ACTIVE, CREATED_BY, DATE_CREATED, VERSION, FORCE_PARAMETERS, EXPORT_ONLY, INCLUDED_IN_PLATEAU)
           values (4038,'surveyAnalysis','report.survey.surveyanalysis','REPORT_NAME', 'survey','install.survey', 'REPORT_DESCRIPTION', '/reports/displaySurveyAnalysisReport.do?method=displaySummaryReport', 1, 0, sysdate, 0, 1, 0, 1);
         --Survey Analysis Charts
         Insert into REPORT_CHART (REPORT_CHART_ID, CAPTION_CM_KEY, SUBCAPTION_CM_KEY, CHART_DATA_URL, REPORT_ID, SHOW_LABELS, SHOW_LEGEND, ENABLE_SMART_LABELS, X_AXIS_NAME_CM_KEY, Y_AXIS_NAME_CM_KEY, SEQUENCE_NUM, DISPLAY_LIMIT, CREATED_BY, DATE_CREATED, VERSION, CHART_TYPE, INCLUDED_IN_PLATEAU)
            values (3122, 'STD_DEV_CHART_CAPTION', 'STD_DEV_CHART_SUBCAPTION', '/reports/displaySurveyAnalysisReport.do?method=displayStandardDeviationBarchart', 4038, 1, 1, 0, 'SURVEY_QUESTION_XAXIS', 'SURVEY_QUESTION_YAXIS', 0, 20, 0, sysdate, 0, 'MSColumn3D', 1);
         Insert into REPORT_CHART (REPORT_CHART_ID, CAPTION_CM_KEY, SUBCAPTION_CM_KEY, CHART_DATA_URL, REPORT_ID, SHOW_LABELS, SHOW_LEGEND, ENABLE_SMART_LABELS, X_AXIS_NAME_CM_KEY, Y_AXIS_NAME_CM_KEY, SEQUENCE_NUM, DISPLAY_LIMIT, CREATED_BY, DATE_CREATED, VERSION, CHART_TYPE, INCLUDED_IN_PLATEAU)
            values (3123, 'TOTAL_RESP_PER_CHART_CAPTION', 'TOTAL_RESP_PER_CHART_SUBCAPTION', '/reports/displaySurveyAnalysisReport.do?method=displayTotalResponsePercentBarchart', 4038, 1, 1, 0, 'SURVEY_ATTEMPT_XAXIS', 'SURVEY_ATTEMPT_YAXIS', 1, 20, 0, sysdate, 0, 'StackedColumn3D', 1);
        -- Report Parameters
        Insert into REPORT_PARAMETER (REPORT_PARAMETER_ID, REPORT_ID, PARAMETER_NAME, PARAMETER_CM_KEY, DATABASE_COLUMN, PARAMETER_TYPE, LIST_DEFINITION, PARAMETER_GROUP, SEQUENCE_NUM, CREATED_BY, DATE_CREATED, MODIFIED_BY, DATE_MODIFIED, VERSION, COLLECTION_NAME, DEFAULT_VALUE) 
            values (3155,4038,'promotionStatus','PROMOTION_STATUS_FIELD','reportPromotionStatusTypeList','selectPicklist','picklist.reportpromotion.statustype','BASICS',0,5661,to_date('20-AUG-12','DD-MON-RR'),5661,to_date('20-AUG-12','DD-MON-RR'),0,'reportPromotionStatusTypeList','live');
        Insert into REPORT_PARAMETER (REPORT_PARAMETER_ID, REPORT_ID, PARAMETER_NAME, PARAMETER_CM_KEY, DATABASE_COLUMN, PARAMETER_TYPE, LIST_DEFINITION, PARAMETER_GROUP, SEQUENCE_NUM, CREATED_BY, DATE_CREATED, MODIFIED_BY, DATE_MODIFIED, VERSION, COLLECTION_NAME, DEFAULT_VALUE, DISPLAY_ON_DASHBOARD) 
            values (3156,4038,'promotionId','PROMOTION_FIELD','promotionTypeList','selectQuery','com.biperf.core.domain.node.reportParameterValueChoices.allLiveSurveyPromotions','BASICS',1,5661,to_date('20-AUG-12','DD-MON-RR'),5661,to_date('20-AUG-12','DD-MON-RR'),0,'promotionTypeList','show_all', 1);
        Insert into REPORT_PARAMETER (REPORT_PARAMETER_ID, REPORT_ID, PARAMETER_NAME, PARAMETER_CM_KEY, DATABASE_COLUMN, PARAMETER_TYPE, LIST_DEFINITION, PARAMETER_GROUP, SEQUENCE_NUM, CREATED_BY, DATE_CREATED, MODIFIED_BY, DATE_MODIFIED, VERSION, COLLECTION_NAME, DEFAULT_VALUE, DISPLAY_ON_DASHBOARD) 
            values (3157,4038,'parentNodeId','ORG_NAME','organizationList','selectQuery','com.biperf.core.domain.node.processParameterValueChoices.NodesAsHierarchyByUser','PARTICIPANTS',2,5661,sysdate,null,null,0,'organizationList','show_all', 1);
            
    --Cash Budget Balance Report
       Insert into REPORT (REPORT_ID,REPORT_CODE, CM_ASSET_CODE, REPORT_NAME_CM_KEY, REPORT_CATEGORY_TYPE, MODULE, REPORT_DESCRIPTION_CM_KEY, REPORT_URL, IS_ACTIVE, CREATED_BY, DATE_CREATED, VERSION, FORCE_PARAMETERS, EXPORT_ONLY, INCLUDED_IN_PLATEAU)
          values (4041,'cashBudgetBalance','report.cash.budget.balance','REPORT_NAME', 'core', 'core', 'REPORT_DESCRIPTION', '/reports/displayCashBudgetBalanceReport.do?method=displaySummaryReport', 1, 0, sysdate, 0, 1, 0, 0);    
           --Budget Balance Charts
           Insert into REPORT_CHART (REPORT_CHART_ID, CAPTION_CM_KEY, SUBCAPTION_CM_KEY, CHART_DATA_URL, REPORT_ID, SHOW_LABELS, SHOW_LEGEND, ENABLE_SMART_LABELS, SHOW_PERCENT_VALUES, X_AXIS_NAME_CM_KEY, Y_AXIS_NAME_CM_KEY, SEQUENCE_NUM, DISPLAY_LIMIT, CREATED_BY, DATE_CREATED, VERSION, CHART_TYPE, INCLUDED_IN_PLATEAU)
			   values (3124, 'UTILIZATION_PERCENT_CHART_CAPTION', 'UTILIZATION_PERCENT_CHART_SUBCAPTION', '/reports/displayCashBudgetBalanceReport.do?method=displayUtilizationPercentageChart', 4041, 1, 0, 0, 0, 'PROMO_NAME', 'BUDGET_PER_CHART_Y_AXIS_NAME', 0, 20, 0, sysdate, 0, 'Column3D', 0);
		   Insert into REPORT_CHART (REPORT_CHART_ID, CAPTION_CM_KEY, SUBCAPTION_CM_KEY, CHART_DATA_URL, REPORT_ID, SHOW_LABELS, SHOW_LEGEND, ENABLE_SMART_LABELS, SHOW_PERCENT_VALUES, X_AXIS_NAME_CM_KEY, Y_AXIS_NAME_CM_KEY, SEQUENCE_NUM, DISPLAY_LIMIT, CREATED_BY, DATE_CREATED, VERSION, CHART_TYPE, INCLUDED_IN_PLATEAU)
			   values (3125, 'UTILIZATION_LEVEL_CHART_CAPTION', 'UTILIZATION_LEVEL_CHART_SUBCAPTION', '/reports/displayCashBudgetBalanceReport.do?method=displayUtilizationLevelChart', 4041, 1, 0, 0, 0, 'PROMO_NAME', 'BUDGET_UTIL_CHART_Y_AXIS_NAME', 1, 20, 0, sysdate, 0, 'Column3D', 0);
        --Report Parameters
        Insert into REPORT_PARAMETER (REPORT_PARAMETER_ID, REPORT_ID, PARAMETER_NAME, PARAMETER_CM_KEY, DATABASE_COLUMN, PARAMETER_TYPE, LIST_DEFINITION, PARAMETER_GROUP, SEQUENCE_NUM, CREATED_BY, DATE_CREATED, MODIFIED_BY, DATE_MODIFIED, VERSION, COLLECTION_NAME, DEFAULT_VALUE, HIDE_SHOW_ALL_OPTION) 
            values (2268,4041,'budgetDistribution','BUDGET_DISTRIBUTION_FIELD','budgetDistributionTypeList','selectPicklist','picklist.budgetdistributiontype','BASICS',0,5661,sysdate,null,null,0,'budgetDistributionTypeList','one_to_one', 1);
        Insert into REPORT_PARAMETER (REPORT_PARAMETER_ID, REPORT_ID, PARAMETER_NAME, PARAMETER_CM_KEY, DATABASE_COLUMN, PARAMETER_TYPE, LIST_DEFINITION, PARAMETER_GROUP, SEQUENCE_NUM, CREATED_BY, DATE_CREATED, MODIFIED_BY, DATE_MODIFIED, VERSION, COLLECTION_NAME, DEFAULT_VALUE) 
            values (2269,4041,'budgetStatus','BUDGET_STATUS_FIELD','budgetStatusTypeList','multiSelectPick','picklist.budgetstatustype','BASICS',1,5661,sysdate,null,null,0,'budgetStatusTypeList','show_all');
        Insert into REPORT_PARAMETER (REPORT_PARAMETER_ID, REPORT_ID, PARAMETER_NAME, PARAMETER_CM_KEY, DATABASE_COLUMN, PARAMETER_TYPE, LIST_DEFINITION, PARAMETER_GROUP, SEQUENCE_NUM, CREATED_BY, DATE_CREATED, MODIFIED_BY, DATE_MODIFIED, VERSION, COLLECTION_NAME, DEFAULT_VALUE, DISPLAY_ON_DASHBOARD) 
            values (2274,4041,'promotionId','PROMOTION_FIELD','promotionTypeList','multiSelectQuery','com.biperf.core.domain.node.reportParameterValueChoices.allLivePromotionsWithCashBudget','BASICS',3,5661,sysdate,null,null,0,'promotionTypeList','show_all', 1);
        -- This filter won't be displayed on the screen. It is only used to save the chart to dashboard    
        Insert into REPORT_PARAMETER (REPORT_PARAMETER_ID, REPORT_ID, PARAMETER_NAME, PARAMETER_CM_KEY, DATABASE_COLUMN, PARAMETER_TYPE, LIST_DEFINITION, PARAMETER_GROUP, SEQUENCE_NUM, CREATED_BY, DATE_CREATED, MODIFIED_BY, DATE_MODIFIED, VERSION, COLLECTION_NAME, DEFAULT_VALUE) 
            values (2275,4041,'countryRatio','COUNTRY_RATIO','COUNTRY_RATIO','hidden',null,'Hidden',4,5661,sysdate,null,null,0,'COUNTRY_RATIO',null);

    --Nomination Status / Aging Report
    Insert into REPORT (REPORT_ID,REPORT_CODE, CM_ASSET_CODE, REPORT_NAME_CM_KEY, REPORT_CATEGORY_TYPE, MODULE, REPORT_DESCRIPTION_CM_KEY, REPORT_URL, IS_ACTIVE, CREATED_BY, DATE_CREATED, VERSION, FORCE_PARAMETERS, EXPORT_ONLY, INCLUDED_IN_PLATEAU)
        values (4042,'nomAging','report.nomination.aging','REPORT_NAME', 'nomination', 'install.nominations', 'REPORT_DESCRIPTION', '/reports/displayNominationAgingReport.do?method=displaySummaryReport', 1, 0, sysdate, 0, 1, 0, 0);
      --Nomination Aging Report Charts
      Insert into REPORT_CHART (REPORT_CHART_ID, CAPTION_CM_KEY, SUBCAPTION_CM_KEY, CHART_DATA_URL, REPORT_ID, SHOW_LABELS, SHOW_LEGEND, ENABLE_SMART_LABELS, SHOW_PERCENT_VALUES, X_AXIS_NAME_CM_KEY, Y_AXIS_NAME_CM_KEY, SEQUENCE_NUM, DISPLAY_LIMIT, CREATED_BY, DATE_CREATED, VERSION, CHART_TYPE, INCLUDED_IN_PLATEAU)
	      values (3126, 'STATUS_CHART_CAPTION', 'STATUS_CHART_SUBCAPTION', '/reports/displayNominationAgingReport.do?method=displayNominationStatusChart', 4042, 1, 1, 0, 0, 'STATUS_CHART_X_AXIS_NAME', 'STATUS_CHART_Y_AXIS_NAME', 0, 20, 0, sysdate, 0, 'Column3D', 0);
	  --Report Parameters
      Insert into REPORT_PARAMETER (REPORT_PARAMETER_ID, REPORT_ID, PARAMETER_NAME, PARAMETER_CM_KEY, DATABASE_COLUMN, PARAMETER_TYPE, LIST_DEFINITION, PARAMETER_GROUP, SEQUENCE_NUM, CREATED_BY, DATE_CREATED, MODIFIED_BY, DATE_MODIFIED, VERSION, COLLECTION_NAME, DEFAULT_VALUE, DISPLAY_ON_DASHBOARD) 
          values (2276,4042,'fromDate','START_FIELD','DATE_SUBMITTED','datePicker',null,'TIME_FRAME',0,5661,sysdate,null,null,0,null, '01/01/2012', 1);
      Insert into REPORT_PARAMETER (REPORT_PARAMETER_ID, REPORT_ID, PARAMETER_NAME, PARAMETER_CM_KEY, DATABASE_COLUMN, PARAMETER_TYPE, LIST_DEFINITION, PARAMETER_GROUP, SEQUENCE_NUM, CREATED_BY, DATE_CREATED, MODIFIED_BY, DATE_MODIFIED, VERSION, COLLECTION_NAME, DEFAULT_VALUE, DISPLAY_ON_DASHBOARD) 
          values (2277,4042,'toDate','END_FIELD','DATE_SUBMITTED','datePicker',null,'TIME_FRAME',1,5661,sysdate,null,null,0,null, '12/31/2012', 1);
      Insert into REPORT_PARAMETER (REPORT_PARAMETER_ID, REPORT_ID, PARAMETER_NAME, PARAMETER_CM_KEY, DATABASE_COLUMN, PARAMETER_TYPE, LIST_DEFINITION, PARAMETER_GROUP, SEQUENCE_NUM, CREATED_BY, DATE_CREATED, MODIFIED_BY, DATE_MODIFIED, VERSION, COLLECTION_NAME, DEFAULT_VALUE, DISPLAY_ON_DASHBOARD) 
          values (2278,4042,'nominationAudienceType','NOMINATION_AUDIENCE_FIELD','nominationAudienceTypeList','selectPicklist','picklist.nomination.audience.type','PARTICIPANTS',2,5661,to_date('20-AUG-12','DD-MON-RR'),5661,to_date('20-AUG-12','DD-MON-RR'),0,'nominationAudienceTypeList','nominee', 1);
      Insert into REPORT_PARAMETER (REPORT_PARAMETER_ID, REPORT_ID, PARAMETER_NAME, PARAMETER_CM_KEY, DATABASE_COLUMN, PARAMETER_TYPE, LIST_DEFINITION, PARAMETER_GROUP, SEQUENCE_NUM, CREATED_BY, DATE_CREATED, MODIFIED_BY, DATE_MODIFIED, VERSION, COLLECTION_NAME, DEFAULT_VALUE) 
          values (2279,4042,'parentNodeId','ORG_NAME','organizationList','multiSelectQuery','com.biperf.core.domain.node.processParameterValueChoices.NodesAsHierarchyByUser','PARTICIPANTS',3,5661,to_date('20-AUG-12','DD-MON-RR'),5661,to_date('20-AUG-12','DD-MON-RR'),0,'organizationList','show_all');
      Insert into REPORT_PARAMETER (REPORT_PARAMETER_ID, REPORT_ID, PARAMETER_NAME, PARAMETER_CM_KEY, DATABASE_COLUMN, PARAMETER_TYPE, LIST_DEFINITION, PARAMETER_GROUP, SEQUENCE_NUM, CREATED_BY, DATE_CREATED, MODIFIED_BY, DATE_MODIFIED, VERSION, COLLECTION_NAME, DEFAULT_VALUE) 
          values (2280,4042,'department','DEPARTMENT_FIELD','departmentTypeList','multiSelectPick','picklist.department.type','PARTICIPANTS',4,5661,to_date('20-AUG-12','DD-MON-RR'),5661,to_date('20-AUG-12','DD-MON-RR'),0,'departmentTypeList','show_all');
      Insert into REPORT_PARAMETER (REPORT_PARAMETER_ID, REPORT_ID, PARAMETER_NAME, PARAMETER_CM_KEY, DATABASE_COLUMN, PARAMETER_TYPE, LIST_DEFINITION, PARAMETER_GROUP, SEQUENCE_NUM, CREATED_BY, DATE_CREATED, MODIFIED_BY, DATE_MODIFIED, VERSION, COLLECTION_NAME, DEFAULT_VALUE) 
          values (2281,4042,'jobPosition','JOB_POSITION_FIELD','positionTypeList','multiSelectPick','picklist.positiontype','PARTICIPANTS',5,5661,to_date('20-AUG-12','DD-MON-RR'),5661,to_date('20-AUG-12','DD-MON-RR'),0,'jobPositionTypeList','show_all');
      Insert into REPORT_PARAMETER (REPORT_PARAMETER_ID, REPORT_ID, PARAMETER_NAME, PARAMETER_CM_KEY, DATABASE_COLUMN, PARAMETER_TYPE, LIST_DEFINITION, PARAMETER_GROUP, SEQUENCE_NUM, CREATED_BY, DATE_CREATED, MODIFIED_BY, DATE_MODIFIED, VERSION, COLLECTION_NAME, DEFAULT_VALUE) 
          values (2282,4042,'participantStatus','PARTICIPANT_STATUS_FIELD','participantStatusList','selectPicklist','picklist.participantstatus','PARTICIPANTS',6,5661,to_date('20-AUG-12','DD-MON-RR'),5661,to_date('20-AUG-12','DD-MON-RR'),0,'participantStatusList','active');
      Insert into REPORT_PARAMETER (REPORT_PARAMETER_ID, REPORT_ID, PARAMETER_NAME, PARAMETER_CM_KEY, DATABASE_COLUMN, PARAMETER_TYPE, LIST_DEFINITION, PARAMETER_GROUP, SEQUENCE_NUM, CREATED_BY, DATE_CREATED, MODIFIED_BY, DATE_MODIFIED, VERSION, COLLECTION_NAME, DEFAULT_VALUE) 
          values (2283,4042,'countryId','COUNTRY_FIELD','countryList','multiSelectQuery','com.biperf.core.domain.country.processParameterValueChoices.allLiveCountries','PARTICIPANTS',7,5661,to_date('20-AUG-12','DD-MON-RR'),5661,to_date('20-AUG-12','DD-MON-RR'),0,'countryList','show_all');
      Insert into REPORT_PARAMETER (REPORT_PARAMETER_ID, REPORT_ID, PARAMETER_NAME, PARAMETER_CM_KEY, DATABASE_COLUMN, PARAMETER_TYPE, LIST_DEFINITION, PARAMETER_GROUP, SEQUENCE_NUM, CREATED_BY, DATE_CREATED, MODIFIED_BY, DATE_MODIFIED, VERSION, COLLECTION_NAME, DEFAULT_VALUE, DISPLAY_ON_DASHBOARD) 
          values (2285,4042,'promotionId','PROMOTION_FIELD','promotionTypeList','multiSelectQuery','com.biperf.core.domain.node.reportParameterValueChoices.allLiveNominationPromotions','BASICS',8,5661,to_date('20-AUG-12','DD-MON-RR'),5661,to_date('20-AUG-12','DD-MON-RR'),0,'promotionTypeList','show_all', 1);
      Insert into REPORT_PARAMETER (REPORT_PARAMETER_ID, REPORT_ID, PARAMETER_NAME, PARAMETER_CM_KEY, DATABASE_COLUMN, PARAMETER_TYPE, LIST_DEFINITION, PARAMETER_GROUP, SEQUENCE_NUM, CREATED_BY, DATE_CREATED, MODIFIED_BY, DATE_MODIFIED, VERSION, COLLECTION_NAME, DEFAULT_VALUE) 
          values (2286,4042,'nominationApprovalStatus','NOMINATION_APPROVAL_STATUS_FIELD','nominationApprovalStatusTypeList','multiSelectPick','picklist.nomination.approval.status','BASICS',9,5661,to_date('20-AUG-12','DD-MON-RR'),5661,to_date('20-AUG-12','DD-MON-RR'),0,'nominationApprovalStatusTypeList','show_all');
      Insert into REPORT_PARAMETER (REPORT_PARAMETER_ID, REPORT_ID, PARAMETER_NAME, PARAMETER_CM_KEY, DATABASE_COLUMN, PARAMETER_TYPE, LIST_DEFINITION, PARAMETER_GROUP, SEQUENCE_NUM, CREATED_BY, DATE_CREATED, MODIFIED_BY, DATE_MODIFIED, VERSION, COLLECTION_NAME, DEFAULT_VALUE) 
          values (2287,4042,'nominationApprovalLevel','NOMINATION_APPROVAL_LEVEL_FIELD','nominationApprovalLevelList','multiSelectPick','picklist.approval.level.list','BASICS',10,5661,to_date('20-AUG-12','DD-MON-RR'),5661,to_date('20-AUG-12','DD-MON-RR'),0,'nominationApprovalLevelList','show_all');
        
	  --WorkHappier
	  Insert into REPORT (REPORT_ID,REPORT_CODE, CM_ASSET_CODE, REPORT_NAME_CM_KEY, REPORT_CATEGORY_TYPE, MODULE, REPORT_DESCRIPTION_CM_KEY, REPORT_URL, IS_ACTIVE, CREATED_BY, DATE_CREATED, VERSION, FORCE_PARAMETERS, EXPORT_ONLY, INCLUDED_IN_PLATEAU)
	      values (4043,'happinessPulse','report.workhappier.happinesspulse','REPORT_NAME', 'workhappier','work.happier', 'REPORT_DESCRIPTION', '/reports/displayHappinessPulse.do?method=displaySummaryReport', 1, 1, sysdate, 0, 0, 0, 1);    
	  Insert into REPORT_PARAMETER (REPORT_PARAMETER_ID, REPORT_ID, PARAMETER_NAME, PARAMETER_CM_KEY, DATABASE_COLUMN, PARAMETER_TYPE, LIST_DEFINITION, PARAMETER_GROUP, SEQUENCE_NUM, CREATED_BY, DATE_CREATED, MODIFIED_BY, DATE_MODIFIED, VERSION, COLLECTION_NAME, DEFAULT_VALUE) 
	      values (2288,4043,'selectMonth','SELECT_MONTH','monthTypeList','selectQuery','com.biperf.core.domain.report.reportParameterValueChoices.listOfMonths','TIME_FRAME',0,5661,to_date('20-AUG-12','DD-MON-RR'),5661,to_date('20-AUG-12','DD-MON-RR'),0,'monthTypeList','happy');
          
END;
/
