CREATE TABLE tmp_report
   (REPORT_ID                     NUMBER(18) NOT NULL,
    REPORT_CODE                    VARCHAR2(50) NOT NULL,
    REPORT_NAME_CM_KEY            VARCHAR2(80) NOT NULL,
    REPORT_CATEGORY_TYPE        VARCHAR2(80) NOT NULL,
    REPORT_DESCRIPTION_CM_KEY    VARCHAR2(80),
    REPORT_URL                    VARCHAR2(255) NOT NULL,
    IS_ACTIVE                    NUMBER(1) NOT NULL,
    MODULE                        VARCHAR2(80),
    CM_ASSET_CODE                VARCHAR2(80),
    FORCE_PARAMETERS            NUMBER(1) NOT NULL,
    EXPORT_ONLY                    NUMBER(1) NOT NULL,
    CREATED_BY                   NUMBER(18),
    DATE_CREATED                 DATE,
    MODIFIED_BY                  NUMBER(18),
    DATE_MODIFIED                 DATE,
    VERSION                     NUMBER(18) NOT NULL    
   ) 
/

CREATE TABLE TMP_REPORT_CHART
(
  REPORT_CHART_ID         NUMBER(18)        NOT NULL,
  CAPTION_CM_KEY        VARCHAR2(80)    NOT NULL,
  SUBCAPTION_CM_KEY      VARCHAR2(80),
  CHART_DATA_URL           VARCHAR2(255)     NOT NULL,
  CHART_TYPE            VARCHAR2(30),
  REPORT_ID                NUMBER(18)        NOT NULL,
  SHOW_LABELS              NUMBER(1),
  SHOW_LEGEND              NUMBER(1),
  ENABLE_SMART_LABELS   NUMBER(1),
  SHOW_PERCENT_VALUES    NUMBER(1),
  X_AXIS_NAME_CM_KEY    VARCHAR2(80),
  Y_AXIS_NAME_CM_KEY    VARCHAR2(80),
  SEQUENCE_NUM          NUMBER(10),
  DISPLAY_LIMIT          NUMBER(10),
  CREATED_BY               NUMBER(18),
  DATE_CREATED             DATE,
  MODIFIED_BY              NUMBER(18),
  DATE_MODIFIED         DATE,
  VERSION                 NUMBER(18)        NOT NULL  
)
/
CREATE TABLE TMP_REPORT_PARAMETER
(
  REPORT_PARAMETER_ID  NUMBER(18)               NOT NULL,
  REPORT_ID            NUMBER(18)               NOT NULL,
  PARAMETER_NAME       VARCHAR2(80 BYTE)        NOT NULL,
  PARAMETER_CM_KEY     VARCHAR2(80 BYTE),
  DATABASE_COLUMN      VARCHAR2(80 BYTE)        NOT NULL,
  PARAMETER_TYPE       VARCHAR2(80 BYTE)        NOT NULL,
  LIST_DEFINITION      VARCHAR2(255 BYTE),
  PARAMETER_GROUP      VARCHAR2(80 BYTE),
  SEQUENCE_NUM         NUMBER(18),
  DISPLAY_ON_DASHBOARD NUMBER(1) DEFAULT 0      NOT NULL,
  CREATED_BY           NUMBER(18)               NOT NULL,
  DATE_CREATED         DATE                     NOT NULL,
  MODIFIED_BY          NUMBER(18),
  DATE_MODIFIED        DATE,
  VERSION              NUMBER(18)               NOT NULL,
  COLLECTION_NAME VARCHAR2(255 BYTE), 
        DEFAULT_VALUE VARCHAR2(255 BYTE),
        ADMIN_SELECT_ONLY NUMBER(1) DEFAULT 0 NOT NULL,
        HIDE_SHOW_ALL_OPTION NUMBER(1) DEFAULT 0 NOT NULL 
)
/
CREATE TABLE TMP_REPORT_DASHBOARD_ITEM
(
  REPORT_DASHBOARD_ITEM_ID  NUMBER(18)          NOT NULL,
  REPORT_DASHBOARD_ID       NUMBER(18)          NOT NULL,
  REPORT_CHART_ID           NUMBER(18)          NOT NULL,
  NODE_AND_BELOW            NUMBER(1),
  SEQUENCE_NUM              NUMBER(18),
  CREATED_BY                NUMBER(18)          NOT NULL,
  DATE_CREATED              DATE                NOT NULL,
  MODIFIED_BY               NUMBER(18),
  DATE_MODIFIED             DATE,
  VERSION                   NUMBER(18)          NOT NULL  
)
/
CREATE TABLE TMP_REPORT_DASHBOARD_ITEMPARAM
(
  RPT_DASHBOARD_ITEM_PARAM_ID  NUMBER(18)       NOT NULL,
  REPORT_DASHBOARD_ITEM_ID     NUMBER(18)       NOT NULL,
  REPORT_PARAMETER_ID          NUMBER(18)       NOT NULL,
  VALUE                        VARCHAR2(255 BYTE),
  AUTO_UPDATE                   NUMBER(1),
  CREATED_BY                   NUMBER(18)       NOT NULL,
  DATE_CREATED                 DATE             NOT NULL,
  MODIFIED_BY                  NUMBER(18),
  DATE_MODIFIED                DATE,
  VERSION                      NUMBER(18)       NOT NULL  
)
/

DECLARE

CURSOR C1 IS
SELECT trc.report_chart_id new_chart_id,
rc.report_chart_id old_chart_id,
rdi.*
FROM
report r,
tmp_report tr,
report_chart rc,
tmp_report_chart trc,
report_dashboard_item rdi
WHERE
r.report_code = tr.report_code
AND r.report_id = rc.report_id
AND tr.report_id = trc.report_id
AND rc.caption_cm_key = trc.caption_cm_key
AND rc.report_chart_id = rdi.report_chart_id;

CURSOR C2 IS
SELECT trp.report_parameter_id new_parameter_id,
rp.report_parameter_id old_parameter_id,rdip.*
FROM
report r,
tmp_report tr,
report_parameter rp,
tmp_report_parameter trp,
report_dashboard_item_param rdip
WHERE
r.report_code = tr.report_code
AND r.report_id = rp.report_id
AND rp.report_parameter_id = rdip.report_parameter_id
AND tr.report_id = trp.report_id
AND rp.parameter_name = trp.parameter_name;

BEGIN
prc_execution_log_entry('Convert_insert_report',1,'INFO',
                          'Procedure Started',
                          NULL);
BEGIN



  BEGIN
    --Login Activity Pax Report
    Insert into TMP_REPORT (REPORT_ID,REPORT_CODE, CM_ASSET_CODE,REPORT_NAME_CM_KEY, REPORT_CATEGORY_TYPE, MODULE, REPORT_DESCRIPTION_CM_KEY, REPORT_URL, IS_ACTIVE, CREATED_BY, DATE_CREATED, VERSION, FORCE_PARAMETERS, EXPORT_ONLY)
          values (4000,'loginActivityPax','report.login.activity.pax','REPORT_NAME', 'core', 'core', 'REPORT_DESCRIPTION', '/reports/displayLoginActivityByPaxReport.do?method=displaySummaryReport', 1, 0, sysdate, 0, 0, 0);
        --Login Activity Pax Charts
        Insert into TMP_REPORT_CHART (REPORT_CHART_ID, CAPTION_CM_KEY, SUBCAPTION_CM_KEY, CHART_DATA_URL, REPORT_ID, SHOW_LABELS, SHOW_LEGEND, ENABLE_SMART_LABELS, X_AXIS_NAME_CM_KEY, Y_AXIS_NAME_CM_KEY, SEQUENCE_NUM, DISPLAY_LIMIT, CREATED_BY, DATE_CREATED, VERSION, CHART_TYPE)
               values (3000, 'MONTHLY_CHART_CAPTION', 'MONTHLY_CHART_SUBCAPTION', '/reports/displayLoginActivityByPaxReport.do?method=displayBarResults', 4000, 1, 1, 0, 'MONTHLY_CHART_X_AXIS_NAME', 'MONTHLY_CHART_Y_AXIS_NAME', 0, 20, 0, sysdate, 0, 'Column3D');
           Insert into TMP_REPORT_CHART (REPORT_CHART_ID, CAPTION_CM_KEY, SUBCAPTION_CM_KEY, CHART_DATA_URL, REPORT_ID, SHOW_LABELS, SHOW_LEGEND, ENABLE_SMART_LABELS, X_AXIS_NAME_CM_KEY, Y_AXIS_NAME_CM_KEY, SEQUENCE_NUM, DISPLAY_LIMIT, CREATED_BY, DATE_CREATED, VERSION, CHART_TYPE)
               values (3001, 'MONTHLY_UNIQUE_CHART_CAPTION', 'MONTHLY_UNIQUE_CHART_SUBCAPTION', '/reports/displayLoginActivityByPaxReport.do?method=displayUniqueMonthlyResults', 4000, 1, 1, 0, 'MONTHLY_CHART_X_AXIS_NAME', 'UNIQUE_MONTHLY_CHART_Y_AXIS_NAME', 1, 20, 0, sysdate, 0, 'Column3D');    
        Insert into TMP_REPORT_CHART (REPORT_CHART_ID, CAPTION_CM_KEY, SUBCAPTION_CM_KEY, CHART_DATA_URL, REPORT_ID, SHOW_LABELS, SHOW_LEGEND, ENABLE_SMART_LABELS, SHOW_PERCENT_VALUES, X_AXIS_NAME_CM_KEY, Y_AXIS_NAME_CM_KEY, SEQUENCE_NUM, DISPLAY_LIMIT, CREATED_BY, DATE_CREATED, VERSION, CHART_TYPE)
               values (3002, 'UNIQUE_CHART_CAPTION', 'UNIQUE_CHART_SUBCAPTION', '/reports/displayLoginActivityByPaxReport.do?method=displayLoginStatusChartResults', 4000, 0, 1, 0, 1, 'UNIQUE_CHART_X_AXIS_NAME', 'UNIQUE_CHART_Y_AXIS_NAME', 2, 20, 0, sysdate, 0, 'Pie2D');
        Insert into TMP_REPORT_CHART (REPORT_CHART_ID, CAPTION_CM_KEY, SUBCAPTION_CM_KEY, CHART_DATA_URL, REPORT_ID, SHOW_LABELS, SHOW_LEGEND, ENABLE_SMART_LABELS, X_AXIS_NAME_CM_KEY, Y_AXIS_NAME_CM_KEY, SEQUENCE_NUM, DISPLAY_LIMIT, CREATED_BY, DATE_CREATED, VERSION, CHART_TYPE)
               values (3003, 'PAX_CHART_CAPTION', 'PAX_CHART_SUBCAPTION', '/reports/displayLoginActivityByPaxReport.do?method=displayTopPaxLoginsByNameResults', 4000, 1, 1, 0,'PAX_CHART_X_AXIS_NAME', 'PAX_CHART_Y_AXIS_NAME', 3, 20, 0, sysdate, 0, 'Column3D');
          --Report Parameters
        Insert into TMP_REPORT_PARAMETER (REPORT_PARAMETER_ID, REPORT_ID, PARAMETER_NAME, PARAMETER_CM_KEY, DATABASE_COLUMN, PARAMETER_TYPE, LIST_DEFINITION, PARAMETER_GROUP, SEQUENCE_NUM, CREATED_BY, DATE_CREATED, MODIFIED_BY, DATE_MODIFIED, VERSION, COLLECTION_NAME, DEFAULT_VALUE, DISPLAY_ON_DASHBOARD) 
            values (2000,4000,'fromDate','START_FIELD','DATE_SUBMITTED','datePicker',null,'TIME_FRAME',0,5661,to_date('20-AUG-12','DD-MON-RR'),5661,to_date('20-AUG-12','DD-MON-RR'),0,null, '01/01/2012', 1);
        Insert into TMP_REPORT_PARAMETER (REPORT_PARAMETER_ID, REPORT_ID, PARAMETER_NAME, PARAMETER_CM_KEY, DATABASE_COLUMN, PARAMETER_TYPE, LIST_DEFINITION, PARAMETER_GROUP, SEQUENCE_NUM, CREATED_BY, DATE_CREATED, MODIFIED_BY, DATE_MODIFIED, VERSION, COLLECTION_NAME, DEFAULT_VALUE, DISPLAY_ON_DASHBOARD) 
            values (2001,4000,'toDate','END_FIELD','DATE_SUBMITTED','datePicker',null,'TIME_FRAME',1,5661,to_date('20-AUG-12','DD-MON-RR'),5661,to_date('20-AUG-12','DD-MON-RR'),0,null, '12/31/2012', 1);
        Insert into TMP_REPORT_PARAMETER (REPORT_PARAMETER_ID, REPORT_ID, PARAMETER_NAME, PARAMETER_CM_KEY, DATABASE_COLUMN, PARAMETER_TYPE, LIST_DEFINITION, PARAMETER_GROUP, SEQUENCE_NUM, CREATED_BY, DATE_CREATED, MODIFIED_BY, DATE_MODIFIED, VERSION, COLLECTION_NAME, DEFAULT_VALUE, DISPLAY_ON_DASHBOARD) 
            values (2002,4000,'parentNodeId','ORG_NAME','organizationList','selectQuery','com.biperf.core.domain.node.processParameterValueChoices.NodesAsHierarchyByUser','PARTICIPANTS',2,5661,to_date('20-AUG-12','DD-MON-RR'),5661,to_date('20-AUG-12','DD-MON-RR'),0,'organizationList','show_all', 1);
        Insert into TMP_REPORT_PARAMETER (REPORT_PARAMETER_ID, REPORT_ID, PARAMETER_NAME, PARAMETER_CM_KEY, DATABASE_COLUMN, PARAMETER_TYPE, LIST_DEFINITION, PARAMETER_GROUP, SEQUENCE_NUM, CREATED_BY, DATE_CREATED, MODIFIED_BY, DATE_MODIFIED, VERSION, COLLECTION_NAME, DEFAULT_VALUE) 
            values (2003,4000,'department','DEPARTMENT_FIELD','departmentTypeList','multiSelectPick','picklist.department.type','PARTICIPANTS',3,5661,to_date('20-AUG-12','DD-MON-RR'),5661,to_date('20-AUG-12','DD-MON-RR'),0,'departmentTypeList','show_all');
        Insert into TMP_REPORT_PARAMETER (REPORT_PARAMETER_ID, REPORT_ID, PARAMETER_NAME, PARAMETER_CM_KEY, DATABASE_COLUMN, PARAMETER_TYPE, LIST_DEFINITION, PARAMETER_GROUP, SEQUENCE_NUM, CREATED_BY, DATE_CREATED, MODIFIED_BY, DATE_MODIFIED, VERSION, COLLECTION_NAME, DEFAULT_VALUE) 
            values (2004,4000,'role','ROLE','roleTypeList','selectPicklist','picklist.hierarchyrole.type','PARTICIPANTS',4,5661,to_date('20-AUG-12','DD-MON-RR'),5661,to_date('20-AUG-12','DD-MON-RR'),0,'roleTypeList','show_all');
        Insert into TMP_REPORT_PARAMETER (REPORT_PARAMETER_ID, REPORT_ID, PARAMETER_NAME, PARAMETER_CM_KEY, DATABASE_COLUMN, PARAMETER_TYPE, LIST_DEFINITION, PARAMETER_GROUP, SEQUENCE_NUM, CREATED_BY, DATE_CREATED, MODIFIED_BY, DATE_MODIFIED, VERSION, COLLECTION_NAME, DEFAULT_VALUE) 
            values (2005,4000,'participantStatus','PARTICIPANT_STATUS_FIELD','participantStatusList','selectPicklist','picklist.participantstatus','PARTICIPANTS',5,5661,to_date('20-AUG-12','DD-MON-RR'),5661,to_date('20-AUG-12','DD-MON-RR'),0,'participantStatusList','active');
        Insert into TMP_REPORT_PARAMETER (REPORT_PARAMETER_ID, REPORT_ID, PARAMETER_NAME, PARAMETER_CM_KEY, DATABASE_COLUMN, PARAMETER_TYPE, LIST_DEFINITION, PARAMETER_GROUP, SEQUENCE_NUM, CREATED_BY, DATE_CREATED, MODIFIED_BY, DATE_MODIFIED, VERSION, COLLECTION_NAME, DEFAULT_VALUE) 
            values (2006,4000,'loginType','LOGGED_IN_FIELD','loginActivityTypeList','selectPicklist','picklist.loginactivity.type','EXPORT_SELECTION',6,5661,to_date('20-AUG-12','DD-MON-RR'),5661,to_date('20-AUG-12','DD-MON-RR'),0,'loginActivityTypeList','loggedIn');
        Insert into TMP_REPORT_PARAMETER (REPORT_PARAMETER_ID, REPORT_ID, PARAMETER_NAME, PARAMETER_CM_KEY, DATABASE_COLUMN, PARAMETER_TYPE, LIST_DEFINITION, PARAMETER_GROUP, SEQUENCE_NUM, CREATED_BY, DATE_CREATED, MODIFIED_BY, DATE_MODIFIED, VERSION, COLLECTION_NAME, DEFAULT_VALUE) 
            values (2007,4000,'countryId','COUNTRY_FIELD','countryList','multiSelectQuery','com.biperf.core.domain.country.processParameterValueChoices.allLiveCountries','PARTICIPANTS',7,5661,to_date('20-AUG-12','DD-MON-RR'),5661,to_date('20-AUG-12','DD-MON-RR'),0,'countryList','show_all');
    
    Insert into TMP_REPORT (REPORT_ID,REPORT_CODE, CM_ASSET_CODE,REPORT_NAME_CM_KEY, REPORT_CATEGORY_TYPE, MODULE, REPORT_DESCRIPTION_CM_KEY, REPORT_URL, IS_ACTIVE, CREATED_BY, DATE_CREATED, VERSION, FORCE_PARAMETERS, EXPORT_ONLY)
          values (4001,'loginActivityOrg','report.login.activity','REPORT_NAME', 'core', 'core', 'REPORT_DESCRIPTION', '/reports/displayLoginActivityByOrgReport.do?method=displaySummaryReport', 1, 0, sysdate, 0, 0, 0);
        --Login Activity Charts
        Insert into TMP_REPORT_CHART (REPORT_CHART_ID, CAPTION_CM_KEY, SUBCAPTION_CM_KEY, CHART_DATA_URL, REPORT_ID, SHOW_LABELS, SHOW_LEGEND, ENABLE_SMART_LABELS, X_AXIS_NAME_CM_KEY, Y_AXIS_NAME_CM_KEY, SEQUENCE_NUM, DISPLAY_LIMIT, CREATED_BY, DATE_CREATED, VERSION, CHART_TYPE)
               values (3004, 'MONTHLY_CHART_CAPTION', 'MONTHLY_CHART_SUBCAPTION', '/reports/displayLoginActivityByOrgReport.do?method=displayBarResults', 4001, 1, 1, 0, 'MONTHLY_CHART_X_AXIS_NAME', 'MONTHLY_CHART_Y_AXIS_NAME', 0, 20, 0, sysdate, 0, 'Column3D');
           Insert into TMP_REPORT_CHART (REPORT_CHART_ID, CAPTION_CM_KEY, SUBCAPTION_CM_KEY, CHART_DATA_URL, REPORT_ID, SHOW_LABELS, SHOW_LEGEND, ENABLE_SMART_LABELS, X_AXIS_NAME_CM_KEY, Y_AXIS_NAME_CM_KEY, SEQUENCE_NUM, DISPLAY_LIMIT, CREATED_BY, DATE_CREATED, VERSION, CHART_TYPE)
               values (3005, 'MONTHLY_UNIQUE_CHART_CAPTION', 'MONTHLY_UNIQUE_CHART_SUBCAPTION', '/reports/displayLoginActivityByOrgReport.do?method=displayUniqueMonthlyResults', 4001, 1, 1, 0, 'MONTHLY_CHART_X_AXIS_NAME', 'UNIQUE_MONTHLY_CHART_Y_AXIS_NAME', 1, 20, 0, sysdate, 0, 'Column3D');    
        Insert into TMP_REPORT_CHART (REPORT_CHART_ID, CAPTION_CM_KEY, SUBCAPTION_CM_KEY, CHART_DATA_URL, REPORT_ID, SHOW_LABELS, SHOW_LEGEND, ENABLE_SMART_LABELS, SHOW_PERCENT_VALUES, X_AXIS_NAME_CM_KEY, Y_AXIS_NAME_CM_KEY, SEQUENCE_NUM, DISPLAY_LIMIT, CREATED_BY, DATE_CREATED, VERSION, CHART_TYPE)
               values (3006, 'UNIQUE_CHART_CAPTION', 'UNIQUE_CHART_SUBCAPTION', '/reports/displayLoginActivityByOrgReport.do?method=displayLoginStatusChartResults', 4001, 0, 1, 0, 1, 'UNIQUE_CHART_X_AXIS_NAME', 'UNIQUE_CHART_Y_AXIS_NAME', 2, 20, 0, sysdate, 0, 'Pie2D');
        Insert into TMP_REPORT_CHART (REPORT_CHART_ID, CAPTION_CM_KEY, SUBCAPTION_CM_KEY, CHART_DATA_URL, REPORT_ID, SHOW_LABELS, SHOW_LEGEND, ENABLE_SMART_LABELS, X_AXIS_NAME_CM_KEY, Y_AXIS_NAME_CM_KEY, SEQUENCE_NUM, DISPLAY_LIMIT, CREATED_BY, DATE_CREATED, VERSION, CHART_TYPE)
               values (3007, 'ORG_CHART_CAPTION', 'ORG_CHART_SUBCAPTION', '/reports/displayLoginActivityByOrgReport.do?method=displayOrganizationBarResults', 4001, 1, 1, 0, 'ORG_CHART_X_AXIS_NAME', 'ORG_CHART_Y_AXIS_NAME', 3, 20, 0, sysdate, 0, 'Column3D');
        Insert into TMP_REPORT_CHART (REPORT_CHART_ID, CAPTION_CM_KEY, SUBCAPTION_CM_KEY, CHART_DATA_URL, REPORT_ID, SHOW_LABELS, SHOW_LEGEND, ENABLE_SMART_LABELS, X_AXIS_NAME_CM_KEY, Y_AXIS_NAME_CM_KEY, SEQUENCE_NUM, DISPLAY_LIMIT, CREATED_BY, DATE_CREATED, VERSION, CHART_TYPE)
               values (3008, 'ORG_PERCENT_CHART_CAPTION', 'ORG_PERCENT_CHART_SUBCAPTION', '/reports/displayLoginActivityByOrgReport.do?method=displayPercentageBarResults', 4001, 1, 1, 0, 'ORG_PERCENT_CHART_X_AXIS_NAME', '', 4, 20, 0, sysdate, 0, 'StackedColumn3D');
        --Report Parameters
        Insert into TMP_REPORT_PARAMETER (REPORT_PARAMETER_ID, REPORT_ID, PARAMETER_NAME, PARAMETER_CM_KEY, DATABASE_COLUMN, PARAMETER_TYPE, LIST_DEFINITION, PARAMETER_GROUP, SEQUENCE_NUM, CREATED_BY, DATE_CREATED, MODIFIED_BY, DATE_MODIFIED, VERSION, COLLECTION_NAME, DEFAULT_VALUE, DISPLAY_ON_DASHBOARD) 
            values (2008,4001,'fromDate','START_FIELD','DATE_SUBMITTED','datePicker',null,'TIME_FRAME',0,5661,to_date('20-AUG-12','DD-MON-RR'),5661,to_date('20-AUG-12','DD-MON-RR'),0,null, '01/01/2012', 1);
        Insert into TMP_REPORT_PARAMETER (REPORT_PARAMETER_ID, REPORT_ID, PARAMETER_NAME, PARAMETER_CM_KEY, DATABASE_COLUMN, PARAMETER_TYPE, LIST_DEFINITION, PARAMETER_GROUP, SEQUENCE_NUM, CREATED_BY, DATE_CREATED, MODIFIED_BY, DATE_MODIFIED, VERSION, COLLECTION_NAME, DEFAULT_VALUE, DISPLAY_ON_DASHBOARD) 
            values (2009,4001,'toDate','END_FIELD','DATE_SUBMITTED','datePicker',null,'TIME_FRAME',1,5661,to_date('20-AUG-12','DD-MON-RR'),5661,to_date('20-AUG-12','DD-MON-RR'),0,null, '12/31/2012', 1);
        Insert into TMP_REPORT_PARAMETER (REPORT_PARAMETER_ID, REPORT_ID, PARAMETER_NAME, PARAMETER_CM_KEY, DATABASE_COLUMN, PARAMETER_TYPE, LIST_DEFINITION, PARAMETER_GROUP, SEQUENCE_NUM, CREATED_BY, DATE_CREATED, MODIFIED_BY, DATE_MODIFIED, VERSION, COLLECTION_NAME, DEFAULT_VALUE, DISPLAY_ON_DASHBOARD) 
            values (2010,4001,'parentNodeId','ORG_NAME','organizationList','selectQuery','com.biperf.core.domain.node.processParameterValueChoices.NodesAsHierarchyByUser','PARTICIPANTS',2,5661,to_date('20-AUG-12','DD-MON-RR'),5661,to_date('20-AUG-12','DD-MON-RR'),0,'organizationList','show_all', 1);
        Insert into TMP_REPORT_PARAMETER (REPORT_PARAMETER_ID, REPORT_ID, PARAMETER_NAME, PARAMETER_CM_KEY, DATABASE_COLUMN, PARAMETER_TYPE, LIST_DEFINITION, PARAMETER_GROUP, SEQUENCE_NUM, CREATED_BY, DATE_CREATED, MODIFIED_BY, DATE_MODIFIED, VERSION, COLLECTION_NAME, DEFAULT_VALUE) 
            values (2011,4001,'department','DEPARTMENT_FIELD','departmentTypeList','multiSelectPick','picklist.department.type','PARTICIPANTS',3,5661,to_date('20-AUG-12','DD-MON-RR'),5661,to_date('20-AUG-12','DD-MON-RR'),0,'departmentTypeList','show_all');
        Insert into TMP_REPORT_PARAMETER (REPORT_PARAMETER_ID, REPORT_ID, PARAMETER_NAME, PARAMETER_CM_KEY, DATABASE_COLUMN, PARAMETER_TYPE, LIST_DEFINITION, PARAMETER_GROUP, SEQUENCE_NUM, CREATED_BY, DATE_CREATED, MODIFIED_BY, DATE_MODIFIED, VERSION, COLLECTION_NAME, DEFAULT_VALUE) 
            values (2012,4001,'role','ROLE','roleTypeList','selectPicklist','picklist.hierarchyrole.type','PARTICIPANTS',4,5661,to_date('20-AUG-12','DD-MON-RR'),5661,to_date('20-AUG-12','DD-MON-RR'),0,'roleTypeList','show_all');
        Insert into TMP_REPORT_PARAMETER (REPORT_PARAMETER_ID, REPORT_ID, PARAMETER_NAME, PARAMETER_CM_KEY, DATABASE_COLUMN, PARAMETER_TYPE, LIST_DEFINITION, PARAMETER_GROUP, SEQUENCE_NUM, CREATED_BY, DATE_CREATED, MODIFIED_BY, DATE_MODIFIED, VERSION, COLLECTION_NAME, DEFAULT_VALUE) 
            values (2013,4001,'participantStatus','PARTICIPANT_STATUS_FIELD','participantStatusList','selectPicklist','picklist.participantstatus','PARTICIPANTS',5,5661,to_date('20-AUG-12','DD-MON-RR'),5661,to_date('20-AUG-12','DD-MON-RR'),0,'participantStatusList','active');
        Insert into TMP_REPORT_PARAMETER (REPORT_PARAMETER_ID, REPORT_ID, PARAMETER_NAME, PARAMETER_CM_KEY, DATABASE_COLUMN, PARAMETER_TYPE, LIST_DEFINITION, PARAMETER_GROUP, SEQUENCE_NUM, CREATED_BY, DATE_CREATED, MODIFIED_BY, DATE_MODIFIED, VERSION, COLLECTION_NAME, DEFAULT_VALUE) 
            values (2014,4001,'loginType','LOGGED_IN_FIELD','loginActivityTypeList','selectPicklist','picklist.loginactivity.type','EXPORT_SELECTION',6,5661,to_date('20-AUG-12','DD-MON-RR'),5661,to_date('20-AUG-12','DD-MON-RR'),0,'loginActivityTypeList','loggedIn');
               
    --Awards By Org Report
    Insert into TMP_REPORT (REPORT_ID,REPORT_CODE, CM_ASSET_CODE, REPORT_NAME_CM_KEY, REPORT_CATEGORY_TYPE, MODULE, REPORT_DESCRIPTION_CM_KEY, REPORT_URL, IS_ACTIVE, CREATED_BY, DATE_CREATED, VERSION, FORCE_PARAMETERS, EXPORT_ONLY)
           values (4002,'awardsByOrg','report.awards.organization','REPORT_NAME', 'core', 'core', 'REPORT_DESCRIPTION', '/reports/displayAwardsByOrgReport.do?method=displaySummaryReport', 1, 0, sysdate, 0, 0, 0);
           --Awards By Org Charts
          Insert into TMP_REPORT_CHART (REPORT_CHART_ID, CAPTION_CM_KEY, SUBCAPTION_CM_KEY, CHART_DATA_URL, REPORT_ID, SHOW_LABELS, SHOW_LEGEND, ENABLE_SMART_LABELS, X_AXIS_NAME_CM_KEY, Y_AXIS_NAME_CM_KEY, SEQUENCE_NUM, DISPLAY_LIMIT, CREATED_BY, DATE_CREATED, VERSION, CHART_TYPE)
            values (3009, 'TOTAL_POINTS_CHART_CAPTION', 'TOTAL_POINTS_CHART_SUBCAPTION', '/reports/displayAwardsByOrgReport.do?method=displayTotalPointsIssuedForOrgBarchart', 4002, 1, 1, 0, 'TOTAL_POINTS_CHART_X_AXIS_NAME', 'TOTAL_POINTS_CHART_Y_AXIS_NAME', 0, 20, 0, sysdate, 0, 'Column3D');
        Insert into TMP_REPORT_CHART (REPORT_CHART_ID, CAPTION_CM_KEY, SUBCAPTION_CM_KEY, CHART_DATA_URL, REPORT_ID, SHOW_LABELS, SHOW_LEGEND, ENABLE_SMART_LABELS, X_AXIS_NAME_CM_KEY, Y_AXIS_NAME_CM_KEY, SEQUENCE_NUM, DISPLAY_LIMIT, CREATED_BY, DATE_CREATED, VERSION, CHART_TYPE)
            values (3010, 'OTHER_AWARDS_CHART_CAPTION', 'OTHER_AWARDS_CHART_SUBCAPTION', '/reports/displayAwardsByOrgReport.do?method=displayOtherAwardsIssuedForOrgBarchart', 4002, 1, 1, 0, 'OTHER_AWARDS_CHART_X_AXIS_NAME', 'OTHER_AWARDS_CHART_Y_AXIS_NAME', 1, 20, 0, sysdate, 0, 'StackedColumn3D');
        Insert into TMP_REPORT_CHART (REPORT_CHART_ID, CAPTION_CM_KEY, SUBCAPTION_CM_KEY, CHART_DATA_URL, REPORT_ID, SHOW_LABELS, SHOW_LEGEND, ENABLE_SMART_LABELS, SHOW_PERCENT_VALUES, X_AXIS_NAME_CM_KEY, Y_AXIS_NAME_CM_KEY, SEQUENCE_NUM, DISPLAY_LIMIT, CREATED_BY, DATE_CREATED, VERSION, CHART_TYPE)
            values (3011, 'AWARDS_PIECHART_CAPTION', 'AWARDS_PIECHART_SUBCAPTION', '/reports/displayAwardsByOrgReport.do?method=displayReceivedNotReceivedAwardsPiechart', 4002, 0, 1, 0, 1, null, null, 2, 20, 0, sysdate, 0, 'Pie2D');
        Insert into TMP_REPORT_CHART (REPORT_CHART_ID, CAPTION_CM_KEY, SUBCAPTION_CM_KEY, CHART_DATA_URL, REPORT_ID, SHOW_LABELS, SHOW_LEGEND, ENABLE_SMART_LABELS, X_AXIS_NAME_CM_KEY, Y_AXIS_NAME_CM_KEY, SEQUENCE_NUM, DISPLAY_LIMIT, CREATED_BY, DATE_CREATED, VERSION, CHART_TYPE)
            values (3012, 'AWARDS_BARCHART_CAPTION', 'AWARDS_BARCHART_SUBCAPTION', '/reports/displayAwardsByOrgReport.do?method=displayReceivedNotReceivedAwardsForOrgBarchart', 4002, 1, 1, 0, 'AWARDS_BARCHART_X_AXIS_NAME', 'AWARDS_BARCHART_Y_AXIS_NAME', 3, 20, 0, sysdate, 0, 'MSColumn3D');
        Insert into TMP_REPORT_CHART (REPORT_CHART_ID, CAPTION_CM_KEY, SUBCAPTION_CM_KEY, CHART_DATA_URL, REPORT_ID, SHOW_LABELS, SHOW_LEGEND, ENABLE_SMART_LABELS, X_AXIS_NAME_CM_KEY, Y_AXIS_NAME_CM_KEY, SEQUENCE_NUM, DISPLAY_LIMIT, CREATED_BY, DATE_CREATED, VERSION, CHART_TYPE)
            values (3013, 'PERSONS_AWARDS_CHART_CAPTION', 'PERSONS_AWARDS_CHART_SUBCAPTION', '/reports/displayAwardsByOrgReport.do?method=displayPersonsReceivingAwardsForOrgBarchart', 4002, 1, 1, 0, 'PERSONS_AWARDS_CHART_X_AXIS_NAME', 'PERSONS_AWARDS_CHART_Y_AXIS_NAME', 4, 20, 0, sysdate, 0, 'Column3D');        
        --Report Parameters
        Insert into TMP_REPORT_PARAMETER (REPORT_PARAMETER_ID, REPORT_ID, PARAMETER_NAME, PARAMETER_CM_KEY, DATABASE_COLUMN, PARAMETER_TYPE, LIST_DEFINITION, PARAMETER_GROUP, SEQUENCE_NUM, CREATED_BY, DATE_CREATED, MODIFIED_BY, DATE_MODIFIED, VERSION, COLLECTION_NAME, DEFAULT_VALUE) 
            values (2015,4002,'promotionStatus','PROMOTION_STATUS_FIELD','reportPromotionStatusTypeList','selectPicklist','picklist.reportpromotion.statustype','BASICS',0,5661,to_date('20-AUG-12','DD-MON-RR'),5661,to_date('20-AUG-12','DD-MON-RR'),0,'reportPromotionStatusTypeList','live');
        Insert into TMP_REPORT_PARAMETER (REPORT_PARAMETER_ID, REPORT_ID, PARAMETER_NAME, PARAMETER_CM_KEY, DATABASE_COLUMN, PARAMETER_TYPE, LIST_DEFINITION, PARAMETER_GROUP, SEQUENCE_NUM, CREATED_BY, DATE_CREATED, MODIFIED_BY, DATE_MODIFIED, VERSION, COLLECTION_NAME, DEFAULT_VALUE, DISPLAY_ON_DASHBOARD) 
            values (2016,4002,'promotionId','PROMOTION_FIELD','promotionTypeList','multiSelectQuery','com.biperf.core.domain.node.reportParameterValueChoices.allLivePromotions','BASICS',1,5661,to_date('20-AUG-12','DD-MON-RR'),5661,to_date('20-AUG-12','DD-MON-RR'),0,'promotionTypeList','show_all', 1);
        Insert into TMP_REPORT_PARAMETER (REPORT_PARAMETER_ID, REPORT_ID, PARAMETER_NAME, PARAMETER_CM_KEY, DATABASE_COLUMN, PARAMETER_TYPE, LIST_DEFINITION, PARAMETER_GROUP, SEQUENCE_NUM, CREATED_BY, DATE_CREATED, MODIFIED_BY, DATE_MODIFIED, VERSION, COLLECTION_NAME, DEFAULT_VALUE, DISPLAY_ON_DASHBOARD) 
            values (2017,4002,'fromDate','START_FIELD','DATE_SUBMITTED','datePicker',null,'TIME_FRAME',2,5661,to_date('20-AUG-12','DD-MON-RR'),5661,to_date('20-AUG-12','DD-MON-RR'),0,null, '01/01/2012', 1);
        Insert into TMP_REPORT_PARAMETER (REPORT_PARAMETER_ID, REPORT_ID, PARAMETER_NAME, PARAMETER_CM_KEY, DATABASE_COLUMN, PARAMETER_TYPE, LIST_DEFINITION, PARAMETER_GROUP, SEQUENCE_NUM, CREATED_BY, DATE_CREATED, MODIFIED_BY, DATE_MODIFIED, VERSION, COLLECTION_NAME, DEFAULT_VALUE, DISPLAY_ON_DASHBOARD) 
            values (2018,4002,'toDate','END_FIELD','DATE_SUBMITTED','datePicker',null,'TIME_FRAME',3,5661,to_date('20-AUG-12','DD-MON-RR'),5661,to_date('20-AUG-12','DD-MON-RR'),0,null, '12/31/2012', 1);
        Insert into TMP_REPORT_PARAMETER (REPORT_PARAMETER_ID, REPORT_ID, PARAMETER_NAME, PARAMETER_CM_KEY, DATABASE_COLUMN, PARAMETER_TYPE, LIST_DEFINITION, PARAMETER_GROUP, SEQUENCE_NUM, CREATED_BY, DATE_CREATED, MODIFIED_BY, DATE_MODIFIED, VERSION, COLLECTION_NAME, DEFAULT_VALUE, DISPLAY_ON_DASHBOARD) 
            values (2019,4002,'parentNodeId','ORG_NAME','organizationList','selectQuery','com.biperf.core.domain.node.processParameterValueChoices.NodesAsHierarchyByUser','PARTICIPANTS',4,5661,to_date('20-AUG-12','DD-MON-RR'),5661,to_date('20-AUG-12','DD-MON-RR'),0,'organizationList','show_all', 1);
        Insert into TMP_REPORT_PARAMETER (REPORT_PARAMETER_ID, REPORT_ID, PARAMETER_NAME, PARAMETER_CM_KEY, DATABASE_COLUMN, PARAMETER_TYPE, LIST_DEFINITION, PARAMETER_GROUP, SEQUENCE_NUM, CREATED_BY, DATE_CREATED, MODIFIED_BY, DATE_MODIFIED, VERSION, COLLECTION_NAME, DEFAULT_VALUE) 
            values (2020,4002,'department','DEPARTMENT_FIELD','departmentTypeList','multiSelectPick','picklist.department.type','PARTICIPANTS',5,5661,to_date('20-AUG-12','DD-MON-RR'),5661,to_date('20-AUG-12','DD-MON-RR'),0,'departmentTypeList','show_all');
        Insert into TMP_REPORT_PARAMETER (REPORT_PARAMETER_ID, REPORT_ID, PARAMETER_NAME, PARAMETER_CM_KEY, DATABASE_COLUMN, PARAMETER_TYPE, LIST_DEFINITION, PARAMETER_GROUP, SEQUENCE_NUM, CREATED_BY, DATE_CREATED, MODIFIED_BY, DATE_MODIFIED, VERSION, COLLECTION_NAME, DEFAULT_VALUE) 
            values (2021,4002,'jobPosition','JOB_POSITION_FIELD','positionTypeList','selectPicklist','picklist.positiontype','PARTICIPANTS',6,5661,to_date('20-AUG-12','DD-MON-RR'),5661,to_date('20-AUG-12','DD-MON-RR'),0,'jobPositionTypeList','show_all');
        Insert into TMP_REPORT_PARAMETER (REPORT_PARAMETER_ID, REPORT_ID, PARAMETER_NAME, PARAMETER_CM_KEY, DATABASE_COLUMN, PARAMETER_TYPE, LIST_DEFINITION, PARAMETER_GROUP, SEQUENCE_NUM, CREATED_BY, DATE_CREATED, MODIFIED_BY, DATE_MODIFIED, VERSION, COLLECTION_NAME, DEFAULT_VALUE) 
            values (2022,4002,'participantStatus','PARTICIPANT_STATUS_FIELD','participantStatusList','selectPicklist','picklist.participantstatus','PARTICIPANTS',7,5661,to_date('20-AUG-12','DD-MON-RR'),5661,to_date('20-AUG-12','DD-MON-RR'),0,'participantStatusList','active');
        Insert into TMP_REPORT_PARAMETER (REPORT_PARAMETER_ID, REPORT_ID, PARAMETER_NAME, PARAMETER_CM_KEY, DATABASE_COLUMN, PARAMETER_TYPE, LIST_DEFINITION, PARAMETER_GROUP, SEQUENCE_NUM, CREATED_BY, DATE_CREATED, MODIFIED_BY, DATE_MODIFIED, VERSION, COLLECTION_NAME, DEFAULT_VALUE) 
            values (2023,4002,'receivedAwardType','RECEIVED_FIELD','receivedAwardtypeList','selectPicklist','picklist.receivedaward.type','EXPORT_SELECTION',8,5661,to_date('20-AUG-12','DD-MON-RR'),5661,to_date('20-AUG-12','DD-MON-RR'),0,'receivedAwardtypeList','received');
               
    --Awards By Pax Report
    Insert into TMP_REPORT (REPORT_ID,REPORT_CODE, CM_ASSET_CODE, REPORT_NAME_CM_KEY, REPORT_CATEGORY_TYPE, MODULE, REPORT_DESCRIPTION_CM_KEY, REPORT_URL, IS_ACTIVE, CREATED_BY, DATE_CREATED, VERSION, FORCE_PARAMETERS, EXPORT_ONLY)
           values (4003,'awardsByPax','report.awards.participant','REPORT_NAME', 'core', 'core', 'REPORT_DESCRIPTION', '/reports/displayAwardsByPaxReport.do?method=displaySummaryReport', 1, 0, sysdate, 0, 0, 0);
           --Awards By Pax Charts
          Insert into TMP_REPORT_CHART (REPORT_CHART_ID, CAPTION_CM_KEY, SUBCAPTION_CM_KEY, CHART_DATA_URL, REPORT_ID, SHOW_LABELS, SHOW_LEGEND, ENABLE_SMART_LABELS, X_AXIS_NAME_CM_KEY, Y_AXIS_NAME_CM_KEY, SEQUENCE_NUM, DISPLAY_LIMIT, CREATED_BY, DATE_CREATED, VERSION, CHART_TYPE)
            values (3014, 'TOTAL_POINTS_PAX_CHART_CAPTION', 'TOTAL_POINTS_PAX_CHART_SUBCAPTION', '/reports/displayAwardsByPaxReport.do?method=displayTotalPointsIssuedByPaxBarchart', 4003, 1, 1, 0, 'TOTAL_POINTS_PAX_CHART_X_AXIS_NAME', 'TOTAL_POINTS_PAX_CHART_Y_AXIS_NAME', 0, 20, 0, sysdate, 0, 'Column3D');
        Insert into TMP_REPORT_CHART (REPORT_CHART_ID, CAPTION_CM_KEY, SUBCAPTION_CM_KEY, CHART_DATA_URL, REPORT_ID, SHOW_LABELS, SHOW_LEGEND, ENABLE_SMART_LABELS, X_AXIS_NAME_CM_KEY, Y_AXIS_NAME_CM_KEY, SEQUENCE_NUM, DISPLAY_LIMIT, CREATED_BY, DATE_CREATED, VERSION, CHART_TYPE)
            values (3015, 'OTHER_AWARDS_CHART_CAPTION', 'OTHER_AWARDS_CHART_SUBCAPTION', '/reports/displayAwardsByPaxReport.do?method=displayOtherAwardsIssuedByPaxBarchart', 4003, 1, 1, 0, 'OTHER_AWARDS_CHART_X_AXIS_NAME', 'OTHER_AWARDS_CHART_Y_AXIS_NAME', 1, 20, 0, sysdate, 0, 'StackedColumn3D');
        Insert into TMP_REPORT_CHART (REPORT_CHART_ID, CAPTION_CM_KEY, SUBCAPTION_CM_KEY, CHART_DATA_URL, REPORT_ID, SHOW_LABELS, SHOW_LEGEND, ENABLE_SMART_LABELS, SHOW_PERCENT_VALUES, X_AXIS_NAME_CM_KEY, Y_AXIS_NAME_CM_KEY, SEQUENCE_NUM, DISPLAY_LIMIT, CREATED_BY, DATE_CREATED, VERSION, CHART_TYPE)
            values (3016, 'AWARDS_PIECHART_CAPTION', 'AWARDS_PIECHART_SUBCAPTION', '/reports/displayAwardsByPaxReport.do?method=displayReceivedNotReceivedAwardsPaxPiechart', 4003, 0, 1, 0, 1, null, null, 2, 20, 0, sysdate, 0, 'Pie2D');
        Insert into TMP_REPORT_CHART (REPORT_CHART_ID, CAPTION_CM_KEY, SUBCAPTION_CM_KEY, CHART_DATA_URL, REPORT_ID, SHOW_LABELS, SHOW_LEGEND, ENABLE_SMART_LABELS, X_AXIS_NAME_CM_KEY, Y_AXIS_NAME_CM_KEY, SEQUENCE_NUM, DISPLAY_LIMIT, CREATED_BY, DATE_CREATED, VERSION, CHART_TYPE)
            values (3017, 'TOTAL_POINTS_CHART_CAPTION', 'TOTAL_POINTS_CHART_SUBCAPTION', '/reports/displayAwardsByPaxReport.do?method=displayTotalPointsIssuedByPeriodBarchart', 4003, 1, 1, 0, 'TOTAL_POINTS_CHART_X_AXIS_NAME', 'TOTAL_POINTS_CHART_Y_AXIS_NAME', 3, 20, 0, sysdate, 0, 'Column3D');
        --Report Parameters
        Insert into TMP_REPORT_PARAMETER (REPORT_PARAMETER_ID, REPORT_ID, PARAMETER_NAME, PARAMETER_CM_KEY, DATABASE_COLUMN, PARAMETER_TYPE, LIST_DEFINITION, PARAMETER_GROUP, SEQUENCE_NUM, CREATED_BY, DATE_CREATED, MODIFIED_BY, DATE_MODIFIED, VERSION, COLLECTION_NAME, DEFAULT_VALUE) 
            values (2024,4003,'promotionStatus','PROMOTION_STATUS_FIELD','reportPromotionStatusTypeList','selectPicklist','picklist.reportpromotion.statustype','BASICS',0,5661,to_date('20-AUG-12','DD-MON-RR'),5661,to_date('20-AUG-12','DD-MON-RR'),0,'reportPromotionStatusTypeList','live');
        Insert into TMP_REPORT_PARAMETER (REPORT_PARAMETER_ID, REPORT_ID, PARAMETER_NAME, PARAMETER_CM_KEY, DATABASE_COLUMN, PARAMETER_TYPE, LIST_DEFINITION, PARAMETER_GROUP, SEQUENCE_NUM, CREATED_BY, DATE_CREATED, MODIFIED_BY, DATE_MODIFIED, VERSION, COLLECTION_NAME, DEFAULT_VALUE, DISPLAY_ON_DASHBOARD) 
            values (2025,4003,'promotionId','PROMOTION_FIELD','promotionTypeList','multiSelectQuery','com.biperf.core.domain.node.reportParameterValueChoices.allLivePromotions','BASICS',1,5661,to_date('20-AUG-12','DD-MON-RR'),5661,to_date('20-AUG-12','DD-MON-RR'),0,'promotionTypeList','show_all', 1);
        Insert into TMP_REPORT_PARAMETER (REPORT_PARAMETER_ID, REPORT_ID, PARAMETER_NAME, PARAMETER_CM_KEY, DATABASE_COLUMN, PARAMETER_TYPE, LIST_DEFINITION, PARAMETER_GROUP, SEQUENCE_NUM, CREATED_BY, DATE_CREATED, MODIFIED_BY, DATE_MODIFIED, VERSION, COLLECTION_NAME, DEFAULT_VALUE, DISPLAY_ON_DASHBOARD) 
            values (2026,4003,'fromDate','START_FIELD','DATE_SUBMITTED','datePicker',null,'TIME_FRAME',2,5661,to_date('20-AUG-12','DD-MON-RR'),5661,to_date('20-AUG-12','DD-MON-RR'),0,null, '01/01/2012', 1);
        Insert into TMP_REPORT_PARAMETER (REPORT_PARAMETER_ID, REPORT_ID, PARAMETER_NAME, PARAMETER_CM_KEY, DATABASE_COLUMN, PARAMETER_TYPE, LIST_DEFINITION, PARAMETER_GROUP, SEQUENCE_NUM, CREATED_BY, DATE_CREATED, MODIFIED_BY, DATE_MODIFIED, VERSION, COLLECTION_NAME, DEFAULT_VALUE, DISPLAY_ON_DASHBOARD) 
            values (2027,4003,'toDate','END_FIELD','DATE_SUBMITTED','datePicker',null,'TIME_FRAME',3,5661,to_date('20-AUG-12','DD-MON-RR'),5661,to_date('20-AUG-12','DD-MON-RR'),0,null, '12/31/2012', 1);
        Insert into TMP_REPORT_PARAMETER (REPORT_PARAMETER_ID, REPORT_ID, PARAMETER_NAME, PARAMETER_CM_KEY, DATABASE_COLUMN, PARAMETER_TYPE, LIST_DEFINITION, PARAMETER_GROUP, SEQUENCE_NUM, CREATED_BY, DATE_CREATED, MODIFIED_BY, DATE_MODIFIED, VERSION, COLLECTION_NAME, DEFAULT_VALUE, DISPLAY_ON_DASHBOARD) 
            values (2028,4003,'parentNodeId','ORG_NAME','organizationList','selectQuery','com.biperf.core.domain.node.processParameterValueChoices.NodesAsHierarchyByUser','PARTICIPANTS',4,5661,to_date('20-AUG-12','DD-MON-RR'),5661,to_date('20-AUG-12','DD-MON-RR'),0,'organizationList','show_all', 1);
        Insert into TMP_REPORT_PARAMETER (REPORT_PARAMETER_ID, REPORT_ID, PARAMETER_NAME, PARAMETER_CM_KEY, DATABASE_COLUMN, PARAMETER_TYPE, LIST_DEFINITION, PARAMETER_GROUP, SEQUENCE_NUM, CREATED_BY, DATE_CREATED, MODIFIED_BY, DATE_MODIFIED, VERSION, COLLECTION_NAME, DEFAULT_VALUE) 
            values (2029,4003,'department','DEPARTMENT_FIELD','departmentTypeList','multiSelectPick','picklist.department.type','PARTICIPANTS',5,5661,to_date('20-AUG-12','DD-MON-RR'),5661,to_date('20-AUG-12','DD-MON-RR'),0,'departmentTypeList','show_all');
        Insert into TMP_REPORT_PARAMETER (REPORT_PARAMETER_ID, REPORT_ID, PARAMETER_NAME, PARAMETER_CM_KEY, DATABASE_COLUMN, PARAMETER_TYPE, LIST_DEFINITION, PARAMETER_GROUP, SEQUENCE_NUM, CREATED_BY, DATE_CREATED, MODIFIED_BY, DATE_MODIFIED, VERSION, COLLECTION_NAME, DEFAULT_VALUE) 
            values (2030,4003,'jobPosition','JOB_POSITION_FIELD','positionTypeList','selectPicklist','picklist.positiontype','PARTICIPANTS',6,5661,to_date('20-AUG-12','DD-MON-RR'),5661,to_date('20-AUG-12','DD-MON-RR'),0,'jobPositionTypeList','show_all');
        Insert into TMP_REPORT_PARAMETER (REPORT_PARAMETER_ID, REPORT_ID, PARAMETER_NAME, PARAMETER_CM_KEY, DATABASE_COLUMN, PARAMETER_TYPE, LIST_DEFINITION, PARAMETER_GROUP, SEQUENCE_NUM, CREATED_BY, DATE_CREATED, MODIFIED_BY, DATE_MODIFIED, VERSION, COLLECTION_NAME, DEFAULT_VALUE) 
            values (2031,4003,'participantStatus','PARTICIPANT_STATUS_FIELD','participantStatusList','selectPicklist','picklist.participantstatus','PARTICIPANTS',7,5661,to_date('20-AUG-12','DD-MON-RR'),5661,to_date('20-AUG-12','DD-MON-RR'),0,'participantStatusList','active');
        Insert into TMP_REPORT_PARAMETER (REPORT_PARAMETER_ID, REPORT_ID, PARAMETER_NAME, PARAMETER_CM_KEY, DATABASE_COLUMN, PARAMETER_TYPE, LIST_DEFINITION, PARAMETER_GROUP, SEQUENCE_NUM, CREATED_BY, DATE_CREATED, MODIFIED_BY, DATE_MODIFIED, VERSION, COLLECTION_NAME, DEFAULT_VALUE) 
            values (2032,4003,'countryId','COUNTRY_FIELD','countryList','multiSelectQuery','com.biperf.core.domain.country.processParameterValueChoices.allLiveCountries','PARTICIPANTS',8,5661,to_date('20-AUG-12','DD-MON-RR'),5661,to_date('20-AUG-12','DD-MON-RR'),0,'countryList','show_all');
        Insert into TMP_REPORT_PARAMETER (REPORT_PARAMETER_ID, REPORT_ID, PARAMETER_NAME, PARAMETER_CM_KEY, DATABASE_COLUMN, PARAMETER_TYPE, LIST_DEFINITION, PARAMETER_GROUP, SEQUENCE_NUM, CREATED_BY, DATE_CREATED, MODIFIED_BY, DATE_MODIFIED, VERSION, COLLECTION_NAME, DEFAULT_VALUE) 
            values (2033,4003,'receivedAwardType','RECEIVED_FIELD','receivedAwardtypeList','selectPicklist','picklist.receivedaward.type','EXPORT_SELECTION',9,5661,to_date('20-AUG-12','DD-MON-RR'),5661,to_date('20-AUG-12','DD-MON-RR'),0,'receivedAwardtypeList','received');

       --Claims By Org Report
       Insert into TMP_REPORT (REPORT_ID,REPORT_CODE, CM_ASSET_CODE, REPORT_NAME_CM_KEY, REPORT_CATEGORY_TYPE, MODULE, REPORT_DESCRIPTION_CM_KEY, REPORT_URL, IS_ACTIVE, CREATED_BY, DATE_CREATED, VERSION, FORCE_PARAMETERS, EXPORT_ONLY)
          values (4004,'claimByOrg','report.claim.organization','REPORT_NAME', 'claim', 'install.productclaims', 'REPORT_DESCRIPTION', '/reports/displayClaimByOrgReport.do?method=displaySummaryReport', 1, 0, sysdate, 0, 0, 0);
        --Claims By Org Charts
          Insert into TMP_REPORT_CHART (REPORT_CHART_ID, CAPTION_CM_KEY, SUBCAPTION_CM_KEY, CHART_DATA_URL, REPORT_ID, SHOW_LABELS, SHOW_LEGEND, ENABLE_SMART_LABELS, SHOW_PERCENT_VALUES, X_AXIS_NAME_CM_KEY, Y_AXIS_NAME_CM_KEY, SEQUENCE_NUM, DISPLAY_LIMIT, CREATED_BY, DATE_CREATED, VERSION, CHART_TYPE)
               values (3018, 'PART_RATE_CHART_CAPTION', 'PART_RATE_CHART_SUBCAPTION', '/reports/displayClaimByOrgReport.do?method=displayParticipationRateChart', 4004, 0, 1, 0, 1, null, null, 0, 20, 0, sysdate, 0, 'Pie2D');
        Insert into TMP_REPORT_CHART (REPORT_CHART_ID, CAPTION_CM_KEY, SUBCAPTION_CM_KEY, CHART_DATA_URL, REPORT_ID, SHOW_LABELS, SHOW_LEGEND, ENABLE_SMART_LABELS, SHOW_PERCENT_VALUES, X_AXIS_NAME_CM_KEY, Y_AXIS_NAME_CM_KEY, SEQUENCE_NUM, DISPLAY_LIMIT, CREATED_BY, DATE_CREATED, VERSION, CHART_TYPE)
               values (3019, 'PART_LEVEL_CHART_CAPTION', 'PART_LEVEL_CHART_SUBCAPTION', '/reports/displayClaimByOrgReport.do?method=displayParticipationLevelChart', 4004, 1, 1, 0, 0, 'LEVEL_CHART_X_AXIS_NAME', 'LEVEL_CHART_Y_AXIS_NAME', 1, 20, 0, sysdate, 0, 'Column3D');        
           Insert into TMP_REPORT_CHART (REPORT_CHART_ID, CAPTION_CM_KEY, SUBCAPTION_CM_KEY, CHART_DATA_URL, REPORT_ID, SHOW_LABELS, SHOW_LEGEND, ENABLE_SMART_LABELS, X_AXIS_NAME_CM_KEY, Y_AXIS_NAME_CM_KEY, SEQUENCE_NUM, DISPLAY_LIMIT, CREATED_BY, DATE_CREATED, VERSION, CHART_TYPE)
               values (3020, 'MONTHLY_CHART_CAPTION', 'MONTHLY_CHART_SUBCAPTION', '/reports/displayClaimByOrgReport.do?method=displayMonthlyChart', 4004, 1, 1, 0, 'MONTHLY_CHART_X_AXIS_NAME', 'MONTHLY_CHART_Y_AXIS_NAME', 2, 20, 0, sysdate, 0, 'Column3D');        
          Insert into TMP_REPORT_CHART (REPORT_CHART_ID, CAPTION_CM_KEY, SUBCAPTION_CM_KEY, CHART_DATA_URL, REPORT_ID, SHOW_LABELS, SHOW_LEGEND, ENABLE_SMART_LABELS, X_AXIS_NAME_CM_KEY, Y_AXIS_NAME_CM_KEY, SEQUENCE_NUM, DISPLAY_LIMIT, CREATED_BY, DATE_CREATED, VERSION, CHART_TYPE)
               values (3021, 'SUBMISSION_CHART_CAPTION', 'SUBMISSION_CHART_SUBCAPTION', '/reports/displayClaimByOrgReport.do?method=displaySubmissionStatusChart', 4004, 1, 1, 0, 'SUB_STAUS_CHART_X_AXIS_NAME', 'SUB_STAUS_CHART_Y_AXIS_NAME', 3, 20, 0, sysdate, 0, 'StackedColumn3D');
        Insert into TMP_REPORT_CHART (REPORT_CHART_ID, CAPTION_CM_KEY, SUBCAPTION_CM_KEY, CHART_DATA_URL, REPORT_ID, SHOW_LABELS, SHOW_LEGEND, ENABLE_SMART_LABELS, X_AXIS_NAME_CM_KEY, Y_AXIS_NAME_CM_KEY, SEQUENCE_NUM, DISPLAY_LIMIT, CREATED_BY, DATE_CREATED, VERSION, CHART_TYPE)
               values (3022, 'ITEM_CHART_CAPTION', 'ITEM_CHART_SUBCAPTION', '/reports/displayClaimByOrgReport.do?method=displayItemStatusChart', 4004, 1, 1, 0, 'ITEM_STATUS_CHART_X_AXIS_NAME', 'ITEM_STATUS_CHART_Y_AXIS_NAME', 4, 20, 0, sysdate, 0, 'StackedColumn3D');
        Insert into TMP_REPORT_CHART (REPORT_CHART_ID, CAPTION_CM_KEY, SUBCAPTION_CM_KEY, CHART_DATA_URL, REPORT_ID, SHOW_LABELS, SHOW_LEGEND, ENABLE_SMART_LABELS, X_AXIS_NAME_CM_KEY, Y_AXIS_NAME_CM_KEY, SEQUENCE_NUM, DISPLAY_LIMIT, CREATED_BY, DATE_CREATED, VERSION, CHART_TYPE)
               values (3023, 'TOTALS_CHART_CAPTION', 'TOTALS_CHART_SUBCAPTION', '/reports/displayClaimByOrgReport.do?method=displayTotalsChart', 4004, 1, 1, 0, 'TOTALS_CHART_X_AXIS_NAME', 'TOTALS_CHART_Y_AXIS_NAME', 5, 20, 0, sysdate, 0, 'MSLine');
        --Report Parameters
        Insert into TMP_REPORT_PARAMETER (REPORT_PARAMETER_ID, REPORT_ID, PARAMETER_NAME, PARAMETER_CM_KEY, DATABASE_COLUMN, PARAMETER_TYPE, LIST_DEFINITION, PARAMETER_GROUP, SEQUENCE_NUM, CREATED_BY, DATE_CREATED, MODIFIED_BY, DATE_MODIFIED, VERSION, COLLECTION_NAME, DEFAULT_VALUE) 
            values (2034,4004,'promotionStatus','PROMOTION_STATUS_FIELD','reportPromotionStatusTypeList','selectPicklist','picklist.reportpromotion.statustype','BASICS',0,5661,to_date('20-AUG-12','DD-MON-RR'),5661,to_date('20-AUG-12','DD-MON-RR'),0,'reportPromotionStatusTypeList','live');
        Insert into TMP_REPORT_PARAMETER (REPORT_PARAMETER_ID, REPORT_ID, PARAMETER_NAME, PARAMETER_CM_KEY, DATABASE_COLUMN, PARAMETER_TYPE, LIST_DEFINITION, PARAMETER_GROUP, SEQUENCE_NUM, CREATED_BY, DATE_CREATED, MODIFIED_BY, DATE_MODIFIED, VERSION, COLLECTION_NAME, DEFAULT_VALUE, DISPLAY_ON_DASHBOARD) 
            values (2035,4004,'promotionId','PROMOTION_FIELD','promotionTypeList','multiSelectQuery','com.biperf.core.domain.node.reportParameterValueChoices.allLiveProductClaimPromotions','BASICS',1,5661,to_date('20-AUG-12','DD-MON-RR'),5661,to_date('20-AUG-12','DD-MON-RR'),0,'promotionTypeList','show_all', 1);
        Insert into TMP_REPORT_PARAMETER (REPORT_PARAMETER_ID, REPORT_ID, PARAMETER_NAME, PARAMETER_CM_KEY, DATABASE_COLUMN, PARAMETER_TYPE, LIST_DEFINITION, PARAMETER_GROUP, SEQUENCE_NUM, CREATED_BY, DATE_CREATED, MODIFIED_BY, DATE_MODIFIED, VERSION, COLLECTION_NAME, DEFAULT_VALUE) 
            values (2036,4004,'claimStatus','CLAIM_STATUS','claimStatusTypeList','selectPicklist','picklist.claim.status.type','BASICS',2,5661,to_date('20-AUG-12','DD-MON-RR'),5661,to_date('20-AUG-12','DD-MON-RR'),0,'claimStatusTypeList','open');
        Insert into TMP_REPORT_PARAMETER (REPORT_PARAMETER_ID, REPORT_ID, PARAMETER_NAME, PARAMETER_CM_KEY, DATABASE_COLUMN, PARAMETER_TYPE, LIST_DEFINITION, PARAMETER_GROUP, SEQUENCE_NUM, CREATED_BY, DATE_CREATED, MODIFIED_BY, DATE_MODIFIED, VERSION, COLLECTION_NAME, DEFAULT_VALUE, DISPLAY_ON_DASHBOARD) 
            values (2037,4004,'parentNodeId','ORG_NAME','organizationList','selectQuery','com.biperf.core.domain.node.processParameterValueChoices.NodesAsHierarchyByUser','PARTICIPANTS',3,5661,to_date('20-AUG-12','DD-MON-RR'),5661,to_date('20-AUG-12','DD-MON-RR'),0,'organizationList','show_all', 1);
        Insert into TMP_REPORT_PARAMETER (REPORT_PARAMETER_ID, REPORT_ID, PARAMETER_NAME, PARAMETER_CM_KEY, DATABASE_COLUMN, PARAMETER_TYPE, LIST_DEFINITION, PARAMETER_GROUP, SEQUENCE_NUM, CREATED_BY, DATE_CREATED, MODIFIED_BY, DATE_MODIFIED, VERSION, COLLECTION_NAME, DEFAULT_VALUE, DISPLAY_ON_DASHBOARD) 
            values (2038,4004,'fromDate','START_FIELD','DATE_SUBMITTED','datePicker',null,'TIME_FRAME',4,5661,to_date('20-AUG-12','DD-MON-RR'),5661,to_date('20-AUG-12','DD-MON-RR'),0,null, '01/01/2012', 1);
        Insert into TMP_REPORT_PARAMETER (REPORT_PARAMETER_ID, REPORT_ID, PARAMETER_NAME, PARAMETER_CM_KEY, DATABASE_COLUMN, PARAMETER_TYPE, LIST_DEFINITION, PARAMETER_GROUP, SEQUENCE_NUM, CREATED_BY, DATE_CREATED, MODIFIED_BY, DATE_MODIFIED, VERSION, COLLECTION_NAME, DEFAULT_VALUE, DISPLAY_ON_DASHBOARD) 
            values (2039,4004,'toDate','END_FIELD','DATE_SUBMITTED','datePicker',null,'TIME_FRAME',5,5661,to_date('20-AUG-12','DD-MON-RR'),5661,to_date('20-AUG-12','DD-MON-RR'),0,null, '12/31/2012', 1);
        Insert into TMP_REPORT_PARAMETER (REPORT_PARAMETER_ID, REPORT_ID, PARAMETER_NAME, PARAMETER_CM_KEY, DATABASE_COLUMN, PARAMETER_TYPE, LIST_DEFINITION, PARAMETER_GROUP, SEQUENCE_NUM, CREATED_BY, DATE_CREATED, MODIFIED_BY, DATE_MODIFIED, VERSION, COLLECTION_NAME, DEFAULT_VALUE) 
            values (2040,4004,'participantStatus','PARTICIPANT_STATUS_FIELD','participantStatusList','selectPicklist','picklist.participantstatus','PARTICIPANTS',6,5661,to_date('20-AUG-12','DD-MON-RR'),5661,to_date('20-AUG-12','DD-MON-RR'),0,'participantStatusList','active');
        Insert into TMP_REPORT_PARAMETER (REPORT_PARAMETER_ID, REPORT_ID, PARAMETER_NAME, PARAMETER_CM_KEY, DATABASE_COLUMN, PARAMETER_TYPE, LIST_DEFINITION, PARAMETER_GROUP, SEQUENCE_NUM, CREATED_BY, DATE_CREATED, MODIFIED_BY, DATE_MODIFIED, VERSION, COLLECTION_NAME, DEFAULT_VALUE) 
            values (2041,4004,'jobPosition','JOB_POSITION_FIELD','positionTypeList','selectPicklist','picklist.positiontype','PARTICIPANTS',7,5661,to_date('20-AUG-12','DD-MON-RR'),5661,to_date('20-AUG-12','DD-MON-RR'),0,'jobPositionTypeList','show_all');
        Insert into TMP_REPORT_PARAMETER (REPORT_PARAMETER_ID, REPORT_ID, PARAMETER_NAME, PARAMETER_CM_KEY, DATABASE_COLUMN, PARAMETER_TYPE, LIST_DEFINITION, PARAMETER_GROUP, SEQUENCE_NUM, CREATED_BY, DATE_CREATED, MODIFIED_BY, DATE_MODIFIED, VERSION, COLLECTION_NAME, DEFAULT_VALUE) 
            values (2042,4004,'department','DEPARTMENT_FIELD','departmentTypeList','multiSelectPick','picklist.department.type','PARTICIPANTS',8,5661,to_date('20-AUG-12','DD-MON-RR'),5661,to_date('20-AUG-12','DD-MON-RR'),0,'departmentTypeList','show_all');
        Insert into TMP_REPORT_PARAMETER (REPORT_PARAMETER_ID, REPORT_ID, PARAMETER_NAME, PARAMETER_CM_KEY, DATABASE_COLUMN, PARAMETER_TYPE, LIST_DEFINITION, PARAMETER_GROUP, SEQUENCE_NUM, CREATED_BY, DATE_CREATED, MODIFIED_BY, DATE_MODIFIED, VERSION, COLLECTION_NAME, DEFAULT_VALUE) 
            values (2043,4004,'submittedType','SUBMITTED','submittedTypeList','selectPicklist','picklist.submitted.type','EXPORT_SELECTION',9,5661,to_date('20-AUG-12','DD-MON-RR'),5661,to_date('20-AUG-12','DD-MON-RR'),0,'submittedTypeList','have');

    --Claims By Pax Report
       Insert into TMP_REPORT (REPORT_ID,REPORT_CODE, CM_ASSET_CODE, REPORT_NAME_CM_KEY, REPORT_CATEGORY_TYPE, MODULE, REPORT_DESCRIPTION_CM_KEY, REPORT_URL, IS_ACTIVE, CREATED_BY, DATE_CREATED, VERSION, FORCE_PARAMETERS, EXPORT_ONLY)
          values (4005,'claimByPax','report.claim.participant','REPORT_NAME', 'claim', 'install.productclaims', 'REPORT_DESCRIPTION', '/reports/displayClaimByPaxReport.do?method=displaySummaryReport', 1, 0, sysdate, 0, 0, 0);    
           --Claims By Pax Charts
          Insert into TMP_REPORT_CHART (REPORT_CHART_ID, CAPTION_CM_KEY, SUBCAPTION_CM_KEY, CHART_DATA_URL, REPORT_ID, SHOW_LABELS, SHOW_LEGEND, ENABLE_SMART_LABELS, SHOW_PERCENT_VALUES, X_AXIS_NAME_CM_KEY, Y_AXIS_NAME_CM_KEY, SEQUENCE_NUM, DISPLAY_LIMIT, CREATED_BY, DATE_CREATED, VERSION, CHART_TYPE)
               values (3024, 'PART_RATE_CHART_CAPTION', 'PART_RATE_CHART_SUBCAPTION', '/reports/displayClaimByPaxReport.do?method=displayParticipationRateChart', 4005, 0, 1, 0, 1, null, null, 0, 20, 0, sysdate, 0, 'Pie2D');
        Insert into TMP_REPORT_CHART (REPORT_CHART_ID, CAPTION_CM_KEY, SUBCAPTION_CM_KEY, CHART_DATA_URL, REPORT_ID, SHOW_LABELS, SHOW_LEGEND, ENABLE_SMART_LABELS, SHOW_PERCENT_VALUES, X_AXIS_NAME_CM_KEY, Y_AXIS_NAME_CM_KEY, SEQUENCE_NUM, DISPLAY_LIMIT, CREATED_BY, DATE_CREATED, VERSION, CHART_TYPE)
               values (3025, 'PART_LEVEL_CHART_CAPTION', 'PART_LEVEL_CHART_SUBCAPTION', '/reports/displayClaimByPaxReport.do?method=displayParticipationLevelChart', 4005, 1, 1, 0, 0, 'LEVEL_CHART_X_AXIS_NAME', 'LEVEL_CHART_Y_AXIS_NAME', 1, 20, 0, sysdate, 0, 'Column3D');        
          Insert into TMP_REPORT_CHART (REPORT_CHART_ID, CAPTION_CM_KEY, SUBCAPTION_CM_KEY, CHART_DATA_URL, REPORT_ID, SHOW_LABELS, SHOW_LEGEND, ENABLE_SMART_LABELS, X_AXIS_NAME_CM_KEY, Y_AXIS_NAME_CM_KEY, SEQUENCE_NUM, DISPLAY_LIMIT, CREATED_BY, DATE_CREATED, VERSION, CHART_TYPE)
               values (3026, 'AVERAGE_CHART_CAPTION', 'AVERAGE_CHART_SUBCAPTION', '/reports/displayClaimByPaxReport.do?method=displayClaimsSubmittedVsAvgChart', 4005, 1, 1, 0, 'AVG_CHART_X_AXIS_NAME', 'AVG_CHART_Y_AXIS_NAME', 2, 20, 0, sysdate, 0, 'MSLine');
        Insert into TMP_REPORT_CHART (REPORT_CHART_ID, CAPTION_CM_KEY, SUBCAPTION_CM_KEY, CHART_DATA_URL, REPORT_ID, SHOW_LABELS, SHOW_LEGEND, ENABLE_SMART_LABELS, X_AXIS_NAME_CM_KEY, Y_AXIS_NAME_CM_KEY, SEQUENCE_NUM, DISPLAY_LIMIT, CREATED_BY, DATE_CREATED, VERSION, CHART_TYPE)
               values (3027, 'CLAIM_CHART_CAPTION', 'CLAIM_CHART_SUBCAPTION', '/reports/displayClaimByPaxReport.do?method=displayClaimsStatusChart', 4005, 1, 1, 0, 'STATUS_CHART_X_AXIS_NAME', 'STATUS_CHART_Y_AXIS_NAME', 3, 20, 0, sysdate, 0, 'StackedColumn3D');
        Insert into TMP_REPORT_CHART (REPORT_CHART_ID, CAPTION_CM_KEY, SUBCAPTION_CM_KEY, CHART_DATA_URL, REPORT_ID, SHOW_LABELS, SHOW_LEGEND, ENABLE_SMART_LABELS, X_AXIS_NAME_CM_KEY, Y_AXIS_NAME_CM_KEY, SEQUENCE_NUM, DISPLAY_LIMIT, CREATED_BY, DATE_CREATED, VERSION, CHART_TYPE)
               values (3028, 'ITEM_CHART_CAPTION', 'ITEM_CHART_SUBCAPTION', '/reports/displayClaimByPaxReport.do?method=displayItemStatusChart', 4005, 1, 1, 0, 'ITEM_STATUS_CHART_X_AXIS_NAME', 'ITEM_STATUS_CHART_Y_AXIS_NAME', 4, 20, 0, sysdate, 0, 'StackedColumn3D');
        --Report Parameters
        Insert into TMP_REPORT_PARAMETER (REPORT_PARAMETER_ID, REPORT_ID, PARAMETER_NAME, PARAMETER_CM_KEY, DATABASE_COLUMN, PARAMETER_TYPE, LIST_DEFINITION, PARAMETER_GROUP, SEQUENCE_NUM, CREATED_BY, DATE_CREATED, MODIFIED_BY, DATE_MODIFIED, VERSION, COLLECTION_NAME, DEFAULT_VALUE) 
            values (2044,4005,'promotionStatus','PROMOTION_STATUS_FIELD','reportPromotionStatusTypeList','selectPicklist','picklist.reportpromotion.statustype','BASICS',0,5661,to_date('20-AUG-12','DD-MON-RR'),5661,to_date('20-AUG-12','DD-MON-RR'),0,'reportPromotionStatusTypeList','live');
        Insert into TMP_REPORT_PARAMETER (REPORT_PARAMETER_ID, REPORT_ID, PARAMETER_NAME, PARAMETER_CM_KEY, DATABASE_COLUMN, PARAMETER_TYPE, LIST_DEFINITION, PARAMETER_GROUP, SEQUENCE_NUM, CREATED_BY, DATE_CREATED, MODIFIED_BY, DATE_MODIFIED, VERSION, COLLECTION_NAME, DEFAULT_VALUE, DISPLAY_ON_DASHBOARD) 
            values (2045,4005,'promotionId','PROMOTION_FIELD','promotionTypeList','multiSelectQuery','com.biperf.core.domain.node.reportParameterValueChoices.allLiveProductClaimPromotions','BASICS',1,5661,to_date('20-AUG-12','DD-MON-RR'),5661,to_date('20-AUG-12','DD-MON-RR'),0,'promotionTypeList','show_all', 1);
        Insert into TMP_REPORT_PARAMETER (REPORT_PARAMETER_ID, REPORT_ID, PARAMETER_NAME, PARAMETER_CM_KEY, DATABASE_COLUMN, PARAMETER_TYPE, LIST_DEFINITION, PARAMETER_GROUP, SEQUENCE_NUM, CREATED_BY, DATE_CREATED, MODIFIED_BY, DATE_MODIFIED, VERSION, COLLECTION_NAME, DEFAULT_VALUE) 
            values (2046,4005,'claimStatus','CLAIM_STATUS','claimStatusTypeList','selectPicklist','picklist.claim.status.type','BASICS',2,5661,to_date('20-AUG-12','DD-MON-RR'),5661,to_date('20-AUG-12','DD-MON-RR'),0,'claimStatusTypeList','open');
        Insert into TMP_REPORT_PARAMETER (REPORT_PARAMETER_ID, REPORT_ID, PARAMETER_NAME, PARAMETER_CM_KEY, DATABASE_COLUMN, PARAMETER_TYPE, LIST_DEFINITION, PARAMETER_GROUP, SEQUENCE_NUM, CREATED_BY, DATE_CREATED, MODIFIED_BY, DATE_MODIFIED, VERSION, COLLECTION_NAME, DEFAULT_VALUE, DISPLAY_ON_DASHBOARD) 
            values (2047,4005,'fromDate','START_FIELD','DATE_SUBMITTED','datePicker',null,'TIME_FRAME',3,5661,to_date('20-AUG-12','DD-MON-RR'),5661,to_date('20-AUG-12','DD-MON-RR'),0,null, '01/01/2012', 1);
        Insert into TMP_REPORT_PARAMETER (REPORT_PARAMETER_ID, REPORT_ID, PARAMETER_NAME, PARAMETER_CM_KEY, DATABASE_COLUMN, PARAMETER_TYPE, LIST_DEFINITION, PARAMETER_GROUP, SEQUENCE_NUM, CREATED_BY, DATE_CREATED, MODIFIED_BY, DATE_MODIFIED, VERSION, COLLECTION_NAME, DEFAULT_VALUE, DISPLAY_ON_DASHBOARD) 
            values (2048,4005,'toDate','END_FIELD','DATE_SUBMITTED','datePicker',null,'TIME_FRAME',4,5661,to_date('20-AUG-12','DD-MON-RR'),5661,to_date('20-AUG-12','DD-MON-RR'),0,null, '12/31/2012', 1);
        Insert into TMP_REPORT_PARAMETER (REPORT_PARAMETER_ID, REPORT_ID, PARAMETER_NAME, PARAMETER_CM_KEY, DATABASE_COLUMN, PARAMETER_TYPE, LIST_DEFINITION, PARAMETER_GROUP, SEQUENCE_NUM, CREATED_BY, DATE_CREATED, MODIFIED_BY, DATE_MODIFIED, VERSION, COLLECTION_NAME, DEFAULT_VALUE, DISPLAY_ON_DASHBOARD) 
            values (2049,4005,'parentNodeId','ORG_NAME','organizationList','selectQuery','com.biperf.core.domain.node.processParameterValueChoices.NodesAsHierarchyByUser','PARTICIPANTS',5,5661,to_date('20-AUG-12','DD-MON-RR'),5661,to_date('20-AUG-12','DD-MON-RR'),0,'organizationList','show_all', 1);
        Insert into TMP_REPORT_PARAMETER (REPORT_PARAMETER_ID, REPORT_ID, PARAMETER_NAME, PARAMETER_CM_KEY, DATABASE_COLUMN, PARAMETER_TYPE, LIST_DEFINITION, PARAMETER_GROUP, SEQUENCE_NUM, CREATED_BY, DATE_CREATED, MODIFIED_BY, DATE_MODIFIED, VERSION, COLLECTION_NAME, DEFAULT_VALUE) 
            values (2050,4005,'participantStatus','PARTICIPANT_STATUS_FIELD','participantStatusList','selectPicklist','picklist.participantstatus','PARTICIPANTS',6,5661,to_date('20-AUG-12','DD-MON-RR'),5661,to_date('20-AUG-12','DD-MON-RR'),0,'participantStatusList','active');
        Insert into TMP_REPORT_PARAMETER (REPORT_PARAMETER_ID, REPORT_ID, PARAMETER_NAME, PARAMETER_CM_KEY, DATABASE_COLUMN, PARAMETER_TYPE, LIST_DEFINITION, PARAMETER_GROUP, SEQUENCE_NUM, CREATED_BY, DATE_CREATED, MODIFIED_BY, DATE_MODIFIED, VERSION, COLLECTION_NAME, DEFAULT_VALUE) 
            values (2051,4005,'jobPosition','JOB_POSITION_FIELD','positionTypeList','selectPicklist','picklist.positiontype','PARTICIPANTS',7,5661,to_date('20-AUG-12','DD-MON-RR'),5661,to_date('20-AUG-12','DD-MON-RR'),0,'jobPositionTypeList','show_all');
        Insert into TMP_REPORT_PARAMETER (REPORT_PARAMETER_ID, REPORT_ID, PARAMETER_NAME, PARAMETER_CM_KEY, DATABASE_COLUMN, PARAMETER_TYPE, LIST_DEFINITION, PARAMETER_GROUP, SEQUENCE_NUM, CREATED_BY, DATE_CREATED, MODIFIED_BY, DATE_MODIFIED, VERSION, COLLECTION_NAME, DEFAULT_VALUE) 
            values (2052,4005,'department','DEPARTMENT_FIELD','departmentTypeList','multiSelectPick','picklist.department.type','PARTICIPANTS',8,5661,to_date('20-AUG-12','DD-MON-RR'),5661,to_date('20-AUG-12','DD-MON-RR'),0,'departmentTypeList','show_all');
        Insert into TMP_REPORT_PARAMETER (REPORT_PARAMETER_ID, REPORT_ID, PARAMETER_NAME, PARAMETER_CM_KEY, DATABASE_COLUMN, PARAMETER_TYPE, LIST_DEFINITION, PARAMETER_GROUP, SEQUENCE_NUM, CREATED_BY, DATE_CREATED, MODIFIED_BY, DATE_MODIFIED, VERSION, COLLECTION_NAME, DEFAULT_VALUE) 
            values (2053,4005,'submittedType','SUBMITTED','submittedTypeList','selectPicklist','picklist.submitted.type','EXPORT_SELECTION',9,5661,to_date('20-AUG-12','DD-MON-RR'),5661,to_date('20-AUG-12','DD-MON-RR'),0,'submittedTypeList','have');
        Insert into TMP_REPORT_PARAMETER (REPORT_PARAMETER_ID, REPORT_ID, PARAMETER_NAME, PARAMETER_CM_KEY, DATABASE_COLUMN, PARAMETER_TYPE, LIST_DEFINITION, PARAMETER_GROUP, SEQUENCE_NUM, CREATED_BY, DATE_CREATED, MODIFIED_BY, DATE_MODIFIED, VERSION, COLLECTION_NAME, DEFAULT_VALUE) 
            values (2054,4005,'countryId','COUNTRY_FIELD','countryList','multiSelectQuery','com.biperf.core.domain.country.processParameterValueChoices.allLiveCountries','PARTICIPANTS',10,5661,to_date('20-AUG-12','DD-MON-RR'),5661,to_date('20-AUG-12','DD-MON-RR'),0,'countryList','show_all');
    
    --Budget Balance Report
       Insert into TMP_REPORT (REPORT_ID,REPORT_CODE, CM_ASSET_CODE, REPORT_NAME_CM_KEY, REPORT_CATEGORY_TYPE, MODULE, REPORT_DESCRIPTION_CM_KEY, REPORT_URL, IS_ACTIVE, CREATED_BY, DATE_CREATED, VERSION, FORCE_PARAMETERS, EXPORT_ONLY)
          values (4006,'budgetBalance','report.budget.balance','REPORT_NAME', 'core', 'core', 'REPORT_DESCRIPTION', '/reports/displayBudgetBalanceReport.do?method=displaySummaryReport', 1, 0, sysdate, 0, 1, 0);    
           --Budget Balance Charts
           Insert into TMP_REPORT_CHART (REPORT_CHART_ID, CAPTION_CM_KEY, SUBCAPTION_CM_KEY, CHART_DATA_URL, REPORT_ID, SHOW_LABELS, SHOW_LEGEND, ENABLE_SMART_LABELS, SHOW_PERCENT_VALUES, X_AXIS_NAME_CM_KEY, Y_AXIS_NAME_CM_KEY, SEQUENCE_NUM, DISPLAY_LIMIT, CREATED_BY, DATE_CREATED, VERSION, CHART_TYPE)
               values (3029, 'UTILIZATION_PERCENT_CHART_CAPTION', 'UTILIZATION_PERCENT_CHART_SUBCAPTION', '/reports/displayBudgetBalanceReport.do?method=displayUtilizationPercentageChart', 4006, 1, 1, 0, 1, 'PROMO_NAME', null, 0, 20, 0, sysdate, 0, 'StackedBar3D');
        Insert into TMP_REPORT_CHART (REPORT_CHART_ID, CAPTION_CM_KEY, SUBCAPTION_CM_KEY, CHART_DATA_URL, REPORT_ID, SHOW_LABELS, SHOW_LEGEND, ENABLE_SMART_LABELS, SHOW_PERCENT_VALUES, X_AXIS_NAME_CM_KEY, Y_AXIS_NAME_CM_KEY, SEQUENCE_NUM, DISPLAY_LIMIT, CREATED_BY, DATE_CREATED, VERSION, CHART_TYPE)
               values (3030, 'PROMOTION_TOTALS_CHART_CAPTION', 'PROMOTION_TOTALS_CHART_SUBCAPTION', '/reports/displayBudgetBalanceReport.do?method=displayPromotionBudgetChart', 4006, 1, 1, 0, 0, 'BUDGET_BAL_CHART_X_AXIS_NAME', null, 1, 20, 0, sysdate, 0, 'MSColumn3D');
        Insert into TMP_REPORT_CHART (REPORT_CHART_ID, CAPTION_CM_KEY, SUBCAPTION_CM_KEY, CHART_DATA_URL, REPORT_ID, SHOW_LABELS, SHOW_LEGEND, ENABLE_SMART_LABELS, SHOW_PERCENT_VALUES, X_AXIS_NAME_CM_KEY, Y_AXIS_NAME_CM_KEY, SEQUENCE_NUM, DISPLAY_LIMIT, CREATED_BY, DATE_CREATED, VERSION, CHART_TYPE)
               values (3031, 'UTILIZATION_LEVEL_CHART_CAPTION', 'UTILIZATION_LEVEL_CHART_SUBCAPTION', '/reports/displayBudgetBalanceReport.do?method=displayUtilizationLevelChart', 4006, 1, 1, 0, 0, 'BUDGET_UTIL_CHART_X_AXIS_NAME', null, 2, 20, 0, sysdate, 0, 'StackedColumn3D');
        --Report Parameters
        Insert into TMP_REPORT_PARAMETER (REPORT_PARAMETER_ID, REPORT_ID, PARAMETER_NAME, PARAMETER_CM_KEY, DATABASE_COLUMN, PARAMETER_TYPE, LIST_DEFINITION, PARAMETER_GROUP, SEQUENCE_NUM, CREATED_BY, DATE_CREATED, MODIFIED_BY, DATE_MODIFIED, VERSION, COLLECTION_NAME, DEFAULT_VALUE, ADMIN_SELECT_ONLY) 
            values (2055,4006,'viewCountryId','VIEW_AS_COUNTRY_FIELD','countryList','selectQuery','com.biperf.core.domain.country.processParameterValueChoices.allLiveCountries','BASICS',0,5661,sysdate,null,null,0,'countryList',NULL,1);
        Insert into TMP_REPORT_PARAMETER (REPORT_PARAMETER_ID, REPORT_ID, PARAMETER_NAME, PARAMETER_CM_KEY, DATABASE_COLUMN, PARAMETER_TYPE, LIST_DEFINITION, PARAMETER_GROUP, SEQUENCE_NUM, CREATED_BY, DATE_CREATED, MODIFIED_BY, DATE_MODIFIED, VERSION, COLLECTION_NAME, DEFAULT_VALUE, HIDE_SHOW_ALL_OPTION) 
            values (2056,4006,'budgetDistribution','BUDGET_DISTRIBUTION_FIELD','budgetDistributionTypeList','selectPicklist','picklist.budgetdistributiontype','BASICS',1,5661,sysdate,null,null,0,'budgetDistributionTypeList','one_to_one', 1);
        Insert into TMP_REPORT_PARAMETER (REPORT_PARAMETER_ID, REPORT_ID, PARAMETER_NAME, PARAMETER_CM_KEY, DATABASE_COLUMN, PARAMETER_TYPE, LIST_DEFINITION, PARAMETER_GROUP, SEQUENCE_NUM, CREATED_BY, DATE_CREATED, MODIFIED_BY, DATE_MODIFIED, VERSION, COLLECTION_NAME, DEFAULT_VALUE) 
            values (2057,4006,'budgetStatus','BUDGET_STATUS_FIELD','budgetStatusTypeList','selectPicklist','picklist.budgetstatustype','BASICS',2,5661,sysdate,null,null,0,'budgetStatusTypeList','show_all');
           Insert into TMP_REPORT_PARAMETER (REPORT_PARAMETER_ID, REPORT_ID, PARAMETER_NAME, PARAMETER_CM_KEY, DATABASE_COLUMN, PARAMETER_TYPE, LIST_DEFINITION, PARAMETER_GROUP, SEQUENCE_NUM, CREATED_BY, DATE_CREATED, MODIFIED_BY, DATE_MODIFIED, VERSION, COLLECTION_NAME, DEFAULT_VALUE) 
            values (2058,4006,'promotionStatus','PROMOTION_STATUS_FIELD','reportPromotionStatusTypeList','selectPicklist','picklist.reportpromotion.statustype','BASICS',3,5661,sysdate,null,null,0,'reportPromotionStatusTypeList','live');
        Insert into TMP_REPORT_PARAMETER (REPORT_PARAMETER_ID, REPORT_ID, PARAMETER_NAME, PARAMETER_CM_KEY, DATABASE_COLUMN, PARAMETER_TYPE, LIST_DEFINITION, PARAMETER_GROUP, SEQUENCE_NUM, CREATED_BY, DATE_CREATED, MODIFIED_BY, DATE_MODIFIED, VERSION, COLLECTION_NAME, DEFAULT_VALUE, DISPLAY_ON_DASHBOARD) 
            values (2059,4006,'fromDate','START_FIELD','DATE_SUBMITTED','datePicker',null,'TIME_FRAME',4,5661,sysdate,null,null,0,null, '01/01/2012', 1);
        Insert into TMP_REPORT_PARAMETER (REPORT_PARAMETER_ID, REPORT_ID, PARAMETER_NAME, PARAMETER_CM_KEY, DATABASE_COLUMN, PARAMETER_TYPE, LIST_DEFINITION, PARAMETER_GROUP, SEQUENCE_NUM, CREATED_BY, DATE_CREATED, MODIFIED_BY, DATE_MODIFIED, VERSION, COLLECTION_NAME, DEFAULT_VALUE, DISPLAY_ON_DASHBOARD) 
            values (2060,4006,'toDate','END_FIELD','DATE_SUBMITTED','datePicker',null,'TIME_FRAME',5,5661,sysdate,null,null,0,null, '12/31/2012', 1);
        Insert into TMP_REPORT_PARAMETER (REPORT_PARAMETER_ID, REPORT_ID, PARAMETER_NAME, PARAMETER_CM_KEY, DATABASE_COLUMN, PARAMETER_TYPE, LIST_DEFINITION, PARAMETER_GROUP, SEQUENCE_NUM, CREATED_BY, DATE_CREATED, MODIFIED_BY, DATE_MODIFIED, VERSION, COLLECTION_NAME, DEFAULT_VALUE, DISPLAY_ON_DASHBOARD) 
            values (2061,4006,'parentNodeId','ORG_NAME','organizationList','selectQuery','com.biperf.core.domain.node.processParameterValueChoices.NodesAsHierarchyByUser','PARTICIPANTS',6,5661,sysdate,null,null,0,'organizationList','show_all', 1);
           Insert into TMP_REPORT_PARAMETER (REPORT_PARAMETER_ID, REPORT_ID, PARAMETER_NAME, PARAMETER_CM_KEY, DATABASE_COLUMN, PARAMETER_TYPE, LIST_DEFINITION, PARAMETER_GROUP, SEQUENCE_NUM, CREATED_BY, DATE_CREATED, MODIFIED_BY, DATE_MODIFIED, VERSION, COLLECTION_NAME, DEFAULT_VALUE, DISPLAY_ON_DASHBOARD) 
            values (2062,4006,'promotionId','PROMOTION_FIELD','promotionTypeList','multiSelectQuery','com.biperf.core.domain.node.reportParameterValueChoices.allLivePromotions','BASICS',7,5661,sysdate,null,null,0,'promotionTypeList','show_all', 1);
        -- This filter won't be displayed on the screen. It is only used to save the chart to dashboard    
           Insert into TMP_REPORT_PARAMETER (REPORT_PARAMETER_ID, REPORT_ID, PARAMETER_NAME, PARAMETER_CM_KEY, DATABASE_COLUMN, PARAMETER_TYPE, LIST_DEFINITION, PARAMETER_GROUP, SEQUENCE_NUM, CREATED_BY, DATE_CREATED, MODIFIED_BY, DATE_MODIFIED, VERSION, COLLECTION_NAME, DEFAULT_VALUE) 
            values (2063,4006,'countryRatio','COUNTRY_RATIO','COUNTRY_RATIO','hidden',null,'Hidden',8,5661,sysdate,null,null,0,'COUNTRY_RATIO',null);
                   
      --Enrollment Activity Report
    Insert into TMP_REPORT (REPORT_ID,REPORT_CODE, CM_ASSET_CODE, REPORT_NAME_CM_KEY, REPORT_CATEGORY_TYPE, MODULE, REPORT_DESCRIPTION_CM_KEY, REPORT_URL, IS_ACTIVE, CREATED_BY, DATE_CREATED, VERSION, FORCE_PARAMETERS, EXPORT_ONLY)
          values (4007,'enrollment','report.enrollment.activity', 'REPORT_NAME', 'core', 'core', 'REPORT_DESCRIPTION', '/reports/displayEnrollmentActivityReport.do?method=displaySummaryReport', 1, 0, sysdate, 0, 0, 0);
        --Enrollment Activity Charts
          Insert into TMP_REPORT_CHART (REPORT_CHART_ID, CAPTION_CM_KEY, SUBCAPTION_CM_KEY, CHART_DATA_URL, REPORT_ID, SHOW_LABELS, SHOW_LEGEND, ENABLE_SMART_LABELS, X_AXIS_NAME_CM_KEY, Y_AXIS_NAME_CM_KEY, SEQUENCE_NUM, DISPLAY_LIMIT, CREATED_BY, DATE_CREATED, VERSION, CHART_TYPE)
               values (3032, 'TOTAL_CHART_CAPTION', 'TOTAL_CHART_SUBCAPTION', '/reports/displayEnrollmentActivityReport.do?method=displayTotalEnrollmentBarchart', 4007, 1, 1, 0, 'TOTAL_CHART_X_AXIS_NAME', 'TOTAL_CHART_Y_AXIS_NAME', 0, 20, 0, sysdate, 0, 'Column3D');
        Insert into TMP_REPORT_CHART (REPORT_CHART_ID, CAPTION_CM_KEY, SUBCAPTION_CM_KEY, CHART_DATA_URL, REPORT_ID, SHOW_LABELS, SHOW_LEGEND, ENABLE_SMART_LABELS, X_AXIS_NAME_CM_KEY, Y_AXIS_NAME_CM_KEY, SEQUENCE_NUM, DISPLAY_LIMIT, CREATED_BY, DATE_CREATED, VERSION, CHART_TYPE)
               values (3033, 'ACTIVE_CHART_CAPTION', 'ACTIVE_CHART_SUBCAPTION', '/reports/displayEnrollmentActivityReport.do?method=displayActiveInactiveBarchart', 4007, 1, 1, 0, 'ACTIVE_CHART_X_AXIS_NAME', 'ACTIVE_CHART_Y_AXIS_NAME', 1, 20, 0, sysdate, 0, 'Column3D');
        Insert into TMP_REPORT_CHART (REPORT_CHART_ID, CAPTION_CM_KEY, SUBCAPTION_CM_KEY, CHART_DATA_URL, REPORT_ID, SHOW_LABELS, SHOW_LEGEND, ENABLE_SMART_LABELS, X_AXIS_NAME_CM_KEY, Y_AXIS_NAME_CM_KEY, SEQUENCE_NUM, DISPLAY_LIMIT, CREATED_BY, DATE_CREATED, VERSION, CHART_TYPE)
               values (3034, 'STATUS_CHART_CAPTION', 'STATUS_CHART_SUBCAPTION', '/reports/displayEnrollmentActivityReport.do?method=displayEnrollmentPercentageBarchart', 4007, 1, 1, 0, 'STATUS_CHART_X_AXIS_NAME', 'STATUS_CHART_Y_AXIS_NAME', 2, 20, 0, sysdate, 0, 'StackedColumn3D');
        Insert into TMP_REPORT_CHART (REPORT_CHART_ID, CAPTION_CM_KEY, SUBCAPTION_CM_KEY, CHART_DATA_URL, REPORT_ID, SHOW_LABELS, SHOW_LEGEND, ENABLE_SMART_LABELS, SHOW_PERCENT_VALUES, X_AXIS_NAME_CM_KEY, Y_AXIS_NAME_CM_KEY, SEQUENCE_NUM, DISPLAY_LIMIT, CREATED_BY, DATE_CREATED, VERSION, CHART_TYPE)
               values (3035, 'PIE_CHART_CAPTION', 'PIE_CHART_SUBCAPTION', '/reports/displayEnrollmentActivityReport.do?method=displayPiechart', 4007, 0, 1, 0, 1, null, null, 3, 20, 0, sysdate, 0, 'Pie2D');
        --Report Parameters
        Insert into TMP_REPORT_PARAMETER (REPORT_PARAMETER_ID, REPORT_ID, PARAMETER_NAME, PARAMETER_CM_KEY, DATABASE_COLUMN, PARAMETER_TYPE, LIST_DEFINITION, PARAMETER_GROUP, SEQUENCE_NUM, CREATED_BY, DATE_CREATED, MODIFIED_BY, DATE_MODIFIED, VERSION, COLLECTION_NAME, DEFAULT_VALUE, DISPLAY_ON_DASHBOARD) 
            values (2064,4007,'fromDate','START_FIELD','DATE_SUBMITTED','datePicker',null,'TIME_FRAME',0,5661,to_date('20-AUG-12','DD-MON-RR'),5661,to_date('20-AUG-12','DD-MON-RR'),0,null, '01/01/2012', 1);
        Insert into TMP_REPORT_PARAMETER (REPORT_PARAMETER_ID, REPORT_ID, PARAMETER_NAME, PARAMETER_CM_KEY, DATABASE_COLUMN, PARAMETER_TYPE, LIST_DEFINITION, PARAMETER_GROUP, SEQUENCE_NUM, CREATED_BY, DATE_CREATED, MODIFIED_BY, DATE_MODIFIED, VERSION, COLLECTION_NAME, DEFAULT_VALUE, DISPLAY_ON_DASHBOARD) 
            values (2065,4007,'toDate','END_FIELD','DATE_SUBMITTED','datePicker',null,'TIME_FRAME',1,5661,to_date('20-AUG-12','DD-MON-RR'),5661,to_date('20-AUG-12','DD-MON-RR'),0,null, '12/31/2012', 1);
        Insert into TMP_REPORT_PARAMETER (REPORT_PARAMETER_ID, REPORT_ID, PARAMETER_NAME, PARAMETER_CM_KEY, DATABASE_COLUMN, PARAMETER_TYPE, LIST_DEFINITION, PARAMETER_GROUP, SEQUENCE_NUM, CREATED_BY, DATE_CREATED, MODIFIED_BY, DATE_MODIFIED, VERSION, COLLECTION_NAME, DEFAULT_VALUE, DISPLAY_ON_DASHBOARD) 
            values (2066,4007,'parentNodeId','ORG_NAME','organizationList','selectQuery','com.biperf.core.domain.node.processParameterValueChoices.NodesAsHierarchyByUser','PARTICIPANTS',2,5661,to_date('20-AUG-12','DD-MON-RR'),5661,to_date('20-AUG-12','DD-MON-RR'),0,'organizationList','show_all', 1);
        Insert into TMP_REPORT_PARAMETER (REPORT_PARAMETER_ID, REPORT_ID, PARAMETER_NAME, PARAMETER_CM_KEY, DATABASE_COLUMN, PARAMETER_TYPE, LIST_DEFINITION, PARAMETER_GROUP, SEQUENCE_NUM, CREATED_BY, DATE_CREATED, MODIFIED_BY, DATE_MODIFIED, VERSION, COLLECTION_NAME, DEFAULT_VALUE) 
            values (2067,4007,'department','DEPARTMENT_FIELD','departmentTypeList','multiSelectPick','picklist.department.type','PARTICIPANTS',3,5661,to_date('20-AUG-12','DD-MON-RR'),5661,to_date('20-AUG-12','DD-MON-RR'),0,'departmentTypeList','show_all');
        Insert into TMP_REPORT_PARAMETER (REPORT_PARAMETER_ID, REPORT_ID, PARAMETER_NAME, PARAMETER_CM_KEY, DATABASE_COLUMN, PARAMETER_TYPE, LIST_DEFINITION, PARAMETER_GROUP, SEQUENCE_NUM, CREATED_BY, DATE_CREATED, MODIFIED_BY, DATE_MODIFIED, VERSION, COLLECTION_NAME, DEFAULT_VALUE) 
            values (2068,4007,'jobPosition','JOB_POSITION_FIELD','positionTypeList','selectPicklist','picklist.positiontype','PARTICIPANTS',4,5661,to_date('20-AUG-12','DD-MON-RR'),5661,to_date('20-AUG-12','DD-MON-RR'),0,'jobPositionTypeList','show_all');
        Insert into TMP_REPORT_PARAMETER (REPORT_PARAMETER_ID, REPORT_ID, PARAMETER_NAME, PARAMETER_CM_KEY, DATABASE_COLUMN, PARAMETER_TYPE, LIST_DEFINITION, PARAMETER_GROUP, SEQUENCE_NUM, CREATED_BY, DATE_CREATED, MODIFIED_BY, DATE_MODIFIED, VERSION, COLLECTION_NAME, DEFAULT_VALUE) 
            values (2069,4007,'role','ROLE','roleTypeList','selectPicklist','picklist.hierarchyrole.type','PARTICIPANTS',5,5661,to_date('20-AUG-12','DD-MON-RR'),5661,to_date('20-AUG-12','DD-MON-RR'),0,'roleTypeList','show_all');
        Insert into TMP_REPORT_PARAMETER (REPORT_PARAMETER_ID, REPORT_ID, PARAMETER_NAME, PARAMETER_CM_KEY, DATABASE_COLUMN, PARAMETER_TYPE, LIST_DEFINITION, PARAMETER_GROUP, SEQUENCE_NUM, CREATED_BY, DATE_CREATED, MODIFIED_BY, DATE_MODIFIED, VERSION, COLLECTION_NAME, DEFAULT_VALUE) 
            values (2070,4007,'participantStatus','PARTICIPANT_STATUS_FIELD','participantStatusList','selectPicklist','picklist.participantstatus','PARTICIPANTS',6,5661,to_date('20-AUG-12','DD-MON-RR'),5661,to_date('20-AUG-12','DD-MON-RR'),0,'participantStatusList','show_all');
        Insert into TMP_REPORT_PARAMETER (REPORT_PARAMETER_ID, REPORT_ID, PARAMETER_NAME, PARAMETER_CM_KEY, DATABASE_COLUMN, PARAMETER_TYPE, LIST_DEFINITION, PARAMETER_GROUP, SEQUENCE_NUM, CREATED_BY, DATE_CREATED, MODIFIED_BY, DATE_MODIFIED, VERSION, COLLECTION_NAME, DEFAULT_VALUE) 
            values (2071,4007,'countryId','COUNTRY_FIELD','countryList','multiSelectQuery','com.biperf.core.domain.country.processParameterValueChoices.allLiveCountries','PARTICIPANTS',7,5661,to_date('20-AUG-12','DD-MON-RR'),5661,to_date('20-AUG-12','DD-MON-RR'),0,'countryList','show_all');
            
    --Nomination Behaviors Report    
      Insert into TMP_REPORT (REPORT_ID,REPORT_CODE, CM_ASSET_CODE,REPORT_NAME_CM_KEY,REPORT_CATEGORY_TYPE,MODULE, REPORT_DESCRIPTION_CM_KEY,REPORT_URL,IS_ACTIVE,CREATED_BY,DATE_CREATED,MODIFIED_BY,DATE_MODIFIED,VERSION, FORCE_PARAMETERS, EXPORT_ONLY) 
          values (4008,'nomBehaviors','report.nomination.behaviors','REPORT_NAME','nomination','install.nominations','REPORT_DESCRIPTION','/reports/displayNominationBehaviorsReport.do?method=displaySummaryReport',1,0,sysdate,null,null,0, 1, 0);
        --Nomination Behaviors Summary Charts
        Insert into TMP_REPORT_CHART (REPORT_CHART_ID, CAPTION_CM_KEY, SUBCAPTION_CM_KEY, CHART_DATA_URL, REPORT_ID, SHOW_LABELS, SHOW_LEGEND, ENABLE_SMART_LABELS, SHOW_PERCENT_VALUES, X_AXIS_NAME_CM_KEY, Y_AXIS_NAME_CM_KEY, SEQUENCE_NUM, DISPLAY_LIMIT, CREATED_BY, DATE_CREATED, VERSION, CHART_TYPE)
            values (3036, 'PIECHART_CAPTION', 'PIECHART_SUBCAPTION', '/reports/displayNominationBehaviorsReport.do?method=displayPiechart', 4008, 0, 1, 0, 1, null, null, 0, 20, 0, sysdate, 0, 'Pie2D');
        Insert into TMP_REPORT_CHART (REPORT_CHART_ID, CAPTION_CM_KEY, SUBCAPTION_CM_KEY, CHART_DATA_URL, REPORT_ID, SHOW_LABELS, SHOW_LEGEND, ENABLE_SMART_LABELS, X_AXIS_NAME_CM_KEY, Y_AXIS_NAME_CM_KEY, SEQUENCE_NUM, DISPLAY_LIMIT, CREATED_BY, DATE_CREATED, VERSION, CHART_TYPE)
            values (3037, 'BARCHART_CAPTION', 'BARCHART_SUBCAPTION', '/reports/displayNominationBehaviorsReport.do?method=displayBarchart', 4008, 1, 0, 0, null, 'BARCHART_Y_AXIS_NAME', 1, 20, 0, sysdate, 0, 'Bar2D');
        --Report Parameters
        Insert into TMP_REPORT_PARAMETER (REPORT_PARAMETER_ID, REPORT_ID, PARAMETER_NAME, PARAMETER_CM_KEY, DATABASE_COLUMN, PARAMETER_TYPE, LIST_DEFINITION, PARAMETER_GROUP, SEQUENCE_NUM, CREATED_BY, DATE_CREATED, MODIFIED_BY, DATE_MODIFIED, VERSION, COLLECTION_NAME, DEFAULT_VALUE) 
            values (2072,4008,'promotionStatus','PROMOTION_STATUS_FIELD','reportPromotionStatusTypeList','selectPicklist','picklist.reportpromotion.statustype','BASICS',0,5661,to_date('20-AUG-12','DD-MON-RR'),5661,to_date('20-AUG-12','DD-MON-RR'),0,'reportPromotionStatusTypeList','live');
        Insert into TMP_REPORT_PARAMETER (REPORT_PARAMETER_ID, REPORT_ID, PARAMETER_NAME, PARAMETER_CM_KEY, DATABASE_COLUMN, PARAMETER_TYPE, LIST_DEFINITION, PARAMETER_GROUP, SEQUENCE_NUM, CREATED_BY, DATE_CREATED, MODIFIED_BY, DATE_MODIFIED, VERSION, COLLECTION_NAME, DEFAULT_VALUE, DISPLAY_ON_DASHBOARD) 
            values (2073,4008,'promotionId','PROMOTION_FIELD','promotionTypeList','selectQuery','com.biperf.core.domain.node.reportParameterValueChoices.allLiveNominationPromotions','BASICS',1,5661,to_date('20-AUG-12','DD-MON-RR'),5661,to_date('20-AUG-12','DD-MON-RR'),0,'promotionTypeList','show_all', 1);
        Insert into TMP_REPORT_PARAMETER (REPORT_PARAMETER_ID, REPORT_ID, PARAMETER_NAME, PARAMETER_CM_KEY, DATABASE_COLUMN, PARAMETER_TYPE, LIST_DEFINITION, PARAMETER_GROUP, SEQUENCE_NUM, CREATED_BY, DATE_CREATED, MODIFIED_BY, DATE_MODIFIED, VERSION, COLLECTION_NAME, DEFAULT_VALUE, DISPLAY_ON_DASHBOARD) 
            values (2074,4008,'fromDate','START_FIELD','DATE_SUBMITTED','datePicker',null,'TIME_FRAME',2,5661,to_date('20-AUG-12','DD-MON-RR'),5661,to_date('20-AUG-12','DD-MON-RR'),0,null, '01/01/2012', 1);
        Insert into TMP_REPORT_PARAMETER (REPORT_PARAMETER_ID, REPORT_ID, PARAMETER_NAME, PARAMETER_CM_KEY, DATABASE_COLUMN, PARAMETER_TYPE, LIST_DEFINITION, PARAMETER_GROUP, SEQUENCE_NUM, CREATED_BY, DATE_CREATED, MODIFIED_BY, DATE_MODIFIED, VERSION, COLLECTION_NAME, DEFAULT_VALUE, DISPLAY_ON_DASHBOARD) 
            values (2075,4008,'toDate','END_FIELD','DATE_SUBMITTED','datePicker',null,'TIME_FRAME',3,5661,to_date('20-AUG-12','DD-MON-RR'),5661,to_date('20-AUG-12','DD-MON-RR'),0,null, '12/31/2012', 1);
        Insert into TMP_REPORT_PARAMETER (REPORT_PARAMETER_ID, REPORT_ID, PARAMETER_NAME, PARAMETER_CM_KEY, DATABASE_COLUMN, PARAMETER_TYPE, LIST_DEFINITION, PARAMETER_GROUP, SEQUENCE_NUM, CREATED_BY, DATE_CREATED, MODIFIED_BY, DATE_MODIFIED, VERSION, COLLECTION_NAME, DEFAULT_VALUE, DISPLAY_ON_DASHBOARD) 
            values (2076,4008,'parentNodeId','ORG_NAME','organizationList','selectQuery','com.biperf.core.domain.node.processParameterValueChoices.NodesAsHierarchyByUser','PARTICIPANTS',4,5661,to_date('20-AUG-12','DD-MON-RR'),5661,to_date('20-AUG-12','DD-MON-RR'),0,'organizationList','show_all', 1);
        Insert into TMP_REPORT_PARAMETER (REPORT_PARAMETER_ID, REPORT_ID, PARAMETER_NAME, PARAMETER_CM_KEY, DATABASE_COLUMN, PARAMETER_TYPE, LIST_DEFINITION, PARAMETER_GROUP, SEQUENCE_NUM, CREATED_BY, DATE_CREATED, MODIFIED_BY, DATE_MODIFIED, VERSION, COLLECTION_NAME, DEFAULT_VALUE) 
            values (2077,4008,'department','DEPARTMENT_FIELD','departmentTypeList','multiSelectPick','picklist.department.type','PARTICIPANTS',5,5661,to_date('20-AUG-12','DD-MON-RR'),5661,to_date('20-AUG-12','DD-MON-RR'),0,'departmentTypeList','show_all');
        Insert into TMP_REPORT_PARAMETER (REPORT_PARAMETER_ID, REPORT_ID, PARAMETER_NAME, PARAMETER_CM_KEY, DATABASE_COLUMN, PARAMETER_TYPE, LIST_DEFINITION, PARAMETER_GROUP, SEQUENCE_NUM, CREATED_BY, DATE_CREATED, MODIFIED_BY, DATE_MODIFIED, VERSION, COLLECTION_NAME, DEFAULT_VALUE) 
            values (2078,4008,'jobPosition','JOB_POSITION_FIELD','positionTypeList','selectPicklist','picklist.positiontype','PARTICIPANTS',6,5661,to_date('20-AUG-12','DD-MON-RR'),5661,to_date('20-AUG-12','DD-MON-RR'),0,'jobPositionTypeList','show_all');
        Insert into TMP_REPORT_PARAMETER (REPORT_PARAMETER_ID, REPORT_ID, PARAMETER_NAME, PARAMETER_CM_KEY, DATABASE_COLUMN, PARAMETER_TYPE, LIST_DEFINITION, PARAMETER_GROUP, SEQUENCE_NUM, CREATED_BY, DATE_CREATED, MODIFIED_BY, DATE_MODIFIED, VERSION, COLLECTION_NAME, DEFAULT_VALUE) 
            values (2079,4008,'participantStatus','PARTICIPANT_STATUS_FIELD','participantStatusList','selectPicklist','picklist.participantstatus','PARTICIPANTS',7,5661,to_date('20-AUG-12','DD-MON-RR'),5661,to_date('20-AUG-12','DD-MON-RR'),0,'participantStatusList','active');
        Insert into TMP_REPORT_PARAMETER (REPORT_PARAMETER_ID, REPORT_ID, PARAMETER_NAME, PARAMETER_CM_KEY, DATABASE_COLUMN, PARAMETER_TYPE, LIST_DEFINITION, PARAMETER_GROUP, SEQUENCE_NUM, CREATED_BY, DATE_CREATED, MODIFIED_BY, DATE_MODIFIED, VERSION, COLLECTION_NAME, DEFAULT_VALUE, HIDE_SHOW_ALL_OPTION) 
            values (2080,4008,'submittedOrReceived','SUBMTED_RCVD_FIELD','submittedReceivedList','selectPicklist','picklist.submitted.received.type','BASICS',8,5661,to_date('20-AUG-12','DD-MON-RR'),5661,to_date('20-AUG-12','DD-MON-RR'),0,'submittedReceivedList','giver', 1);
            
      --Nomination Receivers Report    
      Insert into TMP_REPORT (REPORT_ID,REPORT_CODE, CM_ASSET_CODE,REPORT_NAME_CM_KEY,REPORT_CATEGORY_TYPE,MODULE,REPORT_DESCRIPTION_CM_KEY,REPORT_URL,IS_ACTIVE,CREATED_BY,DATE_CREATED,MODIFIED_BY,DATE_MODIFIED,VERSION, FORCE_PARAMETERS, EXPORT_ONLY) 
          values (4009,'nomReceiverSummary','report.nomination.receivers','REPORT_NAME','nomination','install.nominations','REPORT_DESCRIPTION','/reports/displayNominationReceiverReport.do?method=displaySummaryReport',1,0,sysdate,null,null,0, 0, 0);
        --Nomination Receivers Chart
          Insert into TMP_REPORT_CHART (REPORT_CHART_ID, CAPTION_CM_KEY, SUBCAPTION_CM_KEY, CHART_DATA_URL, REPORT_ID, SHOW_LABELS, SHOW_LEGEND, ENABLE_SMART_LABELS, X_AXIS_NAME_CM_KEY, Y_AXIS_NAME_CM_KEY, SEQUENCE_NUM, DISPLAY_LIMIT, CREATED_BY, DATE_CREATED, VERSION, CHART_TYPE)
            values (3038, 'NOMINATIONS_CHART_CAPTION', 'NOMINATIONS_CHART_SUBCAPTION', '/reports/displayNominationReceiverReport.do?method=displayNominationsReceivedByMonth', 4009, 1, 0, 0, 'NOMINATIONS_CHART_X_AXIS_NAME', 'NOMINATIONS_CHART_Y_AXIS_NAME', 0, 20, 0, sysdate, 0, 'Column3D');
        Insert into TMP_REPORT_CHART (REPORT_CHART_ID, CAPTION_CM_KEY, SUBCAPTION_CM_KEY, CHART_DATA_URL, REPORT_ID, SHOW_LABELS, SHOW_LEGEND, ENABLE_SMART_LABELS, X_AXIS_NAME_CM_KEY, Y_AXIS_NAME_CM_KEY, SEQUENCE_NUM, DISPLAY_LIMIT, CREATED_BY, DATE_CREATED, VERSION, CHART_TYPE)
            values (3039, 'NOMINEES_CHART_CAPTION', 'NOMINEES_CHART_SUBCAPTION', '/reports/displayNominationReceiverReport.do?method=displayNominationsReceivedByOrg', 4009, 1, 0, 0, 'NOMINEES_CHART_X_AXIS_NAME', 'NOMINEES_CHART_Y_AXIS_NAME', 1, 20, 0, sysdate, 0, 'Column3D');
        Insert into TMP_REPORT_CHART (REPORT_CHART_ID, CAPTION_CM_KEY, SUBCAPTION_CM_KEY, CHART_DATA_URL, REPORT_ID, SHOW_LABELS, SHOW_LEGEND, ENABLE_SMART_LABELS, X_AXIS_NAME_CM_KEY, Y_AXIS_NAME_CM_KEY, SEQUENCE_NUM, DISPLAY_LIMIT, CREATED_BY, DATE_CREATED, VERSION, CHART_TYPE)
            values (3040, 'STATUS_CHART_CAPTION', 'STATUS_CHART_SUBCAPTION', '/reports/displayNominationReceiverReport.do?method=displayNominationsReceivedByApprovalStatus', 4009, 1, 0, 0, 'STATUS_CHART_X_AXIS_NAME', 'STATUS_CHART_Y_AXIS_NAME', 2, 20, 0, sysdate, 0, 'MSColumn3D');
        Insert into TMP_REPORT_CHART (REPORT_CHART_ID, CAPTION_CM_KEY, SUBCAPTION_CM_KEY, CHART_DATA_URL, REPORT_ID, SHOW_LABELS, SHOW_LEGEND, ENABLE_SMART_LABELS, X_AXIS_NAME_CM_KEY, Y_AXIS_NAME_CM_KEY, SEQUENCE_NUM, DISPLAY_LIMIT, CREATED_BY, DATE_CREATED, VERSION, CHART_TYPE)
            values (3041, 'POINTS_CHART_CAPTION', 'POINTS_CHART_SUBCAPTION', '/reports/displayNominationReceiverReport.do?method=displayNominationsReceivedPointsByPromo', 4009, 1, 0, 0, 'POINTS_CHART_X_AXIS_NAME', 'POINTS_CHART_Y_AXIS_NAME', 3, 20, 0, sysdate, 0, 'Column3D');
        --Report Parameters
        Insert into TMP_REPORT_PARAMETER (REPORT_PARAMETER_ID, REPORT_ID, PARAMETER_NAME, PARAMETER_CM_KEY, DATABASE_COLUMN, PARAMETER_TYPE, LIST_DEFINITION, PARAMETER_GROUP, SEQUENCE_NUM, CREATED_BY, DATE_CREATED, MODIFIED_BY, DATE_MODIFIED, VERSION, COLLECTION_NAME, DEFAULT_VALUE) 
            values (2081,4009,'promotionStatus','PROMOTION_STATUS_FIELD','reportPromotionStatusTypeList','selectPicklist','picklist.reportpromotion.statustype','BASICS',0,5661,to_date('20-AUG-12','DD-MON-RR'),5661,to_date('20-AUG-12','DD-MON-RR'),0,'reportPromotionStatusTypeList','live');
        Insert into TMP_REPORT_PARAMETER (REPORT_PARAMETER_ID, REPORT_ID, PARAMETER_NAME, PARAMETER_CM_KEY, DATABASE_COLUMN, PARAMETER_TYPE, LIST_DEFINITION, PARAMETER_GROUP, SEQUENCE_NUM, CREATED_BY, DATE_CREATED, MODIFIED_BY, DATE_MODIFIED, VERSION, COLLECTION_NAME, DEFAULT_VALUE, DISPLAY_ON_DASHBOARD) 
            values (2082,4009,'promotionId','PROMOTION_FIELD','promotionTypeList','multiSelectQuery','com.biperf.core.domain.node.reportParameterValueChoices.allLiveNominationPromotions','BASICS',1,5661,to_date('20-AUG-12','DD-MON-RR'),5661,to_date('20-AUG-12','DD-MON-RR'),0,'promotionTypeList','show_all', 1);
        Insert into TMP_REPORT_PARAMETER (REPORT_PARAMETER_ID, REPORT_ID, PARAMETER_NAME, PARAMETER_CM_KEY, DATABASE_COLUMN, PARAMETER_TYPE, LIST_DEFINITION, PARAMETER_GROUP, SEQUENCE_NUM, CREATED_BY, DATE_CREATED, MODIFIED_BY, DATE_MODIFIED, VERSION, COLLECTION_NAME, DEFAULT_VALUE, DISPLAY_ON_DASHBOARD) 
            values (2083,4009,'fromDate','START_FIELD','DATE_SUBMITTED','datePicker',null,'TIME_FRAME',2,5661,to_date('20-AUG-12','DD-MON-RR'),5661,to_date('20-AUG-12','DD-MON-RR'),0,null, '01/01/2012', 1);
        Insert into TMP_REPORT_PARAMETER (REPORT_PARAMETER_ID, REPORT_ID, PARAMETER_NAME, PARAMETER_CM_KEY, DATABASE_COLUMN, PARAMETER_TYPE, LIST_DEFINITION, PARAMETER_GROUP, SEQUENCE_NUM, CREATED_BY, DATE_CREATED, MODIFIED_BY, DATE_MODIFIED, VERSION, COLLECTION_NAME, DEFAULT_VALUE, DISPLAY_ON_DASHBOARD) 
            values (2084,4009,'toDate','END_FIELD','DATE_SUBMITTED','datePicker',null,'TIME_FRAME',3,5661,to_date('20-AUG-12','DD-MON-RR'),5661,to_date('20-AUG-12','DD-MON-RR'),0,null, '12/31/2012', 1);
        Insert into TMP_REPORT_PARAMETER (REPORT_PARAMETER_ID, REPORT_ID, PARAMETER_NAME, PARAMETER_CM_KEY, DATABASE_COLUMN, PARAMETER_TYPE, LIST_DEFINITION, PARAMETER_GROUP, SEQUENCE_NUM, CREATED_BY, DATE_CREATED, MODIFIED_BY, DATE_MODIFIED, VERSION, COLLECTION_NAME, DEFAULT_VALUE, DISPLAY_ON_DASHBOARD) 
            values (2085,4009,'parentNodeId','ORG_NAME','organizationList','selectQuery','com.biperf.core.domain.node.processParameterValueChoices.NodesAsHierarchyByUser','PARTICIPANTS',4,5661,to_date('20-AUG-12','DD-MON-RR'),5661,to_date('20-AUG-12','DD-MON-RR'),0,'organizationList','show_all', 1);
        Insert into TMP_REPORT_PARAMETER (REPORT_PARAMETER_ID, REPORT_ID, PARAMETER_NAME, PARAMETER_CM_KEY, DATABASE_COLUMN, PARAMETER_TYPE, LIST_DEFINITION, PARAMETER_GROUP, SEQUENCE_NUM, CREATED_BY, DATE_CREATED, MODIFIED_BY, DATE_MODIFIED, VERSION, COLLECTION_NAME, DEFAULT_VALUE) 
            values (2086,4009,'department','DEPARTMENT_FIELD','departmentTypeList','multiSelectPick','picklist.department.type','PARTICIPANTS',5,5661,to_date('20-AUG-12','DD-MON-RR'),5661,to_date('20-AUG-12','DD-MON-RR'),0,'departmentTypeList','show_all');
        Insert into TMP_REPORT_PARAMETER (REPORT_PARAMETER_ID, REPORT_ID, PARAMETER_NAME, PARAMETER_CM_KEY, DATABASE_COLUMN, PARAMETER_TYPE, LIST_DEFINITION, PARAMETER_GROUP, SEQUENCE_NUM, CREATED_BY, DATE_CREATED, MODIFIED_BY, DATE_MODIFIED, VERSION, COLLECTION_NAME, DEFAULT_VALUE) 
            values (2087,4009,'jobPosition','JOB_POSITION_FIELD','positionTypeList','selectPicklist','picklist.positiontype','PARTICIPANTS',6,5661,to_date('20-AUG-12','DD-MON-RR'),5661,to_date('20-AUG-12','DD-MON-RR'),0,'jobPositionTypeList','show_all');
        Insert into TMP_REPORT_PARAMETER (REPORT_PARAMETER_ID, REPORT_ID, PARAMETER_NAME, PARAMETER_CM_KEY, DATABASE_COLUMN, PARAMETER_TYPE, LIST_DEFINITION, PARAMETER_GROUP, SEQUENCE_NUM, CREATED_BY, DATE_CREATED, MODIFIED_BY, DATE_MODIFIED, VERSION, COLLECTION_NAME, DEFAULT_VALUE) 
            values (2088,4009,'participantStatus','PARTICIPANT_STATUS_FIELD','participantStatusList','selectPicklist','picklist.participantstatus','PARTICIPANTS',7,5661,to_date('20-AUG-12','DD-MON-RR'),5661,to_date('20-AUG-12','DD-MON-RR'),0,'participantStatusList','active');
        Insert into TMP_REPORT_PARAMETER (REPORT_PARAMETER_ID, REPORT_ID, PARAMETER_NAME, PARAMETER_CM_KEY, DATABASE_COLUMN, PARAMETER_TYPE, LIST_DEFINITION, PARAMETER_GROUP, SEQUENCE_NUM, CREATED_BY, DATE_CREATED, MODIFIED_BY, DATE_MODIFIED, VERSION, COLLECTION_NAME, DEFAULT_VALUE) 
            values (2089,4009,'receivedType','RECEIVED_FIELD','receivedTypeList','selectPicklist','picklist.received.type','EXPORT_SELECTION',8,5661,to_date('20-AUG-12','DD-MON-RR'),5661,to_date('20-AUG-12','DD-MON-RR'),0,'receivedTypeList','have');
        Insert into TMP_REPORT_PARAMETER (REPORT_PARAMETER_ID, REPORT_ID, PARAMETER_NAME, PARAMETER_CM_KEY, DATABASE_COLUMN, PARAMETER_TYPE, LIST_DEFINITION, PARAMETER_GROUP, SEQUENCE_NUM, CREATED_BY, DATE_CREATED, MODIFIED_BY, DATE_MODIFIED, VERSION, COLLECTION_NAME, DEFAULT_VALUE) 
            values (2090,4009,'countryId','COUNTRY_FIELD','countryList','multiSelectQuery','com.biperf.core.domain.country.processParameterValueChoices.allLiveCountries','PARTICIPANTS',9,5661,to_date('20-AUG-12','DD-MON-RR'),5661,to_date('20-AUG-12','DD-MON-RR'),0,'countryList','show_all');

      --Nomination Received by Org Report    
      Insert into TMP_REPORT (REPORT_ID,REPORT_CODE, CM_ASSET_CODE,REPORT_NAME_CM_KEY,REPORT_CATEGORY_TYPE,MODULE,REPORT_DESCRIPTION_CM_KEY,REPORT_URL,IS_ACTIVE,CREATED_BY,DATE_CREATED,MODIFIED_BY,DATE_MODIFIED,VERSION, FORCE_PARAMETERS, EXPORT_ONLY) 
          values (4010,'nomReceivedByOrg','report.nomination.receivedbyorg','REPORT_NAME','nomination','install.nominations','REPORT_DESCRIPTION','/reports/displayNominationReceivedByOrgReport.do?method=displaySummaryReport',1,0,sysdate,null,null,0, 0, 0);
        --Nomination Received by Org Charts
          Insert into TMP_REPORT_CHART (REPORT_CHART_ID, CAPTION_CM_KEY, SUBCAPTION_CM_KEY, CHART_DATA_URL, REPORT_ID, SHOW_LABELS, SHOW_LEGEND, ENABLE_SMART_LABELS, X_AXIS_NAME_CM_KEY, Y_AXIS_NAME_CM_KEY, SEQUENCE_NUM, DISPLAY_LIMIT, CREATED_BY, DATE_CREATED, VERSION, CHART_TYPE)
            values (3042, 'NOMINATIONS_CHART_CAPTION', 'NOMINATIONS_CHART_SUBCAPTION', '/reports/displayNominationReceivedByOrgReport.do?method=displayNominationsReceivedByMonth', 4010, 1, 0, 0, 'MONTH_CHART_X_AXIS_NAME', 'MONTH_CHART_Y_AXIS_NAME', 0, 20, 0, sysdate, 0, 'Column3D');
        Insert into TMP_REPORT_CHART (REPORT_CHART_ID, CAPTION_CM_KEY, SUBCAPTION_CM_KEY, CHART_DATA_URL, REPORT_ID, SHOW_LABELS, SHOW_LEGEND, ENABLE_SMART_LABELS, X_AXIS_NAME_CM_KEY, Y_AXIS_NAME_CM_KEY, SEQUENCE_NUM, DISPLAY_LIMIT, CREATED_BY, DATE_CREATED, VERSION, CHART_TYPE)
            values (3043, 'NOMINEES_CHART_CAPTION', 'NOMINEES_CHART_SUBCAPTION', '/reports/displayNominationReceivedByOrgReport.do?method=displayNominationsReceivedByOrg', 4010, 1, 0, 0, 'NOMINEES_CHART_X_AXIS_NAME', 'NOMINEES_CHART_Y_AXIS_NAME', 1, 20, 0, sysdate, 0, 'Column3D');
        Insert into TMP_REPORT_CHART (REPORT_CHART_ID, CAPTION_CM_KEY, SUBCAPTION_CM_KEY, CHART_DATA_URL, REPORT_ID, SHOW_LABELS, SHOW_LEGEND, ENABLE_SMART_LABELS, X_AXIS_NAME_CM_KEY, Y_AXIS_NAME_CM_KEY, SEQUENCE_NUM, DISPLAY_LIMIT, CREATED_BY, DATE_CREATED, VERSION, CHART_TYPE)
            values (3044, 'POINTS_CHART_CAPTION', 'POINTS_CHART_SUBCAPTION', '/reports/displayNominationReceivedByOrgReport.do?method=displayNominationsReceivedPointsByPromo', 4010, 1, 0, 0, 'POINTS_CHART_X_AXIS_NAME', 'POINTS_CHART_Y_AXIS_NAME', 2, 20, 0, sysdate, 0, 'Column3D');
        --Report Parameters
        Insert into TMP_REPORT_PARAMETER (REPORT_PARAMETER_ID, REPORT_ID, PARAMETER_NAME, PARAMETER_CM_KEY, DATABASE_COLUMN, PARAMETER_TYPE, LIST_DEFINITION, PARAMETER_GROUP, SEQUENCE_NUM, CREATED_BY, DATE_CREATED, MODIFIED_BY, DATE_MODIFIED, VERSION, COLLECTION_NAME, DEFAULT_VALUE) 
            values (2091,4010,'promotionStatus','PROMOTION_STATUS_FIELD','reportPromotionStatusTypeList','selectPicklist','picklist.reportpromotion.statustype','BASICS',0,5661,to_date('20-AUG-12','DD-MON-RR'),5661,to_date('20-AUG-12','DD-MON-RR'),0,'reportPromotionStatusTypeList','live');
        Insert into TMP_REPORT_PARAMETER (REPORT_PARAMETER_ID, REPORT_ID, PARAMETER_NAME, PARAMETER_CM_KEY, DATABASE_COLUMN, PARAMETER_TYPE, LIST_DEFINITION, PARAMETER_GROUP, SEQUENCE_NUM, CREATED_BY, DATE_CREATED, MODIFIED_BY, DATE_MODIFIED, VERSION, COLLECTION_NAME, DEFAULT_VALUE, DISPLAY_ON_DASHBOARD) 
            values (2092,4010,'promotionId','PROMOTION_FIELD','promotionTypeList','multiSelectQuery','com.biperf.core.domain.node.reportParameterValueChoices.allLiveNominationPromotions','BASICS',1,5661,to_date('20-AUG-12','DD-MON-RR'),5661,to_date('20-AUG-12','DD-MON-RR'),0,'promotionTypeList','show_all', 1);
        Insert into TMP_REPORT_PARAMETER (REPORT_PARAMETER_ID, REPORT_ID, PARAMETER_NAME, PARAMETER_CM_KEY, DATABASE_COLUMN, PARAMETER_TYPE, LIST_DEFINITION, PARAMETER_GROUP, SEQUENCE_NUM, CREATED_BY, DATE_CREATED, MODIFIED_BY, DATE_MODIFIED, VERSION, COLLECTION_NAME, DEFAULT_VALUE, DISPLAY_ON_DASHBOARD) 
            values (2093,4010,'fromDate','START_FIELD','DATE_SUBMITTED','datePicker',null,'TIME_FRAME',2,5661,to_date('20-AUG-12','DD-MON-RR'),5661,to_date('20-AUG-12','DD-MON-RR'),0,null, '01/01/2012', 1);
        Insert into TMP_REPORT_PARAMETER (REPORT_PARAMETER_ID, REPORT_ID, PARAMETER_NAME, PARAMETER_CM_KEY, DATABASE_COLUMN, PARAMETER_TYPE, LIST_DEFINITION, PARAMETER_GROUP, SEQUENCE_NUM, CREATED_BY, DATE_CREATED, MODIFIED_BY, DATE_MODIFIED, VERSION, COLLECTION_NAME, DEFAULT_VALUE, DISPLAY_ON_DASHBOARD) 
            values (2094,4010,'toDate','END_FIELD','DATE_SUBMITTED','datePicker',null,'TIME_FRAME',3,5661,to_date('20-AUG-12','DD-MON-RR'),5661,to_date('20-AUG-12','DD-MON-RR'),0,null, '12/31/2012', 1);
        Insert into TMP_REPORT_PARAMETER (REPORT_PARAMETER_ID, REPORT_ID, PARAMETER_NAME, PARAMETER_CM_KEY, DATABASE_COLUMN, PARAMETER_TYPE, LIST_DEFINITION, PARAMETER_GROUP, SEQUENCE_NUM, CREATED_BY, DATE_CREATED, MODIFIED_BY, DATE_MODIFIED, VERSION, COLLECTION_NAME, DEFAULT_VALUE) 
            values (2095,4010,'parentNodeId','ORG_NAME','organizationList','selectQuery','com.biperf.core.domain.node.processParameterValueChoices.NodesAsHierarchyByUser','PARTICIPANTS',4,5661,to_date('20-AUG-12','DD-MON-RR'),5661,to_date('20-AUG-12','DD-MON-RR'),0,'organizationList','show_all');
        Insert into TMP_REPORT_PARAMETER (REPORT_PARAMETER_ID, REPORT_ID, PARAMETER_NAME, PARAMETER_CM_KEY, DATABASE_COLUMN, PARAMETER_TYPE, LIST_DEFINITION, PARAMETER_GROUP, SEQUENCE_NUM, CREATED_BY, DATE_CREATED, MODIFIED_BY, DATE_MODIFIED, VERSION, COLLECTION_NAME, DEFAULT_VALUE) 
            values (2096,4010,'department','DEPARTMENT_FIELD','departmentTypeList','multiSelectPick','picklist.department.type','PARTICIPANTS',5,5661,to_date('20-AUG-12','DD-MON-RR'),5661,to_date('20-AUG-12','DD-MON-RR'),0,'departmentTypeList','show_all');
        Insert into TMP_REPORT_PARAMETER (REPORT_PARAMETER_ID, REPORT_ID, PARAMETER_NAME, PARAMETER_CM_KEY, DATABASE_COLUMN, PARAMETER_TYPE, LIST_DEFINITION, PARAMETER_GROUP, SEQUENCE_NUM, CREATED_BY, DATE_CREATED, MODIFIED_BY, DATE_MODIFIED, VERSION, COLLECTION_NAME, DEFAULT_VALUE) 
            values (2097,4010,'jobPosition','JOB_POSITION_FIELD','positionTypeList','selectPicklist','picklist.positiontype','PARTICIPANTS',6,5661,to_date('20-AUG-12','DD-MON-RR'),5661,to_date('20-AUG-12','DD-MON-RR'),0,'jobPositionTypeList','show_all');
        Insert into TMP_REPORT_PARAMETER (REPORT_PARAMETER_ID, REPORT_ID, PARAMETER_NAME, PARAMETER_CM_KEY, DATABASE_COLUMN, PARAMETER_TYPE, LIST_DEFINITION, PARAMETER_GROUP, SEQUENCE_NUM, CREATED_BY, DATE_CREATED, MODIFIED_BY, DATE_MODIFIED, VERSION, COLLECTION_NAME, DEFAULT_VALUE) 
            values (2098,4010,'participantStatus','PARTICIPANT_STATUS_FIELD','participantStatusList','selectPicklist','picklist.participantstatus','PARTICIPANTS',7,5661,to_date('20-AUG-12','DD-MON-RR'),5661,to_date('20-AUG-12','DD-MON-RR'),0,'participantStatusList','active');
        Insert into TMP_REPORT_PARAMETER (REPORT_PARAMETER_ID, REPORT_ID, PARAMETER_NAME, PARAMETER_CM_KEY, DATABASE_COLUMN, PARAMETER_TYPE, LIST_DEFINITION, PARAMETER_GROUP, SEQUENCE_NUM, CREATED_BY, DATE_CREATED, MODIFIED_BY, DATE_MODIFIED, VERSION, COLLECTION_NAME, DEFAULT_VALUE) 
            values (2099,4010,'receivedType','RECEIVED_FIELD','receivedTypeList','selectPicklist','picklist.received.type','EXPORT_SELECTION',8,5661,to_date('20-AUG-12','DD-MON-RR'),5661,to_date('20-AUG-12','DD-MON-RR'),0,'receivedTypeList','have');
        Insert into TMP_REPORT_PARAMETER (REPORT_PARAMETER_ID, REPORT_ID, PARAMETER_NAME, PARAMETER_CM_KEY, DATABASE_COLUMN, PARAMETER_TYPE, LIST_DEFINITION, PARAMETER_GROUP, SEQUENCE_NUM, CREATED_BY, DATE_CREATED, MODIFIED_BY, DATE_MODIFIED, VERSION, COLLECTION_NAME, DEFAULT_VALUE) 
            values (2100,4010,'countryId','COUNTRY_FIELD','countryList','multiSelectQuery','com.biperf.core.domain.country.processParameterValueChoices.allLiveCountries','PARTICIPANTS',9,5661,to_date('20-AUG-12','DD-MON-RR'),5661,to_date('20-AUG-12','DD-MON-RR'),0,'countryList','show_all');
            
      --Nomination Giver Report 
      Insert into TMP_REPORT (REPORT_ID,REPORT_CODE, CM_ASSET_CODE,REPORT_NAME_CM_KEY,REPORT_CATEGORY_TYPE,MODULE,REPORT_DESCRIPTION_CM_KEY,REPORT_URL,IS_ACTIVE,CREATED_BY,DATE_CREATED,MODIFIED_BY,DATE_MODIFIED,VERSION, FORCE_PARAMETERS, EXPORT_ONLY) 
          values (4011,'nomGiverSummary','report.nomination.givers','REPORT_NAME','nomination','install.nominations','REPORT_DESCRIPTION','/reports/displayNominationGiverReport.do?method=displaySummaryReport',1,0,sysdate,null,null,0, 0, 0);
        --Nomination Giver Summary Charts          
        Insert into TMP_REPORT_CHART (REPORT_CHART_ID, CAPTION_CM_KEY, SUBCAPTION_CM_KEY, CHART_DATA_URL, REPORT_ID, SHOW_LABELS, SHOW_LEGEND, ENABLE_SMART_LABELS, X_AXIS_NAME_CM_KEY, Y_AXIS_NAME_CM_KEY, SEQUENCE_NUM, DISPLAY_LIMIT, CREATED_BY, DATE_CREATED, VERSION, CHART_TYPE)
            values (3045, 'TOTAL_CHART_CAPTION', 'TOTAL_CHART_SUBCAPTION', '/reports/displayNominationGiverReport.do?method=displayTotalNominationsGivenChart', 4011, 1, 1, 0, 'TOTAL_CHART_X_AXIS_NAME', 'TOTAL_CHART_Y_AXIS_NAME', 0, 20, 0, sysdate, 0, 'Column3D');
        Insert into TMP_REPORT_CHART (REPORT_CHART_ID, CAPTION_CM_KEY, SUBCAPTION_CM_KEY, CHART_DATA_URL, REPORT_ID, SHOW_LABELS, SHOW_LEGEND, ENABLE_SMART_LABELS, X_AXIS_NAME_CM_KEY, Y_AXIS_NAME_CM_KEY, SEQUENCE_NUM, DISPLAY_LIMIT, CREATED_BY, DATE_CREATED, VERSION, CHART_TYPE)
            values (3046, 'MONTHLY_CHART_CAPTION', 'MONTHLY_CHART_SUBCAPTION', '/reports/displayNominationGiverReport.do?method=displayTotalNominationsGivenByMonthChart', 4011, 1, 1, 0, 'MONTHLY_CHART_X_AXIS_NAME', 'MONTHLY_CHART_Y_AXIS_NAME', 1, 20, 0, sysdate, 0, 'Column3D');
        Insert into TMP_REPORT_CHART (REPORT_CHART_ID, CAPTION_CM_KEY, SUBCAPTION_CM_KEY, CHART_DATA_URL, REPORT_ID, SHOW_LABELS, SHOW_LEGEND, ENABLE_SMART_LABELS, X_AXIS_NAME_CM_KEY, Y_AXIS_NAME_CM_KEY, SEQUENCE_NUM, DISPLAY_LIMIT, CREATED_BY, DATE_CREATED, VERSION, CHART_TYPE)
            values (3047, 'UNIQUE_CHART_CAPTION', 'UNIQUE_CHART_SUBCAPTION', '/reports/displayNominationGiverReport.do?method=displayTotalUniqueNominatorsChart', 4011, 1, 1, 0, 'UNIQUE_CHART_X_AXIS_NAME', 'UNIQUE_CHART_Y_AXIS_NAME', 2, 20, 0, sysdate, 0, 'Column3D');
        Insert into TMP_REPORT_CHART (REPORT_CHART_ID, CAPTION_CM_KEY, SUBCAPTION_CM_KEY, CHART_DATA_URL, REPORT_ID, SHOW_LABELS, SHOW_LEGEND, ENABLE_SMART_LABELS, X_AXIS_NAME_CM_KEY, Y_AXIS_NAME_CM_KEY, SEQUENCE_NUM, DISPLAY_LIMIT, CREATED_BY, DATE_CREATED, VERSION, CHART_TYPE)
            values (3048, 'POINTS_CHART_CAPTION', 'POINTS_CHART_SUBCAPTION', '/reports/displayNominationGiverReport.do?method=displayNominationsGivenPointsIssuedChart', 4011, 1, 1, 0, 'POINTS_CHART_X_AXIS_NAME', 'POINTS_CHART_Y_AXIS_NAME', 3, 20, 0, sysdate, 0, 'Column3D');    
        Insert into TMP_REPORT_CHART (REPORT_CHART_ID, CAPTION_CM_KEY, SUBCAPTION_CM_KEY, CHART_DATA_URL, REPORT_ID, SHOW_LABELS, SHOW_LEGEND, ENABLE_SMART_LABELS, X_AXIS_NAME_CM_KEY, Y_AXIS_NAME_CM_KEY, SEQUENCE_NUM, DISPLAY_LIMIT, CREATED_BY, DATE_CREATED, VERSION, CHART_TYPE)
            values (3049, 'PROMOTION_CHART_CAPTION', 'PROMOTION_CHART_SUBCAPTION', '/reports/displayNominationGiverReport.do?method=displayTotalNominationsGivenByPromotionChart', 4011, 1, 1, 0, 'PROMOTION_CHART_X_AXIS_NAME', 'PROMOTION_CHART_Y_AXIS_NAME', 4, 20, 0, sysdate, 0, 'Column3D');
        --Report Parameters
        Insert into TMP_REPORT_PARAMETER (REPORT_PARAMETER_ID, REPORT_ID, PARAMETER_NAME, PARAMETER_CM_KEY, DATABASE_COLUMN, PARAMETER_TYPE, LIST_DEFINITION, PARAMETER_GROUP, SEQUENCE_NUM, CREATED_BY, DATE_CREATED, MODIFIED_BY, DATE_MODIFIED, VERSION, COLLECTION_NAME, DEFAULT_VALUE) 
            values (2101,4011,'promotionStatus','PROMOTION_STATUS_FIELD','reportPromotionStatusTypeList','selectPicklist','picklist.reportpromotion.statustype','BASICS',0,5661,to_date('20-AUG-12','DD-MON-RR'),5661,to_date('20-AUG-12','DD-MON-RR'),0,'reportPromotionStatusTypeList','live');
        Insert into TMP_REPORT_PARAMETER (REPORT_PARAMETER_ID, REPORT_ID, PARAMETER_NAME, PARAMETER_CM_KEY, DATABASE_COLUMN, PARAMETER_TYPE, LIST_DEFINITION, PARAMETER_GROUP, SEQUENCE_NUM, CREATED_BY, DATE_CREATED, MODIFIED_BY, DATE_MODIFIED, VERSION, COLLECTION_NAME, DEFAULT_VALUE, DISPLAY_ON_DASHBOARD) 
            values (2102,4011,'promotionId','PROMOTION_FIELD','promotionTypeList','multiSelectQuery','com.biperf.core.domain.node.reportParameterValueChoices.allLiveNominationPromotions','BASICS',1,5661,to_date('20-AUG-12','DD-MON-RR'),5661,to_date('20-AUG-12','DD-MON-RR'),0,'promotionTypeList','show_all', 1);
        Insert into TMP_REPORT_PARAMETER (REPORT_PARAMETER_ID, REPORT_ID, PARAMETER_NAME, PARAMETER_CM_KEY, DATABASE_COLUMN, PARAMETER_TYPE, LIST_DEFINITION, PARAMETER_GROUP, SEQUENCE_NUM, CREATED_BY, DATE_CREATED, MODIFIED_BY, DATE_MODIFIED, VERSION, COLLECTION_NAME, DEFAULT_VALUE, DISPLAY_ON_DASHBOARD) 
            values (2103,4011,'fromDate','START_FIELD','DATE_SUBMITTED','datePicker',null,'TIME_FRAME',2,5661,to_date('20-AUG-12','DD-MON-RR'),5661,to_date('20-AUG-12','DD-MON-RR'),0,null, '01/01/2012', 1);
        Insert into TMP_REPORT_PARAMETER (REPORT_PARAMETER_ID, REPORT_ID, PARAMETER_NAME, PARAMETER_CM_KEY, DATABASE_COLUMN, PARAMETER_TYPE, LIST_DEFINITION, PARAMETER_GROUP, SEQUENCE_NUM, CREATED_BY, DATE_CREATED, MODIFIED_BY, DATE_MODIFIED, VERSION, COLLECTION_NAME, DEFAULT_VALUE, DISPLAY_ON_DASHBOARD) 
            values (2104,4011,'toDate','END_FIELD','DATE_SUBMITTED','datePicker',null,'TIME_FRAME',3,5661,to_date('20-AUG-12','DD-MON-RR'),5661,to_date('20-AUG-12','DD-MON-RR'),0,null, '12/31/2012', 1);
        Insert into TMP_REPORT_PARAMETER (REPORT_PARAMETER_ID, REPORT_ID, PARAMETER_NAME, PARAMETER_CM_KEY, DATABASE_COLUMN, PARAMETER_TYPE, LIST_DEFINITION, PARAMETER_GROUP, SEQUENCE_NUM, CREATED_BY, DATE_CREATED, MODIFIED_BY, DATE_MODIFIED, VERSION, COLLECTION_NAME, DEFAULT_VALUE, DISPLAY_ON_DASHBOARD) 
            values (2105,4011,'parentNodeId','ORG_NAME','organizationList','selectQuery','com.biperf.core.domain.node.processParameterValueChoices.NodesAsHierarchyByUser','PARTICIPANTS',4,5661,to_date('20-AUG-12','DD-MON-RR'),5661,to_date('20-AUG-12','DD-MON-RR'),0,'organizationList','show_all', 1);
        Insert into TMP_REPORT_PARAMETER (REPORT_PARAMETER_ID, REPORT_ID, PARAMETER_NAME, PARAMETER_CM_KEY, DATABASE_COLUMN, PARAMETER_TYPE, LIST_DEFINITION, PARAMETER_GROUP, SEQUENCE_NUM, CREATED_BY, DATE_CREATED, MODIFIED_BY, DATE_MODIFIED, VERSION, COLLECTION_NAME, DEFAULT_VALUE) 
            values (2106,4011,'department','DEPARTMENT_FIELD','departmentTypeList','multiSelectPick','picklist.department.type','PARTICIPANTS',5,5661,to_date('20-AUG-12','DD-MON-RR'),5661,to_date('20-AUG-12','DD-MON-RR'),0,'departmentTypeList','show_all');
        Insert into TMP_REPORT_PARAMETER (REPORT_PARAMETER_ID, REPORT_ID, PARAMETER_NAME, PARAMETER_CM_KEY, DATABASE_COLUMN, PARAMETER_TYPE, LIST_DEFINITION, PARAMETER_GROUP, SEQUENCE_NUM, CREATED_BY, DATE_CREATED, MODIFIED_BY, DATE_MODIFIED, VERSION, COLLECTION_NAME, DEFAULT_VALUE) 
            values (2107,4011,'jobPosition','JOB_POSITION_FIELD','positionTypeList','selectPicklist','picklist.positiontype','PARTICIPANTS',6,5661,to_date('20-AUG-12','DD-MON-RR'),5661,to_date('20-AUG-12','DD-MON-RR'),0,'jobPositionTypeList','show_all');
        Insert into TMP_REPORT_PARAMETER (REPORT_PARAMETER_ID, REPORT_ID, PARAMETER_NAME, PARAMETER_CM_KEY, DATABASE_COLUMN, PARAMETER_TYPE, LIST_DEFINITION, PARAMETER_GROUP, SEQUENCE_NUM, CREATED_BY, DATE_CREATED, MODIFIED_BY, DATE_MODIFIED, VERSION, COLLECTION_NAME, DEFAULT_VALUE) 
            values (2108,4011,'participantStatus','PARTICIPANT_STATUS_FIELD','participantStatusList','selectPicklist','picklist.participantstatus','PARTICIPANTS',7,5661,to_date('20-AUG-12','DD-MON-RR'),5661,to_date('20-AUG-12','DD-MON-RR'),0,'participantStatusList','active');
        Insert into TMP_REPORT_PARAMETER (REPORT_PARAMETER_ID, REPORT_ID, PARAMETER_NAME, PARAMETER_CM_KEY, DATABASE_COLUMN, PARAMETER_TYPE, LIST_DEFINITION, PARAMETER_GROUP, SEQUENCE_NUM, CREATED_BY, DATE_CREATED, MODIFIED_BY, DATE_MODIFIED, VERSION, COLLECTION_NAME, DEFAULT_VALUE) 
            values (2109,4011,'submittedType','SUBMITTED','submittedTypeList','selectPicklist','picklist.submitted.type','EXPORT_SELECTION',8,5661,to_date('20-AUG-12','DD-MON-RR'),5661,to_date('20-AUG-12','DD-MON-RR'),0,'submittedTypeList','have');
        Insert into TMP_REPORT_PARAMETER (REPORT_PARAMETER_ID, REPORT_ID, PARAMETER_NAME, PARAMETER_CM_KEY, DATABASE_COLUMN, PARAMETER_TYPE, LIST_DEFINITION, PARAMETER_GROUP, SEQUENCE_NUM, CREATED_BY, DATE_CREATED, MODIFIED_BY, DATE_MODIFIED, VERSION, COLLECTION_NAME, DEFAULT_VALUE) 
            values (2110,4011,'countryId','COUNTRY_FIELD','countryList','multiSelectQuery','com.biperf.core.domain.country.processParameterValueChoices.allLiveCountries','PARTICIPANTS',9,5661,to_date('20-AUG-12','DD-MON-RR'),5661,to_date('20-AUG-12','DD-MON-RR'),0,'countryList','show_all');

      --Nomination Given By Org Report 
      Insert into TMP_REPORT (REPORT_ID,REPORT_CODE, CM_ASSET_CODE,REPORT_NAME_CM_KEY,REPORT_CATEGORY_TYPE,MODULE,REPORT_DESCRIPTION_CM_KEY,REPORT_URL,IS_ACTIVE,CREATED_BY,DATE_CREATED,MODIFIED_BY,DATE_MODIFIED,VERSION, FORCE_PARAMETERS, EXPORT_ONLY) 
          values (4012,'nomGivenByOrg','report.nomination.givenbyorg','REPORT_NAME','nomination','install.nominations','REPORT_DESCRIPTION','/reports/displayNominationGivenByOrgReport.do?method=displaySummaryReport',1,0,sysdate,null,null,0, 0, 0);
        --Nomination Given by Org Charts          
        Insert into TMP_REPORT_CHART (REPORT_CHART_ID, CAPTION_CM_KEY, SUBCAPTION_CM_KEY, CHART_DATA_URL, REPORT_ID, SHOW_LABELS, SHOW_LEGEND, ENABLE_SMART_LABELS, X_AXIS_NAME_CM_KEY, Y_AXIS_NAME_CM_KEY, SEQUENCE_NUM, DISPLAY_LIMIT, CREATED_BY, DATE_CREATED, VERSION, CHART_TYPE)
            values (3050, 'TOTAL_CHART_CAPTION', 'TOTAL_CHART_SUBCAPTION', '/reports/displayNominationGivenByOrgReport.do?method=displayTotalNominationsGivenChart', 4012, 1, 1, 0, 'TOTAL_CHART_X_AXIS_NAME', 'TOTAL_CHART_Y_AXIS_NAME', 0, 20, 0, sysdate, 0, 'Column3D');
        Insert into TMP_REPORT_CHART (REPORT_CHART_ID, CAPTION_CM_KEY, SUBCAPTION_CM_KEY, CHART_DATA_URL, REPORT_ID, SHOW_LABELS, SHOW_LEGEND, ENABLE_SMART_LABELS, X_AXIS_NAME_CM_KEY, Y_AXIS_NAME_CM_KEY, SEQUENCE_NUM, DISPLAY_LIMIT, CREATED_BY, DATE_CREATED, VERSION, CHART_TYPE)
            values (3051, 'PROMOTION_CHART_CAPTION', 'PROMOTION_CHART_SUBCAPTION', '/reports/displayNominationGivenByOrgReport.do?method=displayTotalNominationsGivenByPromotionChart', 4012, 1, 1, 0, 'PROMOTION_CHART_X_AXIS_NAME', 'PROMOTION_CHART_Y_AXIS_NAME', 1, 20, 0, sysdate, 0, 'Column3D');
        Insert into TMP_REPORT_CHART (REPORT_CHART_ID, CAPTION_CM_KEY, SUBCAPTION_CM_KEY, CHART_DATA_URL, REPORT_ID, SHOW_LABELS, SHOW_LEGEND, ENABLE_SMART_LABELS, X_AXIS_NAME_CM_KEY, Y_AXIS_NAME_CM_KEY, SEQUENCE_NUM, DISPLAY_LIMIT, CREATED_BY, DATE_CREATED, VERSION, CHART_TYPE)
            values (3052, 'POINTS_CHART_CAPTION', 'POINTS_CHART_SUBCAPTION', '/reports/displayNominationGivenByOrgReport.do?method=displayNominationsGivenPointsIssuedChart', 4012, 1, 1, 0, 'POINTS_CHART_X_AXIS_NAME', 'POINTS_CHART_Y_AXIS_NAME', 2, 20, 0, sysdate, 0, 'Column3D');    

        --Report Parameters
        Insert into TMP_REPORT_PARAMETER (REPORT_PARAMETER_ID, REPORT_ID, PARAMETER_NAME, PARAMETER_CM_KEY, DATABASE_COLUMN, PARAMETER_TYPE, LIST_DEFINITION, PARAMETER_GROUP, SEQUENCE_NUM, CREATED_BY, DATE_CREATED, MODIFIED_BY, DATE_MODIFIED, VERSION, COLLECTION_NAME, DEFAULT_VALUE) 
            values (2111,4012,'promotionStatus','PROMOTION_STATUS_FIELD','reportPromotionStatusTypeList','selectPicklist','picklist.reportpromotion.statustype','BASICS',0,5661,to_date('20-AUG-12','DD-MON-RR'),5661,to_date('20-AUG-12','DD-MON-RR'),0,'reportPromotionStatusTypeList','live');
        Insert into TMP_REPORT_PARAMETER (REPORT_PARAMETER_ID, REPORT_ID, PARAMETER_NAME, PARAMETER_CM_KEY, DATABASE_COLUMN, PARAMETER_TYPE, LIST_DEFINITION, PARAMETER_GROUP, SEQUENCE_NUM, CREATED_BY, DATE_CREATED, MODIFIED_BY, DATE_MODIFIED, VERSION, COLLECTION_NAME, DEFAULT_VALUE, DISPLAY_ON_DASHBOARD) 
            values (2112,4012,'promotionId','PROMOTION_FIELD','promotionTypeList','multiSelectQuery','com.biperf.core.domain.node.reportParameterValueChoices.allLiveNominationPromotions','BASICS',1,5661,to_date('20-AUG-12','DD-MON-RR'),5661,to_date('20-AUG-12','DD-MON-RR'),0,'promotionTypeList','show_all', 1);
        Insert into TMP_REPORT_PARAMETER (REPORT_PARAMETER_ID, REPORT_ID, PARAMETER_NAME, PARAMETER_CM_KEY, DATABASE_COLUMN, PARAMETER_TYPE, LIST_DEFINITION, PARAMETER_GROUP, SEQUENCE_NUM, CREATED_BY, DATE_CREATED, MODIFIED_BY, DATE_MODIFIED, VERSION, COLLECTION_NAME, DEFAULT_VALUE, DISPLAY_ON_DASHBOARD) 
            values (2113,4012,'fromDate','START_FIELD','DATE_SUBMITTED','datePicker',null,'TIME_FRAME',2,5661,to_date('20-AUG-12','DD-MON-RR'),5661,to_date('20-AUG-12','DD-MON-RR'),0,null, '01/01/2012', 1);
        Insert into TMP_REPORT_PARAMETER (REPORT_PARAMETER_ID, REPORT_ID, PARAMETER_NAME, PARAMETER_CM_KEY, DATABASE_COLUMN, PARAMETER_TYPE, LIST_DEFINITION, PARAMETER_GROUP, SEQUENCE_NUM, CREATED_BY, DATE_CREATED, MODIFIED_BY, DATE_MODIFIED, VERSION, COLLECTION_NAME, DEFAULT_VALUE, DISPLAY_ON_DASHBOARD) 
            values (2114,4012,'toDate','END_FIELD','DATE_SUBMITTED','datePicker',null,'TIME_FRAME',3,5661,to_date('20-AUG-12','DD-MON-RR'),5661,to_date('20-AUG-12','DD-MON-RR'),0,null, '12/31/2012', 1);
        Insert into TMP_REPORT_PARAMETER (REPORT_PARAMETER_ID, REPORT_ID, PARAMETER_NAME, PARAMETER_CM_KEY, DATABASE_COLUMN, PARAMETER_TYPE, LIST_DEFINITION, PARAMETER_GROUP, SEQUENCE_NUM, CREATED_BY, DATE_CREATED, MODIFIED_BY, DATE_MODIFIED, VERSION, COLLECTION_NAME, DEFAULT_VALUE, DISPLAY_ON_DASHBOARD) 
            values (2115,4012,'parentNodeId','ORG_NAME','organizationList','selectQuery','com.biperf.core.domain.node.processParameterValueChoices.NodesAsHierarchyByUser','PARTICIPANTS',4,5661,to_date('20-AUG-12','DD-MON-RR'),5661,to_date('20-AUG-12','DD-MON-RR'),0,'organizationList','show_all', 1);
        Insert into TMP_REPORT_PARAMETER (REPORT_PARAMETER_ID, REPORT_ID, PARAMETER_NAME, PARAMETER_CM_KEY, DATABASE_COLUMN, PARAMETER_TYPE, LIST_DEFINITION, PARAMETER_GROUP, SEQUENCE_NUM, CREATED_BY, DATE_CREATED, MODIFIED_BY, DATE_MODIFIED, VERSION, COLLECTION_NAME, DEFAULT_VALUE) 
            values (2116,4012,'department','DEPARTMENT_FIELD','departmentTypeList','multiSelectPick','picklist.department.type','PARTICIPANTS',5,5661,to_date('20-AUG-12','DD-MON-RR'),5661,to_date('20-AUG-12','DD-MON-RR'),0,'departmentTypeList','show_all');
        Insert into TMP_REPORT_PARAMETER (REPORT_PARAMETER_ID, REPORT_ID, PARAMETER_NAME, PARAMETER_CM_KEY, DATABASE_COLUMN, PARAMETER_TYPE, LIST_DEFINITION, PARAMETER_GROUP, SEQUENCE_NUM, CREATED_BY, DATE_CREATED, MODIFIED_BY, DATE_MODIFIED, VERSION, COLLECTION_NAME, DEFAULT_VALUE) 
            values (2117,4012,'jobPosition','JOB_POSITION_FIELD','positionTypeList','selectPicklist','picklist.positiontype','PARTICIPANTS',6,5661,to_date('20-AUG-12','DD-MON-RR'),5661,to_date('20-AUG-12','DD-MON-RR'),0,'jobPositionTypeList','show_all');
        Insert into TMP_REPORT_PARAMETER (REPORT_PARAMETER_ID, REPORT_ID, PARAMETER_NAME, PARAMETER_CM_KEY, DATABASE_COLUMN, PARAMETER_TYPE, LIST_DEFINITION, PARAMETER_GROUP, SEQUENCE_NUM, CREATED_BY, DATE_CREATED, MODIFIED_BY, DATE_MODIFIED, VERSION, COLLECTION_NAME, DEFAULT_VALUE) 
            values (2118,4012,'participantStatus','PARTICIPANT_STATUS_FIELD','participantStatusList','selectPicklist','picklist.participantstatus','PARTICIPANTS',7,5661,to_date('20-AUG-12','DD-MON-RR'),5661,to_date('20-AUG-12','DD-MON-RR'),0,'participantStatusList','active');
        Insert into TMP_REPORT_PARAMETER (REPORT_PARAMETER_ID, REPORT_ID, PARAMETER_NAME, PARAMETER_CM_KEY, DATABASE_COLUMN, PARAMETER_TYPE, LIST_DEFINITION, PARAMETER_GROUP, SEQUENCE_NUM, CREATED_BY, DATE_CREATED, MODIFIED_BY, DATE_MODIFIED, VERSION, COLLECTION_NAME, DEFAULT_VALUE) 
            values (2119,4012,'submittedType','SUBMITTED','submittedTypeList','selectPicklist','picklist.submitted.type','EXPORT_SELECTION',8,5661,to_date('20-AUG-12','DD-MON-RR'),5661,to_date('20-AUG-12','DD-MON-RR'),0,'submittedTypeList','have');
        Insert into TMP_REPORT_PARAMETER (REPORT_PARAMETER_ID, REPORT_ID, PARAMETER_NAME, PARAMETER_CM_KEY, DATABASE_COLUMN, PARAMETER_TYPE, LIST_DEFINITION, PARAMETER_GROUP, SEQUENCE_NUM, CREATED_BY, DATE_CREATED, MODIFIED_BY, DATE_MODIFIED, VERSION, COLLECTION_NAME, DEFAULT_VALUE) 
            values (2120,4012,'countryId','COUNTRY_FIELD','countryList','multiSelectQuery','com.biperf.core.domain.country.processParameterValueChoices.allLiveCountries','PARTICIPANTS',9,5661,to_date('20-AUG-12','DD-MON-RR'),5661,to_date('20-AUG-12','DD-MON-RR'),0,'countryList','show_all');
            
      --Recognition Purl Activity Report 
      Insert into TMP_REPORT (REPORT_ID,REPORT_CODE, CM_ASSET_CODE,REPORT_NAME_CM_KEY,REPORT_CATEGORY_TYPE,MODULE,REPORT_DESCRIPTION_CM_KEY,REPORT_URL,IS_ACTIVE,CREATED_BY,DATE_CREATED,MODIFIED_BY,DATE_MODIFIED,VERSION, FORCE_PARAMETERS, EXPORT_ONLY) 
          values (4013,'recPurlActivity','report.recognition.purlactivity','REPORT_NAME','recognition','install.recognition','REPORT_DESCRIPTION','/reports/displayRecognitionPurlActivityReport.do?method=displaySummaryReport',1,0,sysdate,null,null,0, 0, 0);
        --Nomination Giver Summary Charts          
        Insert into TMP_REPORT_CHART (REPORT_CHART_ID, CAPTION_CM_KEY, SUBCAPTION_CM_KEY, CHART_DATA_URL, REPORT_ID, SHOW_LABELS, SHOW_LEGEND, ENABLE_SMART_LABELS, X_AXIS_NAME_CM_KEY, Y_AXIS_NAME_CM_KEY, SEQUENCE_NUM, DISPLAY_LIMIT, CREATED_BY, DATE_CREATED, VERSION, CHART_TYPE)
            values (3053, 'PURL_ACTIVITY_CHART_CAPTION', 'PURL_ACTIVITY_CHART_SUBCAPTION', '/reports/displayRecognitionPurlActivityReport.do?method=displayPurlActivityChart', 4013, 1, 1, 0, null, null, 0, 20, 5661, sysdate, 0, 'MSColumn3D');
        Insert into TMP_REPORT_CHART (REPORT_CHART_ID, CAPTION_CM_KEY, SUBCAPTION_CM_KEY, CHART_DATA_URL, REPORT_ID, SHOW_LABELS, SHOW_LEGEND, ENABLE_SMART_LABELS, X_AXIS_NAME_CM_KEY, Y_AXIS_NAME_CM_KEY, SEQUENCE_NUM, DISPLAY_LIMIT, CREATED_BY, DATE_CREATED, VERSION, CHART_TYPE)
            values (3054, 'OVERALL_CONTRIBUTORS_CHART_CAPTION', 'OVERALL_CONTRIBUTORS_CHART_SUBCAPTION', '/reports/displayRecognitionPurlActivityReport.do?method=displayOverallContributorsChart', 4013, 1, 1, 0, null, null, 1, 20, 5661, sysdate, 0, 'Bar2D');
        Insert into TMP_REPORT_CHART (REPORT_CHART_ID, CAPTION_CM_KEY, SUBCAPTION_CM_KEY, CHART_DATA_URL, REPORT_ID, SHOW_LABELS, SHOW_LEGEND, ENABLE_SMART_LABELS, X_AXIS_NAME_CM_KEY, Y_AXIS_NAME_CM_KEY, SEQUENCE_NUM, DISPLAY_LIMIT, CREATED_BY, DATE_CREATED, VERSION, CHART_TYPE)
            values (3055, 'PURL_RECIPIENTS_CHART_CAPTION', 'PURL_RECIPIENTS_CHART_SUBCAPTION', '/reports/displayRecognitionPurlActivityReport.do?method=displayPurlRecipientsChart', 4013, 1, 1, 0, null, null, 2, 20, 5661, sysdate, 0, 'Column3D');
        --Report Parameters
        Insert into TMP_REPORT_PARAMETER (REPORT_PARAMETER_ID, REPORT_ID, PARAMETER_NAME, PARAMETER_CM_KEY, DATABASE_COLUMN, PARAMETER_TYPE, LIST_DEFINITION, PARAMETER_GROUP, SEQUENCE_NUM, CREATED_BY, DATE_CREATED, MODIFIED_BY, DATE_MODIFIED, VERSION, COLLECTION_NAME, DEFAULT_VALUE) 
            values (2121,4013,'promotionStatus','PROMOTION_STATUS_FIELD','reportPromotionStatusTypeList','selectPicklist','picklist.reportpromotion.statustype','BASICS',0,5661,to_date('20-AUG-12','DD-MON-RR'),5661,to_date('20-AUG-12','DD-MON-RR'),0,'reportPromotionStatusTypeList','live');
        Insert into TMP_REPORT_PARAMETER (REPORT_PARAMETER_ID, REPORT_ID, PARAMETER_NAME, PARAMETER_CM_KEY, DATABASE_COLUMN, PARAMETER_TYPE, LIST_DEFINITION, PARAMETER_GROUP, SEQUENCE_NUM, CREATED_BY, DATE_CREATED, MODIFIED_BY, DATE_MODIFIED, VERSION, COLLECTION_NAME, DEFAULT_VALUE, DISPLAY_ON_DASHBOARD) 
            values (2122,4013,'promotionId','PROMOTION_FIELD','promotionTypeList','multiSelectQuery','com.biperf.core.domain.node.reportParameterValueChoices.allLiveRecognitionPromotions','BASICS',1,5661,to_date('20-AUG-12','DD-MON-RR'),5661,to_date('20-AUG-12','DD-MON-RR'),0,'promotionTypeList','show_all', 1);
        Insert into TMP_REPORT_PARAMETER (REPORT_PARAMETER_ID, REPORT_ID, PARAMETER_NAME, PARAMETER_CM_KEY, DATABASE_COLUMN, PARAMETER_TYPE, LIST_DEFINITION, PARAMETER_GROUP, SEQUENCE_NUM, CREATED_BY, DATE_CREATED, MODIFIED_BY, DATE_MODIFIED, VERSION, COLLECTION_NAME, DEFAULT_VALUE, DISPLAY_ON_DASHBOARD) 
            values (2123,4013,'fromDate','START_FIELD','DATE_SUBMITTED','datePicker',null,'TIME_FRAME',2,5661,to_date('20-AUG-12','DD-MON-RR'),5661,to_date('20-AUG-12','DD-MON-RR'),0,null, '01/01/2012', 1);
        Insert into TMP_REPORT_PARAMETER (REPORT_PARAMETER_ID, REPORT_ID, PARAMETER_NAME, PARAMETER_CM_KEY, DATABASE_COLUMN, PARAMETER_TYPE, LIST_DEFINITION, PARAMETER_GROUP, SEQUENCE_NUM, CREATED_BY, DATE_CREATED, MODIFIED_BY, DATE_MODIFIED, VERSION, COLLECTION_NAME, DEFAULT_VALUE, DISPLAY_ON_DASHBOARD) 
            values (2124,4013,'toDate','END_FIELD','DATE_SUBMITTED','datePicker',null,'TIME_FRAME',3,5661,to_date('20-AUG-12','DD-MON-RR'),5661,to_date('20-AUG-12','DD-MON-RR'),0,null, '12/31/2012', 1);
        Insert into TMP_REPORT_PARAMETER (REPORT_PARAMETER_ID, REPORT_ID, PARAMETER_NAME, PARAMETER_CM_KEY, DATABASE_COLUMN, PARAMETER_TYPE, LIST_DEFINITION, PARAMETER_GROUP, SEQUENCE_NUM, CREATED_BY, DATE_CREATED, MODIFIED_BY, DATE_MODIFIED, VERSION, COLLECTION_NAME, DEFAULT_VALUE, DISPLAY_ON_DASHBOARD) 
            values (2125,4013,'parentNodeId','ORG_NAME','organizationList','selectQuery','com.biperf.core.domain.node.processParameterValueChoices.NodesAsHierarchyByUser','PARTICIPANTS',4,5661,to_date('20-AUG-12','DD-MON-RR'),5661,to_date('20-AUG-12','DD-MON-RR'),0,'organizationList','show_all', 1);
        Insert into TMP_REPORT_PARAMETER (REPORT_PARAMETER_ID, REPORT_ID, PARAMETER_NAME, PARAMETER_CM_KEY, DATABASE_COLUMN, PARAMETER_TYPE, LIST_DEFINITION, PARAMETER_GROUP, SEQUENCE_NUM, CREATED_BY, DATE_CREATED, MODIFIED_BY, DATE_MODIFIED, VERSION, COLLECTION_NAME, DEFAULT_VALUE) 
            values (2126,4013,'department','DEPARTMENT_FIELD','departmentTypeList','multiSelectPick','picklist.department.type','PARTICIPANTS',5,5661,to_date('20-AUG-12','DD-MON-RR'),5661,to_date('20-AUG-12','DD-MON-RR'),0,'departmentTypeList','show_all');
        Insert into TMP_REPORT_PARAMETER (REPORT_PARAMETER_ID, REPORT_ID, PARAMETER_NAME, PARAMETER_CM_KEY, DATABASE_COLUMN, PARAMETER_TYPE, LIST_DEFINITION, PARAMETER_GROUP, SEQUENCE_NUM, CREATED_BY, DATE_CREATED, MODIFIED_BY, DATE_MODIFIED, VERSION, COLLECTION_NAME, DEFAULT_VALUE) 
            values (2127,4013,'jobPosition','JOB_POSITION_FIELD','positionTypeList','selectPicklist','picklist.positiontype','PARTICIPANTS',6,5661,to_date('20-AUG-12','DD-MON-RR'),5661,to_date('20-AUG-12','DD-MON-RR'),0,'jobPositionTypeList','show_all');
        Insert into TMP_REPORT_PARAMETER (REPORT_PARAMETER_ID, REPORT_ID, PARAMETER_NAME, PARAMETER_CM_KEY, DATABASE_COLUMN, PARAMETER_TYPE, LIST_DEFINITION, PARAMETER_GROUP, SEQUENCE_NUM, CREATED_BY, DATE_CREATED, MODIFIED_BY, DATE_MODIFIED, VERSION, COLLECTION_NAME, DEFAULT_VALUE) 
            values (2128,4013,'participantStatus','PARTICIPANT_STATUS_FIELD','participantStatusList','selectPicklist','picklist.participantstatus','PARTICIPANTS',7,5661,to_date('20-AUG-12','DD-MON-RR'),5661,to_date('20-AUG-12','DD-MON-RR'),0,'participantStatusList','active');
            
    --Recognition Behavior Report
      Insert into TMP_REPORT (REPORT_ID,REPORT_CODE,CM_ASSET_CODE,REPORT_NAME_CM_KEY,REPORT_CATEGORY_TYPE,MODULE,REPORT_DESCRIPTION_CM_KEY,REPORT_URL,IS_ACTIVE,CREATED_BY,DATE_CREATED,MODIFIED_BY,DATE_MODIFIED,VERSION, FORCE_PARAMETERS, EXPORT_ONLY) 
          values (4014,'recBehaviors','report.recognition.behaviors','REPORT_NAME','recognition','install.recognition','REPORT_DESCRIPTION','/reports/displayRecognitionBehaviorsReport.do?method=displaySummaryReport',1,0,sysdate,null,null,0,1, 0);
        --Recognition Behavior Charts 
          Insert into TMP_REPORT_CHART (REPORT_CHART_ID, CAPTION_CM_KEY, SUBCAPTION_CM_KEY, CHART_DATA_URL, REPORT_ID, SHOW_LABELS, SHOW_LEGEND, ENABLE_SMART_LABELS, SHOW_PERCENT_VALUES, X_AXIS_NAME_CM_KEY, Y_AXIS_NAME_CM_KEY, SEQUENCE_NUM, DISPLAY_LIMIT, CREATED_BY, DATE_CREATED, VERSION, CHART_TYPE)
            values (3056, 'PIECHART_CAPTION', 'PIECHART_SUBCAPTION', '/reports/displayRecognitionBehaviorsReport.do?method=displayPiechart', 4014, 0, 1, 0, 1, null, null, 0, 20, 0, sysdate, 0, 'Pie2D');
        Insert into TMP_REPORT_CHART (REPORT_CHART_ID, CAPTION_CM_KEY, SUBCAPTION_CM_KEY, CHART_DATA_URL, REPORT_ID, SHOW_LABELS, SHOW_LEGEND, ENABLE_SMART_LABELS, X_AXIS_NAME_CM_KEY, Y_AXIS_NAME_CM_KEY, SEQUENCE_NUM, DISPLAY_LIMIT, CREATED_BY, DATE_CREATED, VERSION, CHART_TYPE)
            values (3057, 'BARCHART_CAPTION', 'BARCHART_SUBCAPTION', '/reports/displayRecognitionBehaviorsReport.do?method=displayBarchart', 4014, 1, 0, 0, 'BARCHART_X_AXIS_NAME', 'BARCHART_Y_AXIS_NAME', 1, 20, 0, sysdate, 0, 'Bar2D');            
        --Report Parameters
        Insert into TMP_REPORT_PARAMETER (REPORT_PARAMETER_ID, REPORT_ID, PARAMETER_NAME, PARAMETER_CM_KEY, DATABASE_COLUMN, PARAMETER_TYPE, LIST_DEFINITION, PARAMETER_GROUP, SEQUENCE_NUM, CREATED_BY, DATE_CREATED, MODIFIED_BY, DATE_MODIFIED, VERSION, COLLECTION_NAME, DEFAULT_VALUE) 
            values (2129,4014,'promotionStatus','PROMOTION_STATUS_FIELD','reportPromotionStatusTypeList','selectPicklist','picklist.reportpromotion.statustype','BASICS',0,5661,to_date('20-AUG-12','DD-MON-RR'),5661,to_date('20-AUG-12','DD-MON-RR'),0,'reportPromotionStatusTypeList','live');
        Insert into TMP_REPORT_PARAMETER (REPORT_PARAMETER_ID, REPORT_ID, PARAMETER_NAME, PARAMETER_CM_KEY, DATABASE_COLUMN, PARAMETER_TYPE, LIST_DEFINITION, PARAMETER_GROUP, SEQUENCE_NUM, CREATED_BY, DATE_CREATED, MODIFIED_BY, DATE_MODIFIED, VERSION, COLLECTION_NAME, DEFAULT_VALUE, DISPLAY_ON_DASHBOARD) 
            values (2130,4014,'promotionId','PROMOTION_FIELD','promotionTypeList','selectQuery','com.biperf.core.domain.node.reportParameterValueChoices.allLiveRecognitionPromotions','BASICS',1,5661,to_date('20-AUG-12','DD-MON-RR'),5661,to_date('20-AUG-12','DD-MON-RR'),0,'promotionTypeList','show_all', 1);
        Insert into TMP_REPORT_PARAMETER (REPORT_PARAMETER_ID, REPORT_ID, PARAMETER_NAME, PARAMETER_CM_KEY, DATABASE_COLUMN, PARAMETER_TYPE, LIST_DEFINITION, PARAMETER_GROUP, SEQUENCE_NUM, CREATED_BY, DATE_CREATED, MODIFIED_BY, DATE_MODIFIED, VERSION, COLLECTION_NAME, DEFAULT_VALUE, DISPLAY_ON_DASHBOARD) 
            values (2131,4014,'fromDate','START_FIELD','DATE_SUBMITTED','datePicker',null,'TIME_FRAME',2,5661,to_date('20-AUG-12','DD-MON-RR'),5661,to_date('20-AUG-12','DD-MON-RR'),0,null, '01/01/2012', 1);
        Insert into TMP_REPORT_PARAMETER (REPORT_PARAMETER_ID, REPORT_ID, PARAMETER_NAME, PARAMETER_CM_KEY, DATABASE_COLUMN, PARAMETER_TYPE, LIST_DEFINITION, PARAMETER_GROUP, SEQUENCE_NUM, CREATED_BY, DATE_CREATED, MODIFIED_BY, DATE_MODIFIED, VERSION, COLLECTION_NAME, DEFAULT_VALUE, DISPLAY_ON_DASHBOARD) 
            values (2132,4014,'toDate','END_FIELD','DATE_SUBMITTED','datePicker',null,'TIME_FRAME',3,5661,to_date('20-AUG-12','DD-MON-RR'),5661,to_date('20-AUG-12','DD-MON-RR'),0,null, '12/31/2012', 1);
        Insert into TMP_REPORT_PARAMETER (REPORT_PARAMETER_ID, REPORT_ID, PARAMETER_NAME, PARAMETER_CM_KEY, DATABASE_COLUMN, PARAMETER_TYPE, LIST_DEFINITION, PARAMETER_GROUP, SEQUENCE_NUM, CREATED_BY, DATE_CREATED, MODIFIED_BY, DATE_MODIFIED, VERSION, COLLECTION_NAME, DEFAULT_VALUE, DISPLAY_ON_DASHBOARD) 
            values (2133,4014,'parentNodeId','ORG_NAME','organizationList','selectQuery','com.biperf.core.domain.node.processParameterValueChoices.NodesAsHierarchyByUser','PARTICIPANTS',4,5661,to_date('20-AUG-12','DD-MON-RR'),5661,to_date('20-AUG-12','DD-MON-RR'),0,'organizationList','show_all', 1);
        Insert into TMP_REPORT_PARAMETER (REPORT_PARAMETER_ID, REPORT_ID, PARAMETER_NAME, PARAMETER_CM_KEY, DATABASE_COLUMN, PARAMETER_TYPE, LIST_DEFINITION, PARAMETER_GROUP, SEQUENCE_NUM, CREATED_BY, DATE_CREATED, MODIFIED_BY, DATE_MODIFIED, VERSION, COLLECTION_NAME, DEFAULT_VALUE) 
            values (2134,4014,'department','DEPARTMENT_FIELD','departmentTypeList','multiSelectPick','picklist.department.type','PARTICIPANTS',5,5661,to_date('20-AUG-12','DD-MON-RR'),5661,to_date('20-AUG-12','DD-MON-RR'),0,'departmentTypeList','show_all');
        Insert into TMP_REPORT_PARAMETER (REPORT_PARAMETER_ID, REPORT_ID, PARAMETER_NAME, PARAMETER_CM_KEY, DATABASE_COLUMN, PARAMETER_TYPE, LIST_DEFINITION, PARAMETER_GROUP, SEQUENCE_NUM, CREATED_BY, DATE_CREATED, MODIFIED_BY, DATE_MODIFIED, VERSION, COLLECTION_NAME, DEFAULT_VALUE) 
            values (2135,4014,'jobPosition','JOB_POSITION_FIELD','positionTypeList','selectPicklist','picklist.positiontype','PARTICIPANTS',6,5661,to_date('20-AUG-12','DD-MON-RR'),5661,to_date('20-AUG-12','DD-MON-RR'),0,'jobPositionTypeList','show_all');
        Insert into TMP_REPORT_PARAMETER (REPORT_PARAMETER_ID, REPORT_ID, PARAMETER_NAME, PARAMETER_CM_KEY, DATABASE_COLUMN, PARAMETER_TYPE, LIST_DEFINITION, PARAMETER_GROUP, SEQUENCE_NUM, CREATED_BY, DATE_CREATED, MODIFIED_BY, DATE_MODIFIED, VERSION, COLLECTION_NAME, DEFAULT_VALUE) 
            values (2136,4014,'participantStatus','PARTICIPANT_STATUS_FIELD','participantStatusList','selectPicklist','picklist.participantstatus','PARTICIPANTS',7,5661,to_date('20-AUG-12','DD-MON-RR'),5661,to_date('20-AUG-12','DD-MON-RR'),0,'participantStatusList','active');
        Insert into TMP_REPORT_PARAMETER (REPORT_PARAMETER_ID, REPORT_ID, PARAMETER_NAME, PARAMETER_CM_KEY, DATABASE_COLUMN, PARAMETER_TYPE, LIST_DEFINITION, PARAMETER_GROUP, SEQUENCE_NUM, CREATED_BY, DATE_CREATED, MODIFIED_BY, DATE_MODIFIED, VERSION, COLLECTION_NAME, DEFAULT_VALUE, HIDE_SHOW_ALL_OPTION) 
            values (2137,4014,'giverReceiver','GIVER_RCVR_FIELD','giverReceiverList','selectPicklist','picklist.giver.receiver.type','BASICS',8,5661,to_date('20-AUG-12','DD-MON-RR'),5661,to_date('20-AUG-12','DD-MON-RR'),0,'giverReceiverList','given', 1);
    
    --Recognition Given By Org Report    
    Insert into TMP_REPORT (REPORT_ID,REPORT_CODE, CM_ASSET_CODE,REPORT_NAME_CM_KEY,REPORT_CATEGORY_TYPE,MODULE,REPORT_DESCRIPTION_CM_KEY,REPORT_URL,IS_ACTIVE,CREATED_BY,DATE_CREATED,MODIFIED_BY,DATE_MODIFIED,VERSION, FORCE_PARAMETERS, EXPORT_ONLY) 
          values (4015,'recGivenByOrg','report.recognition.givenbyorg','REPORT_NAME','recognition','install.recognition','REPORT_DESCRIPTION','/reports/displayRecognitionGivenByOrgReport.do?method=displaySummaryReport',1,0,sysdate,null,null,0, 0, 0);
          --Recognition Given By Org Charts
          Insert into TMP_REPORT_CHART (REPORT_CHART_ID, CAPTION_CM_KEY, SUBCAPTION_CM_KEY, CHART_DATA_URL, REPORT_ID, SHOW_LABELS, SHOW_LEGEND, ENABLE_SMART_LABELS, SHOW_PERCENT_VALUES, X_AXIS_NAME_CM_KEY, Y_AXIS_NAME_CM_KEY, SEQUENCE_NUM, DISPLAY_LIMIT, CREATED_BY, DATE_CREATED, VERSION, CHART_TYPE)
            values (3058, 'G_RATE_PIECHART_CAPTION', 'G_RATE_PIECHART_SUBCAPTION', '/reports/displayRecognitionGivenByOrgReport.do?method=displayRecognitionGivenParticipationRatePiechart', 4015, 0, 1, 0, 1, null, null, 0, 20, 0, sysdate, 0, 'Pie2D');
        Insert into TMP_REPORT_CHART (REPORT_CHART_ID, CAPTION_CM_KEY, SUBCAPTION_CM_KEY, CHART_DATA_URL, REPORT_ID, SHOW_LABELS, SHOW_LEGEND, ENABLE_SMART_LABELS, X_AXIS_NAME_CM_KEY, Y_AXIS_NAME_CM_KEY, SEQUENCE_NUM, DISPLAY_LIMIT, CREATED_BY, DATE_CREATED, VERSION, CHART_TYPE)
            values (3059, 'POINTS_GPERIOD_CHART_CAPTION', 'POINTS_GPERIOD_CHART_SUBCAPTION', '/reports/displayRecognitionGivenByOrgReport.do?method=displayRecognitionPointsGivenByTimeBarchart', 4015, 1, 1, 0, 'POINTS_GPERIOD_CHART_X_AXIS_NAME', 'POINTS_GPERIOD_CHART_Y_AXIS_NAME', 1, 20, 0, sysdate, 0, 'Column3D');
        Insert into TMP_REPORT_CHART (REPORT_CHART_ID, CAPTION_CM_KEY, SUBCAPTION_CM_KEY, CHART_DATA_URL, REPORT_ID, SHOW_LABELS, SHOW_LEGEND, ENABLE_SMART_LABELS, X_AXIS_NAME_CM_KEY, Y_AXIS_NAME_CM_KEY, SEQUENCE_NUM, DISPLAY_LIMIT, CREATED_BY, DATE_CREATED, VERSION, CHART_TYPE)
            values (3060, 'RECOG_GPERIOD_CHART_CAPTION', 'RECOG_GPERIOD_CHART_SUBCAPTION', '/reports/displayRecognitionGivenByOrgReport.do?method=displayRecognitionGivenByTimeBarchart', 4015, 1, 1, 0, 'RECOG_GPERIOD_CHART_X_AXIS_NAME', 'RECOG_GPERIOD_CHART_Y_AXIS_NAME', 2, 20, 0, sysdate, 0, 'Column3D');
        Insert into TMP_REPORT_CHART (REPORT_CHART_ID, CAPTION_CM_KEY, SUBCAPTION_CM_KEY, CHART_DATA_URL, REPORT_ID, SHOW_LABELS, SHOW_LEGEND, ENABLE_SMART_LABELS, SHOW_PERCENT_VALUES, X_AXIS_NAME_CM_KEY, Y_AXIS_NAME_CM_KEY, SEQUENCE_NUM, DISPLAY_LIMIT, CREATED_BY, DATE_CREATED, VERSION, CHART_TYPE)
            values (3061, 'RECOG_G_PIECHART_CAPTION', 'RECOG_G_PIECHART_SUBCAPTION', '/reports/displayRecognitionGivenByOrgReport.do?method=displayRecognitionGivenPiechart', 4015, 0, 1, 0, 1, null, null, 3, 20, 0, sysdate, 0, 'Pie2D');
        Insert into TMP_REPORT_CHART (REPORT_CHART_ID, CAPTION_CM_KEY, SUBCAPTION_CM_KEY, CHART_DATA_URL, REPORT_ID, SHOW_LABELS, SHOW_LEGEND, ENABLE_SMART_LABELS, X_AXIS_NAME_CM_KEY, Y_AXIS_NAME_CM_KEY, SEQUENCE_NUM, DISPLAY_LIMIT, CREATED_BY, DATE_CREATED, VERSION, CHART_TYPE)
            values (3062, 'G_RATE_BARCHART_CAPTION', 'G_RATE_BARCHART_SUBCAPTION', '/reports/displayRecognitionGivenByOrgReport.do?method=displayRecognitionGivenParticipationrateByOrgBarchart', 4015, 1, 1, 0, 'G_RATE_CHART_X_AXIS_NAME', 'G_RATE_CHART_Y_AXIS_NAME', 4, 20, 0, sysdate, 0, 'MSColumn3D');
        Insert into TMP_REPORT_CHART (REPORT_CHART_ID, CAPTION_CM_KEY, SUBCAPTION_CM_KEY, CHART_DATA_URL, REPORT_ID, SHOW_LABELS, SHOW_LEGEND, ENABLE_SMART_LABELS, X_AXIS_NAME_CM_KEY, Y_AXIS_NAME_CM_KEY, SEQUENCE_NUM, DISPLAY_LIMIT, CREATED_BY, DATE_CREATED, VERSION, CHART_TYPE)
            values (3063, 'POINTS_G_CHART_CAPTION', 'POINTS_G_CHART_SUBCAPTION', '/reports/displayRecognitionGivenByOrgReport.do?method=displayRecognitionPointsGivenBarchart', 4015, 1, 1, 0, 'POINTS_G_CHART_X_AXIS_NAME', 'POINTS_G_CHART_Y_AXIS_NAME', 5, 20, 0, sysdate, 0, 'Column3D');
        --Report Parameters
        Insert into TMP_REPORT_PARAMETER (REPORT_PARAMETER_ID, REPORT_ID, PARAMETER_NAME, PARAMETER_CM_KEY, DATABASE_COLUMN, PARAMETER_TYPE, LIST_DEFINITION, PARAMETER_GROUP, SEQUENCE_NUM, CREATED_BY, DATE_CREATED, MODIFIED_BY, DATE_MODIFIED, VERSION, COLLECTION_NAME, DEFAULT_VALUE) 
            values (2138,4015,'promotionStatus','PROMOTION_STATUS_FIELD','reportPromotionStatusTypeList','selectPicklist','picklist.reportpromotion.statustype','BASICS',0,5661,to_date('20-AUG-12','DD-MON-RR'),5661,to_date('20-AUG-12','DD-MON-RR'),0,'reportPromotionStatusTypeList','live');
        Insert into TMP_REPORT_PARAMETER (REPORT_PARAMETER_ID, REPORT_ID, PARAMETER_NAME, PARAMETER_CM_KEY, DATABASE_COLUMN, PARAMETER_TYPE, LIST_DEFINITION, PARAMETER_GROUP, SEQUENCE_NUM, CREATED_BY, DATE_CREATED, MODIFIED_BY, DATE_MODIFIED, VERSION, COLLECTION_NAME, DEFAULT_VALUE, DISPLAY_ON_DASHBOARD) 
            values (2139,4015,'promotionId','PROMOTION_FIELD','promotionTypeList','multiSelectQuery','com.biperf.core.domain.node.reportParameterValueChoices.allLiveRecognitionPromotions','BASICS',1,5661,to_date('20-AUG-12','DD-MON-RR'),5661,to_date('20-AUG-12','DD-MON-RR'),0,'promotionTypeList','show_all', 1);
        Insert into TMP_REPORT_PARAMETER (REPORT_PARAMETER_ID, REPORT_ID, PARAMETER_NAME, PARAMETER_CM_KEY, DATABASE_COLUMN, PARAMETER_TYPE, LIST_DEFINITION, PARAMETER_GROUP, SEQUENCE_NUM, CREATED_BY, DATE_CREATED, MODIFIED_BY, DATE_MODIFIED, VERSION, COLLECTION_NAME, DEFAULT_VALUE, DISPLAY_ON_DASHBOARD) 
            values (2140,4015,'fromDate','START_FIELD','DATE_SUBMITTED','datePicker',null,'TIME_FRAME',2,5661,to_date('20-AUG-12','DD-MON-RR'),5661,to_date('20-AUG-12','DD-MON-RR'),0,null, '01/01/2012', 1);
        Insert into TMP_REPORT_PARAMETER (REPORT_PARAMETER_ID, REPORT_ID, PARAMETER_NAME, PARAMETER_CM_KEY, DATABASE_COLUMN, PARAMETER_TYPE, LIST_DEFINITION, PARAMETER_GROUP, SEQUENCE_NUM, CREATED_BY, DATE_CREATED, MODIFIED_BY, DATE_MODIFIED, VERSION, COLLECTION_NAME, DEFAULT_VALUE, DISPLAY_ON_DASHBOARD) 
            values (2141,4015,'toDate','END_FIELD','DATE_SUBMITTED','datePicker',null,'TIME_FRAME',3,5661,to_date('20-AUG-12','DD-MON-RR'),5661,to_date('20-AUG-12','DD-MON-RR'),0,null, '12/31/2012', 1);
        Insert into TMP_REPORT_PARAMETER (REPORT_PARAMETER_ID, REPORT_ID, PARAMETER_NAME, PARAMETER_CM_KEY, DATABASE_COLUMN, PARAMETER_TYPE, LIST_DEFINITION, PARAMETER_GROUP, SEQUENCE_NUM, CREATED_BY, DATE_CREATED, MODIFIED_BY, DATE_MODIFIED, VERSION, COLLECTION_NAME, DEFAULT_VALUE, DISPLAY_ON_DASHBOARD) 
            values (2142,4015,'parentNodeId','ORG_NAME','organizationList','selectQuery','com.biperf.core.domain.node.processParameterValueChoices.NodesAsHierarchyByUser','PARTICIPANTS',4,5661,to_date('20-AUG-12','DD-MON-RR'),5661,to_date('20-AUG-12','DD-MON-RR'),0,'organizationList','show_all', 1);
        Insert into TMP_REPORT_PARAMETER (REPORT_PARAMETER_ID, REPORT_ID, PARAMETER_NAME, PARAMETER_CM_KEY, DATABASE_COLUMN, PARAMETER_TYPE, LIST_DEFINITION, PARAMETER_GROUP, SEQUENCE_NUM, CREATED_BY, DATE_CREATED, MODIFIED_BY, DATE_MODIFIED, VERSION, COLLECTION_NAME, DEFAULT_VALUE) 
            values (2143,4015,'department','DEPARTMENT_FIELD','departmentTypeList','multiSelectPick','picklist.department.type','PARTICIPANTS',5,5661,to_date('20-AUG-12','DD-MON-RR'),5661,to_date('20-AUG-12','DD-MON-RR'),0,'departmentTypeList','show_all');
        Insert into TMP_REPORT_PARAMETER (REPORT_PARAMETER_ID, REPORT_ID, PARAMETER_NAME, PARAMETER_CM_KEY, DATABASE_COLUMN, PARAMETER_TYPE, LIST_DEFINITION, PARAMETER_GROUP, SEQUENCE_NUM, CREATED_BY, DATE_CREATED, MODIFIED_BY, DATE_MODIFIED, VERSION, COLLECTION_NAME, DEFAULT_VALUE) 
            values (2144,4015,'jobPosition','JOB_POSITION_FIELD','positionTypeList','selectPicklist','picklist.positiontype','PARTICIPANTS',6,5661,to_date('20-AUG-12','DD-MON-RR'),5661,to_date('20-AUG-12','DD-MON-RR'),0,'jobPositionTypeList','show_all');
        Insert into TMP_REPORT_PARAMETER (REPORT_PARAMETER_ID, REPORT_ID, PARAMETER_NAME, PARAMETER_CM_KEY, DATABASE_COLUMN, PARAMETER_TYPE, LIST_DEFINITION, PARAMETER_GROUP, SEQUENCE_NUM, CREATED_BY, DATE_CREATED, MODIFIED_BY, DATE_MODIFIED, VERSION, COLLECTION_NAME, DEFAULT_VALUE) 
            values (2145,4015,'participantStatus','PARTICIPANT_STATUS_FIELD','participantStatusList','selectPicklist','picklist.participantstatus','PARTICIPANTS',7,5661,to_date('20-AUG-12','DD-MON-RR'),5661,to_date('20-AUG-12','DD-MON-RR'),0,'participantStatusList','active');
        Insert into TMP_REPORT_PARAMETER (REPORT_PARAMETER_ID, REPORT_ID, PARAMETER_NAME, PARAMETER_CM_KEY, DATABASE_COLUMN, PARAMETER_TYPE, LIST_DEFINITION, PARAMETER_GROUP, SEQUENCE_NUM, CREATED_BY, DATE_CREATED, MODIFIED_BY, DATE_MODIFIED, VERSION, COLLECTION_NAME, DEFAULT_VALUE) 
            values (2146,4015,'givenType','GIVEN_FIELD','givenTypeList','selectPicklist','picklist.given.type','EXPORT_SELECTION',8,5661,to_date('20-AUG-12','DD-MON-RR'),5661,to_date('20-AUG-12','DD-MON-RR'),0,'givenTypeList','have');
          
      --Recognition Received By Org Report     
    Insert into TMP_REPORT (REPORT_ID,REPORT_CODE, CM_ASSET_CODE,REPORT_NAME_CM_KEY,REPORT_CATEGORY_TYPE,MODULE,REPORT_DESCRIPTION_CM_KEY,REPORT_URL,IS_ACTIVE,CREATED_BY,DATE_CREATED,MODIFIED_BY,DATE_MODIFIED,VERSION, FORCE_PARAMETERS, EXPORT_ONLY) 
          values (4016,'recReceivedByOrg','report.recognition.receivedbyorg','REPORT_NAME','recognition','install.recognition','REPORT_DESCRIPTION','/reports/displayRecognitionReceivedByOrgReport.do?method=displaySummaryReport',1,0,sysdate,null,null,0, 0, 0);
          --Recognition Received By Org Charts
          Insert into TMP_REPORT_CHART (REPORT_CHART_ID, CAPTION_CM_KEY, SUBCAPTION_CM_KEY, CHART_DATA_URL, REPORT_ID, SHOW_LABELS, SHOW_LEGEND, ENABLE_SMART_LABELS, SHOW_PERCENT_VALUES, X_AXIS_NAME_CM_KEY, Y_AXIS_NAME_CM_KEY, SEQUENCE_NUM, DISPLAY_LIMIT, CREATED_BY, DATE_CREATED, VERSION, CHART_TYPE)
            values (3064, 'R_RATE_PIECHART_CAPTION', 'R_RATE_PIECHART_SUBCAPTION', '/reports/displayRecognitionReceivedByOrgReport.do?method=displayRecognitionReceivedParticipationRatePiechart', 4016, 0, 1, 0, 1, null, null, 0, 20, 0, sysdate, 0, 'Pie2D');
          Insert into TMP_REPORT_CHART (REPORT_CHART_ID, CAPTION_CM_KEY, SUBCAPTION_CM_KEY, CHART_DATA_URL, REPORT_ID, SHOW_LABELS, SHOW_LEGEND, ENABLE_SMART_LABELS, X_AXIS_NAME_CM_KEY, Y_AXIS_NAME_CM_KEY, SEQUENCE_NUM, DISPLAY_LIMIT, CREATED_BY, DATE_CREATED, VERSION, CHART_TYPE)
            values (3065, 'POINTS_RPERIOD_CHART_CAPTION', 'POINTS_RPERIOD_CHART_SUBCAPTION', '/reports/displayRecognitionReceivedByOrgReport.do?method=displayRecognitionPointsByTimeReceivedBarchart', 4016, 1, 1, 0, 'POINTS_RPERIOD_CHART_X_AXIS_NAME', 'POINTS_RPERIOD_CHART_Y_AXIS_NAME', 1, 20, 0, sysdate, 0, 'Column3D');
        Insert into TMP_REPORT_CHART (REPORT_CHART_ID, CAPTION_CM_KEY, SUBCAPTION_CM_KEY, CHART_DATA_URL, REPORT_ID, SHOW_LABELS, SHOW_LEGEND, ENABLE_SMART_LABELS, X_AXIS_NAME_CM_KEY, Y_AXIS_NAME_CM_KEY, SEQUENCE_NUM, DISPLAY_LIMIT, CREATED_BY, DATE_CREATED, VERSION, CHART_TYPE)
            values (3066, 'RECOG_RPERIOD_CHART_CAPTION', 'RECOG_RPERIOD_CHART_SUBCAPTION', '/reports/displayRecognitionReceivedByOrgReport.do?method=displayRecognitionReceivedByTimeBarchart', 4016, 1, 1, 0, 'RECOG_RPERIOD_CHART_X_AXIS_NAME', 'RECOG_RPERIOD_CHART_Y_AXIS_NAME', 2, 20, 0, sysdate, 0, 'Column3D');
        Insert into TMP_REPORT_CHART (REPORT_CHART_ID, CAPTION_CM_KEY, SUBCAPTION_CM_KEY, CHART_DATA_URL, REPORT_ID, SHOW_LABELS, SHOW_LEGEND, ENABLE_SMART_LABELS, SHOW_PERCENT_VALUES, X_AXIS_NAME_CM_KEY, Y_AXIS_NAME_CM_KEY, SEQUENCE_NUM, DISPLAY_LIMIT, CREATED_BY, DATE_CREATED, VERSION, CHART_TYPE)
            values (3067, 'RECOG_R_PIECHART_CAPTION', 'RECOG_R_PIECHART_SUBCAPTION', '/reports/displayRecognitionReceivedByOrgReport.do?method=displayRecognitionReceivedPiechart', 4016, 0, 1, 0, 1, null, null, 3, 20, 0, sysdate, 0, 'Pie2D');
        Insert into TMP_REPORT_CHART (REPORT_CHART_ID, CAPTION_CM_KEY, SUBCAPTION_CM_KEY, CHART_DATA_URL, REPORT_ID, SHOW_LABELS, SHOW_LEGEND, ENABLE_SMART_LABELS, X_AXIS_NAME_CM_KEY, Y_AXIS_NAME_CM_KEY, SEQUENCE_NUM, DISPLAY_LIMIT, CREATED_BY, DATE_CREATED, VERSION, CHART_TYPE)
            values (3068, 'R_RATE_BARCHART_CAPTION', 'R_RATE_BARCHART_SUBCAPTION', '/reports/displayRecognitionReceivedByOrgReport.do?method=displayRecognitionReceivedParticipationrateByOrgBarchart', 4016, 1, 1, 0, 'RECOG_RRATE_X_AXIS_NAME', 'RECOG_RRATE_Y_AXIS_NAME', 4, 20, 0, sysdate, 0, 'MSColumn3D');
        Insert into TMP_REPORT_CHART (REPORT_CHART_ID, CAPTION_CM_KEY, SUBCAPTION_CM_KEY, CHART_DATA_URL, REPORT_ID, SHOW_LABELS, SHOW_LEGEND, ENABLE_SMART_LABELS, X_AXIS_NAME_CM_KEY, Y_AXIS_NAME_CM_KEY, SEQUENCE_NUM, DISPLAY_LIMIT, CREATED_BY, DATE_CREATED, VERSION, CHART_TYPE)
            values (3069, 'POINTS_R_CHART_CAPTION', 'POINTS_R_CHART_SUBCAPTION', '/reports/displayRecognitionReceivedByOrgReport.do?method=displayRecognitionPointsReceivedBarchart', 4016, 1, 1, 0, 'POINTS_R_CHART_X_AXIS_NAME', 'POINTS_R_CHART_Y_AXIS_NAME', 5, 20, 0, sysdate, 0, 'Column3D');
        --Report Parameters
        Insert into TMP_REPORT_PARAMETER (REPORT_PARAMETER_ID, REPORT_ID, PARAMETER_NAME, PARAMETER_CM_KEY, DATABASE_COLUMN, PARAMETER_TYPE, LIST_DEFINITION, PARAMETER_GROUP, SEQUENCE_NUM, CREATED_BY, DATE_CREATED, MODIFIED_BY, DATE_MODIFIED, VERSION, COLLECTION_NAME, DEFAULT_VALUE) 
            values (2147,4016,'promotionStatus','PROMOTION_STATUS_FIELD','reportPromotionStatusTypeList','selectPicklist','picklist.reportpromotion.statustype','BASICS',0,5661,sysdate,null,null,0,'reportPromotionStatusTypeList','live');
        Insert into TMP_REPORT_PARAMETER (REPORT_PARAMETER_ID, REPORT_ID, PARAMETER_NAME, PARAMETER_CM_KEY, DATABASE_COLUMN, PARAMETER_TYPE, LIST_DEFINITION, PARAMETER_GROUP, SEQUENCE_NUM, CREATED_BY, DATE_CREATED, MODIFIED_BY, DATE_MODIFIED, VERSION, COLLECTION_NAME, DEFAULT_VALUE, DISPLAY_ON_DASHBOARD) 
            values (2148,4016,'promotionId','PROMOTION_FIELD','promotionTypeList','multiSelectQuery','com.biperf.core.domain.node.reportParameterValueChoices.allLiveRecognitionPromotions','BASICS',1,5661,sysdate,null,null,0,'promotionTypeList','show_all', 1);
        Insert into TMP_REPORT_PARAMETER (REPORT_PARAMETER_ID, REPORT_ID, PARAMETER_NAME, PARAMETER_CM_KEY, DATABASE_COLUMN, PARAMETER_TYPE, LIST_DEFINITION, PARAMETER_GROUP, SEQUENCE_NUM, CREATED_BY, DATE_CREATED, MODIFIED_BY, DATE_MODIFIED, VERSION, COLLECTION_NAME, DEFAULT_VALUE, DISPLAY_ON_DASHBOARD) 
            values (2149,4016,'fromDate','START_FIELD','DATE_SUBMITTED','datePicker',null,'TIME_FRAME',2,5661,sysdate,null,null,0,null, '01/01/2012', 1);
        Insert into TMP_REPORT_PARAMETER (REPORT_PARAMETER_ID, REPORT_ID, PARAMETER_NAME, PARAMETER_CM_KEY, DATABASE_COLUMN, PARAMETER_TYPE, LIST_DEFINITION, PARAMETER_GROUP, SEQUENCE_NUM, CREATED_BY, DATE_CREATED, MODIFIED_BY, DATE_MODIFIED, VERSION, COLLECTION_NAME, DEFAULT_VALUE, DISPLAY_ON_DASHBOARD) 
            values (2150,4016,'toDate','END_FIELD','DATE_SUBMITTED','datePicker',null,'TIME_FRAME',3,5661,sysdate,null,null,0,null, '12/31/2012', 1);
        Insert into TMP_REPORT_PARAMETER (REPORT_PARAMETER_ID, REPORT_ID, PARAMETER_NAME, PARAMETER_CM_KEY, DATABASE_COLUMN, PARAMETER_TYPE, LIST_DEFINITION, PARAMETER_GROUP, SEQUENCE_NUM, CREATED_BY, DATE_CREATED, MODIFIED_BY, DATE_MODIFIED, VERSION, COLLECTION_NAME, DEFAULT_VALUE, DISPLAY_ON_DASHBOARD) 
            values (2151,4016,'parentNodeId','ORG_NAME','organizationList','selectQuery','com.biperf.core.domain.node.processParameterValueChoices.NodesAsHierarchyByUser','PARTICIPANTS',4,5661,sysdate,null,null,0,'organizationList','show_all', 1);
        Insert into TMP_REPORT_PARAMETER (REPORT_PARAMETER_ID, REPORT_ID, PARAMETER_NAME, PARAMETER_CM_KEY, DATABASE_COLUMN, PARAMETER_TYPE, LIST_DEFINITION, PARAMETER_GROUP, SEQUENCE_NUM, CREATED_BY, DATE_CREATED, MODIFIED_BY, DATE_MODIFIED, VERSION, COLLECTION_NAME, DEFAULT_VALUE) 
            values (2152,4016,'department','DEPARTMENT_FIELD','departmentTypeList','multiSelectPick','picklist.department.type','PARTICIPANTS',5,5661,to_date('20-AUG-12','DD-MON-RR'),5661,to_date('20-AUG-12','DD-MON-RR'),0,'departmentTypeList','show_all');
        Insert into TMP_REPORT_PARAMETER (REPORT_PARAMETER_ID, REPORT_ID, PARAMETER_NAME, PARAMETER_CM_KEY, DATABASE_COLUMN, PARAMETER_TYPE, LIST_DEFINITION, PARAMETER_GROUP, SEQUENCE_NUM, CREATED_BY, DATE_CREATED, MODIFIED_BY, DATE_MODIFIED, VERSION, COLLECTION_NAME, DEFAULT_VALUE) 
            values (2153,4016,'jobPosition','JOB_POSITION_FIELD','positionTypeList','selectPicklist','picklist.positiontype','PARTICIPANTS',6,5661,to_date('20-AUG-12','DD-MON-RR'),5661,to_date('20-AUG-12','DD-MON-RR'),0,'jobPositionTypeList','show_all');
        Insert into TMP_REPORT_PARAMETER (REPORT_PARAMETER_ID, REPORT_ID, PARAMETER_NAME, PARAMETER_CM_KEY, DATABASE_COLUMN, PARAMETER_TYPE, LIST_DEFINITION, PARAMETER_GROUP, SEQUENCE_NUM, CREATED_BY, DATE_CREATED, MODIFIED_BY, DATE_MODIFIED, VERSION, COLLECTION_NAME, DEFAULT_VALUE) 
            values (2154,4016,'participantStatus','PARTICIPANT_STATUS_FIELD','participantStatusList','selectPicklist','picklist.participantstatus','PARTICIPANTS',7,5661,sysdate,null,null,0,'participantStatusList','active');
        Insert into TMP_REPORT_PARAMETER (REPORT_PARAMETER_ID, REPORT_ID, PARAMETER_NAME, PARAMETER_CM_KEY, DATABASE_COLUMN, PARAMETER_TYPE, LIST_DEFINITION, PARAMETER_GROUP, SEQUENCE_NUM, CREATED_BY, DATE_CREATED, MODIFIED_BY, DATE_MODIFIED, VERSION, COLLECTION_NAME, DEFAULT_VALUE) 
            values (2155,4016,'receivedType','RECEIVED_FIELD','receivedTypeList','selectPicklist','picklist.received.type','EXPORT_SELECTION',8,5661,sysdate,null,null,0,'receivedTypeList','have');
        
      --Recognition Given By Pax      
    Insert into TMP_REPORT (REPORT_ID,REPORT_CODE, CM_ASSET_CODE,REPORT_NAME_CM_KEY,REPORT_CATEGORY_TYPE,MODULE,REPORT_DESCRIPTION_CM_KEY,REPORT_URL,IS_ACTIVE,CREATED_BY,DATE_CREATED,MODIFIED_BY,DATE_MODIFIED,VERSION, FORCE_PARAMETERS, EXPORT_ONLY) 
          values (4017,'recGivenByPax','report.recognition.givenbypax','REPORT_NAME','recognition','install.recognition','REPORT_DESCRIPTION','/reports/displayRecognitionGivenByPaxReport.do?method=displaySummaryReport',1,0,sysdate,null,null,0, 0, 0);
          --Recognition Given By Pax Charts
          Insert into TMP_REPORT_CHART (REPORT_CHART_ID, CAPTION_CM_KEY, SUBCAPTION_CM_KEY, CHART_DATA_URL, REPORT_ID, SHOW_LABELS, SHOW_LEGEND, ENABLE_SMART_LABELS, X_AXIS_NAME_CM_KEY, Y_AXIS_NAME_CM_KEY, SEQUENCE_NUM, DISPLAY_LIMIT, CREATED_BY, DATE_CREATED, VERSION, CHART_TYPE)
            values (3070, 'RECOG_GPAX_CHART_CAPTION', 'RECOG_GPAX_CHART_SUBCAPTION', '/reports/displayRecognitionGivenByPaxReport.do?method=displayRecognitionsGivenByParticipantBarchart', 4017, 1, 1, 0, 'RECOG_GPAX_CHART_X_AXIS_NAME', 'RECOG_GPAX_CHART_Y_AXIS_NAME', 0, 20, 0, sysdate, 0, 'Column3D');
        Insert into TMP_REPORT_CHART (REPORT_CHART_ID, CAPTION_CM_KEY, SUBCAPTION_CM_KEY, CHART_DATA_URL, REPORT_ID, SHOW_LABELS, SHOW_LEGEND, ENABLE_SMART_LABELS, X_AXIS_NAME_CM_KEY, Y_AXIS_NAME_CM_KEY, SEQUENCE_NUM, DISPLAY_LIMIT, CREATED_BY, DATE_CREATED, VERSION, CHART_TYPE)
            values (3071, 'POINTS_GPAX_CHART_CAPTION', 'POINTS_GPAX_CHART_SUBCAPTION', '/reports/displayRecognitionGivenByPaxReport.do?method=displayRecognitionPointsGivenByParticipantBarchart', 4017, 1, 1, 0, 'POINTS_GPAX_CHART_X_AXIS_NAME', 'POINTS_GPAX_CHART_Y_AXIS_NAME', 1, 20, 0, sysdate, 0, 'Column3D');
        Insert into TMP_REPORT_CHART (REPORT_CHART_ID, CAPTION_CM_KEY, SUBCAPTION_CM_KEY, CHART_DATA_URL, REPORT_ID, SHOW_LABELS, SHOW_LEGEND, ENABLE_SMART_LABELS, X_AXIS_NAME_CM_KEY, Y_AXIS_NAME_CM_KEY, SEQUENCE_NUM, DISPLAY_LIMIT, CREATED_BY, DATE_CREATED, VERSION, CHART_TYPE)
            values (3072, 'RECOG_GPROMOTION_CHART_CAPTION', 'RECOG_GPROMOTION_CHART_SUBCAPTION', '/reports/displayRecognitionGivenByPaxReport.do?method=displayRecognitionsGivenByPromotionBarchart', 4017, 1, 1, 0, 'RECOG_GPROMOTION_CHART_X_AXIS_NAME', 'RECOG_GPROMOTION_CHART_Y_AXIS_NAME', 2, 20, 0, sysdate, 0, 'Column3D');
        Insert into TMP_REPORT_CHART (REPORT_CHART_ID, CAPTION_CM_KEY, SUBCAPTION_CM_KEY, CHART_DATA_URL, REPORT_ID, SHOW_LABELS, SHOW_LEGEND, ENABLE_SMART_LABELS, X_AXIS_NAME_CM_KEY, Y_AXIS_NAME_CM_KEY, SEQUENCE_NUM, DISPLAY_LIMIT, CREATED_BY, DATE_CREATED, VERSION, CHART_TYPE)
            values (3073, 'POINTS_GPROMOTION_CHART_CAPTION', 'POINTS_GPROMOTION_CHART_SUBCAPTION', '/reports/displayRecognitionGivenByPaxReport.do?method=displayRecognitionPointsGivenByPromotionBarchart', 4017, 1, 1, 0, 'POINTS_GPROMOTION_CHART_X_AXIS_NAME', 'POINTS_GPROMOTION_CHART_Y_AXIS_NAME', 3, 20, 0, sysdate, 0, 'Column3D');    
        Insert into TMP_REPORT_CHART (REPORT_CHART_ID, CAPTION_CM_KEY, SUBCAPTION_CM_KEY, CHART_DATA_URL, REPORT_ID, SHOW_LABELS, SHOW_LEGEND, ENABLE_SMART_LABELS, X_AXIS_NAME_CM_KEY, Y_AXIS_NAME_CM_KEY, SEQUENCE_NUM, DISPLAY_LIMIT, CREATED_BY, DATE_CREATED, VERSION, CHART_TYPE)
            values (3074, 'G_METRICS_BARCHART_CAPTION', 'G_METRICS_BARCHART_SUBCAPTION', '/reports/displayRecognitionGivenByPaxReport.do?method=displayRecognitionsGivenMetricsBarchart', 4017, 1, 0, 0, null, 'RECOG_GMETRICS_Y_AXIS_NAME', 4, 20, 0, sysdate, 0, 'Bar2D');
        Insert into TMP_REPORT_CHART (REPORT_CHART_ID, CAPTION_CM_KEY, SUBCAPTION_CM_KEY, CHART_DATA_URL, REPORT_ID, SHOW_LABELS, SHOW_LEGEND, ENABLE_SMART_LABELS, SHOW_PERCENT_VALUES, X_AXIS_NAME_CM_KEY, Y_AXIS_NAME_CM_KEY, SEQUENCE_NUM, DISPLAY_LIMIT, CREATED_BY, DATE_CREATED, VERSION, CHART_TYPE)
            values (3075, 'G_PAX_RATE_PIECHART_CAPTION', 'G_PAX_RATE_PIECHART_SUBCAPTION', '/reports/displayRecognitionGivenByPaxReport.do?method=displayRecognitionsGivenParticipationRateByPaxPiechart', 4017, 0, 1, 0, 1, null, null, 5, 20, 0, sysdate, 0, 'Pie2D');
        --Report Parameters
        Insert into TMP_REPORT_PARAMETER (REPORT_PARAMETER_ID, REPORT_ID, PARAMETER_NAME, PARAMETER_CM_KEY, DATABASE_COLUMN, PARAMETER_TYPE, LIST_DEFINITION, PARAMETER_GROUP, SEQUENCE_NUM, CREATED_BY, DATE_CREATED, MODIFIED_BY, DATE_MODIFIED, VERSION, COLLECTION_NAME, DEFAULT_VALUE) 
            values (2156,4017,'promotionStatus','PROMOTION_STATUS_FIELD','reportPromotionStatusTypeList','selectPicklist','picklist.reportpromotion.statustype','BASICS',0,5661,to_date('20-AUG-12','DD-MON-RR'),5661,to_date('20-AUG-12','DD-MON-RR'),0,'reportPromotionStatusTypeList','live');
        Insert into TMP_REPORT_PARAMETER (REPORT_PARAMETER_ID, REPORT_ID, PARAMETER_NAME, PARAMETER_CM_KEY, DATABASE_COLUMN, PARAMETER_TYPE, LIST_DEFINITION, PARAMETER_GROUP, SEQUENCE_NUM, CREATED_BY, DATE_CREATED, MODIFIED_BY, DATE_MODIFIED, VERSION, COLLECTION_NAME, DEFAULT_VALUE, DISPLAY_ON_DASHBOARD) 
            values (2157,4017,'promotionId','PROMOTION_FIELD','promotionTypeList','multiSelectQuery','com.biperf.core.domain.node.reportParameterValueChoices.allLiveRecognitionPromotions','BASICS',1,5661,to_date('20-AUG-12','DD-MON-RR'),5661,to_date('20-AUG-12','DD-MON-RR'),0,'promotionTypeList','show_all', 1);
        Insert into TMP_REPORT_PARAMETER (REPORT_PARAMETER_ID, REPORT_ID, PARAMETER_NAME, PARAMETER_CM_KEY, DATABASE_COLUMN, PARAMETER_TYPE, LIST_DEFINITION, PARAMETER_GROUP, SEQUENCE_NUM, CREATED_BY, DATE_CREATED, MODIFIED_BY, DATE_MODIFIED, VERSION, COLLECTION_NAME, DEFAULT_VALUE, DISPLAY_ON_DASHBOARD) 
            values (2158,4017,'fromDate','START_FIELD','DATE_SUBMITTED','datePicker',null,'TIME_FRAME',2,5661,to_date('20-AUG-12','DD-MON-RR'),5661,to_date('20-AUG-12','DD-MON-RR'),0,null, '01/01/2012', 1);
        Insert into TMP_REPORT_PARAMETER (REPORT_PARAMETER_ID, REPORT_ID, PARAMETER_NAME, PARAMETER_CM_KEY, DATABASE_COLUMN, PARAMETER_TYPE, LIST_DEFINITION, PARAMETER_GROUP, SEQUENCE_NUM, CREATED_BY, DATE_CREATED, MODIFIED_BY, DATE_MODIFIED, VERSION, COLLECTION_NAME, DEFAULT_VALUE, DISPLAY_ON_DASHBOARD) 
            values (2159,4017,'toDate','END_FIELD','DATE_SUBMITTED','datePicker',null,'TIME_FRAME',3,5661,to_date('20-AUG-12','DD-MON-RR'),5661,to_date('20-AUG-12','DD-MON-RR'),0,null, '12/31/2012', 1);
        Insert into TMP_REPORT_PARAMETER (REPORT_PARAMETER_ID, REPORT_ID, PARAMETER_NAME, PARAMETER_CM_KEY, DATABASE_COLUMN, PARAMETER_TYPE, LIST_DEFINITION, PARAMETER_GROUP, SEQUENCE_NUM, CREATED_BY, DATE_CREATED, MODIFIED_BY, DATE_MODIFIED, VERSION, COLLECTION_NAME, DEFAULT_VALUE, DISPLAY_ON_DASHBOARD) 
            values (2160,4017,'parentNodeId','ORG_NAME','organizationList','selectQuery','com.biperf.core.domain.node.processParameterValueChoices.NodesAsHierarchyByUser','PARTICIPANTS',4,5661,to_date('20-AUG-12','DD-MON-RR'),5661,to_date('20-AUG-12','DD-MON-RR'),0,'organizationList','show_all', 1);
        Insert into TMP_REPORT_PARAMETER (REPORT_PARAMETER_ID, REPORT_ID, PARAMETER_NAME, PARAMETER_CM_KEY, DATABASE_COLUMN, PARAMETER_TYPE, LIST_DEFINITION, PARAMETER_GROUP, SEQUENCE_NUM, CREATED_BY, DATE_CREATED, MODIFIED_BY, DATE_MODIFIED, VERSION, COLLECTION_NAME, DEFAULT_VALUE) 
            values (2161,4017,'department','DEPARTMENT_FIELD','departmentTypeList','multiSelectPick','picklist.department.type','PARTICIPANTS',5,5661,to_date('20-AUG-12','DD-MON-RR'),5661,to_date('20-AUG-12','DD-MON-RR'),0,'departmentTypeList','show_all');
        Insert into TMP_REPORT_PARAMETER (REPORT_PARAMETER_ID, REPORT_ID, PARAMETER_NAME, PARAMETER_CM_KEY, DATABASE_COLUMN, PARAMETER_TYPE, LIST_DEFINITION, PARAMETER_GROUP, SEQUENCE_NUM, CREATED_BY, DATE_CREATED, MODIFIED_BY, DATE_MODIFIED, VERSION, COLLECTION_NAME, DEFAULT_VALUE) 
            values (2162,4017,'jobPosition','JOB_POSITION_FIELD','positionTypeList','selectPicklist','picklist.positiontype','PARTICIPANTS',6,5661,to_date('20-AUG-12','DD-MON-RR'),5661,to_date('20-AUG-12','DD-MON-RR'),0,'jobPositionTypeList','show_all');
        Insert into TMP_REPORT_PARAMETER (REPORT_PARAMETER_ID, REPORT_ID, PARAMETER_NAME, PARAMETER_CM_KEY, DATABASE_COLUMN, PARAMETER_TYPE, LIST_DEFINITION, PARAMETER_GROUP, SEQUENCE_NUM, CREATED_BY, DATE_CREATED, MODIFIED_BY, DATE_MODIFIED, VERSION, COLLECTION_NAME, DEFAULT_VALUE) 
            values (2163,4017,'participantStatus','PARTICIPANT_STATUS_FIELD','participantStatusList','selectPicklist','picklist.participantstatus','PARTICIPANTS',7,5661,to_date('20-AUG-12','DD-MON-RR'),5661,to_date('20-AUG-12','DD-MON-RR'),0,'participantStatusList','active');
        Insert into TMP_REPORT_PARAMETER (REPORT_PARAMETER_ID, REPORT_ID, PARAMETER_NAME, PARAMETER_CM_KEY, DATABASE_COLUMN, PARAMETER_TYPE, LIST_DEFINITION, PARAMETER_GROUP, SEQUENCE_NUM, CREATED_BY, DATE_CREATED, MODIFIED_BY, DATE_MODIFIED, VERSION, COLLECTION_NAME, DEFAULT_VALUE) 
            values (2164,4017,'givenType','GIVEN_FIELD','givenTypeList','selectPicklist','picklist.given.type','EXPORT_SELECTION',8,5661,to_date('20-AUG-12','DD-MON-RR'),5661,to_date('20-AUG-12','DD-MON-RR'),0,'givenTypeList','have');
        Insert into TMP_REPORT_PARAMETER (REPORT_PARAMETER_ID, REPORT_ID, PARAMETER_NAME, PARAMETER_CM_KEY, DATABASE_COLUMN, PARAMETER_TYPE, LIST_DEFINITION, PARAMETER_GROUP, SEQUENCE_NUM, CREATED_BY, DATE_CREATED, MODIFIED_BY, DATE_MODIFIED, VERSION, COLLECTION_NAME, DEFAULT_VALUE) 
            values (2165,4017,'countryId','COUNTRY_FIELD','countryList','multiSelectQuery','com.biperf.core.domain.country.processParameterValueChoices.allLiveCountries','PARTICIPANTS',9,5661,to_date('20-AUG-12','DD-MON-RR'),5661,to_date('20-AUG-12','DD-MON-RR'),0,'countryList','show_all');
           
      --Recognition Received By Pax    
    Insert into TMP_REPORT (REPORT_ID,REPORT_CODE, CM_ASSET_CODE,REPORT_NAME_CM_KEY,REPORT_CATEGORY_TYPE,MODULE,REPORT_DESCRIPTION_CM_KEY,REPORT_URL,IS_ACTIVE,CREATED_BY,DATE_CREATED,MODIFIED_BY,DATE_MODIFIED,VERSION, FORCE_PARAMETERS, EXPORT_ONLY) 
          values (4018,'recReceivedByPax','report.recognition.receivedbypax','REPORT_NAME','recognition','install.recognition','REPORT_DESCRIPTION','/reports/displayRecognitionReceivedByPaxReport.do?method=displaySummaryReport',1,0,sysdate,null,null,0,0,0);
          --Recognition Received By Pax Charts
          Insert into TMP_REPORT_CHART (REPORT_CHART_ID, CAPTION_CM_KEY, SUBCAPTION_CM_KEY, CHART_DATA_URL, REPORT_ID, SHOW_LABELS, SHOW_LEGEND, ENABLE_SMART_LABELS, X_AXIS_NAME_CM_KEY, Y_AXIS_NAME_CM_KEY, SEQUENCE_NUM, DISPLAY_LIMIT, CREATED_BY, DATE_CREATED, VERSION, CHART_TYPE)
            values (3076, 'RECOG_RPAX_CHART_CAPTION', 'RECOG_RPAX_CHART_SUBCAPTION', '/reports/displayRecognitionReceivedByPaxReport.do?method=displayRecognitionsReceivedByParticipantBarchart', 4018, 1, 1, 0, 'RECOG_RPAX_CHART_X_AXIS_NAME', 'RECOG_RPAX_CHART_Y_AXIS_NAME', 0, 20, 0, sysdate, 0, 'Column3D');
        Insert into TMP_REPORT_CHART (REPORT_CHART_ID, CAPTION_CM_KEY, SUBCAPTION_CM_KEY, CHART_DATA_URL, REPORT_ID, SHOW_LABELS, SHOW_LEGEND, ENABLE_SMART_LABELS, X_AXIS_NAME_CM_KEY, Y_AXIS_NAME_CM_KEY, SEQUENCE_NUM, DISPLAY_LIMIT, CREATED_BY, DATE_CREATED, VERSION, CHART_TYPE)
            values (3077, 'POINTS_RPAX_CHART_CAPTION', 'POINTS_RPAX_CHART_SUBCAPTION', '/reports/displayRecognitionReceivedByPaxReport.do?method=displayRecognitionPointsReceivedByParticipantBarchart', 4018, 1, 1, 0, 'POINTS_RPAX_CHART_X_AXIS_NAME', 'POINTS_RPAX_CHART_Y_AXIS_NAME', 1, 20, 0, sysdate, 0, 'Column3D');
        Insert into TMP_REPORT_CHART (REPORT_CHART_ID, CAPTION_CM_KEY, SUBCAPTION_CM_KEY, CHART_DATA_URL, REPORT_ID, SHOW_LABELS, SHOW_LEGEND, ENABLE_SMART_LABELS, X_AXIS_NAME_CM_KEY, Y_AXIS_NAME_CM_KEY, SEQUENCE_NUM, DISPLAY_LIMIT, CREATED_BY, DATE_CREATED, VERSION, CHART_TYPE)
            values (3078, 'RECOG_RPROMOTION_CHART_CAPTION', 'RECOG_RPROMOTION_CHART_SUBCAPTION', '/reports/displayRecognitionReceivedByPaxReport.do?method=displayRecognitionsReceivedByPromotionBarchart', 4018, 1, 1, 0, 'RECOG_RPROMOTION_CHART_X_AXIS_NAME', 'RECOG_RPROMOTION_CHART_Y_AXIS_NAME', 2, 20, 0, sysdate, 0, 'Column3D');
        --Insert into TMP_REPORT_CHART (REPORT_CHART_ID, CAPTION_CM_KEY, SUBCAPTION_CM_KEY, CHART_DATA_URL, REPORT_ID, SHOW_LABELS, SHOW_LEGEND, ENABLE_SMART_LABELS, X_AXIS_NAME_CM_KEY, Y_AXIS_NAME_CM_KEY, SEQUENCE_NUM, DISPLAY_LIMIT, CREATED_BY, DATE_CREATED, VERSION, CHART_TYPE)
            --values (3001, 'POINTS_RPROMOTION_CHART_CAPTION', 'POINTS_RPROMOTION_CHART_SUBCAPTION', '/reports/displayRecognitionReceivedByPaxReport.do?method=displayRecognitionPointsReceivedByPromotionBarchart', 4018, 1, 1, 0, 'POINTS_RPROMOTION_CHART_X_AXIS_NAME', 'POINTS_RPROMOTION_CHART_Y_AXIS_NAME', 3, 20, 0, sysdate, 0, 'Column3D');    
        Insert into TMP_REPORT_CHART (REPORT_CHART_ID, CAPTION_CM_KEY, SUBCAPTION_CM_KEY, CHART_DATA_URL, REPORT_ID, SHOW_LABELS, SHOW_LEGEND, ENABLE_SMART_LABELS, X_AXIS_NAME_CM_KEY, Y_AXIS_NAME_CM_KEY, SEQUENCE_NUM, DISPLAY_LIMIT, CREATED_BY, DATE_CREATED, VERSION, CHART_TYPE)
            values (3079, 'R_METRICS_BARCHART_CAPTION', 'R_METRICS_BARCHART_SUBCAPTION', '/reports/displayRecognitionReceivedByPaxReport.do?method=displayRecognitionsReceivedMetricsBarchart', 4018, 1, 0, 0, null, 'METRICS_CHART_RPAX_Y_AXIS_NAME', 3, 20, 0, sysdate, 0, 'Bar2D');
        Insert into TMP_REPORT_CHART (REPORT_CHART_ID, CAPTION_CM_KEY, SUBCAPTION_CM_KEY, CHART_DATA_URL, REPORT_ID, SHOW_LABELS, SHOW_LEGEND, ENABLE_SMART_LABELS, SHOW_PERCENT_VALUES, X_AXIS_NAME_CM_KEY, Y_AXIS_NAME_CM_KEY, SEQUENCE_NUM, DISPLAY_LIMIT, CREATED_BY, DATE_CREATED, VERSION, CHART_TYPE)
            values (3080, 'R_PAX_RATE_PIECHART_CAPTION', 'R_PAX_RATE_PIECHART_SUBCAPTION', '/reports/displayRecognitionReceivedByPaxReport.do?method=displayRecognitionsReceivedParticipationRateByPaxPiechart', 4018, 0, 1, 0, 1, null, null, 4, 20, 0, sysdate, 0, 'Pie2D');
        Insert into TMP_REPORT_CHART (REPORT_CHART_ID, CAPTION_CM_KEY, SUBCAPTION_CM_KEY, CHART_DATA_URL, REPORT_ID, SHOW_LABELS, SHOW_LEGEND, ENABLE_SMART_LABELS, SHOW_PERCENT_VALUES, X_AXIS_NAME_CM_KEY, Y_AXIS_NAME_CM_KEY, SEQUENCE_NUM, DISPLAY_LIMIT, CREATED_BY, DATE_CREATED, VERSION, CHART_TYPE)
            values (3081, 'R_PAX_SCATTER_CAPTION', 'R_PAX_SCATTER_SUBCAPTION', '/reports/displayRecognitionReceivedByPaxReport.do?method=displayRecognitionsReceivedScatterPlot', 4018, 0, 1, 0, 1, 'REC_RECEIVED_SCATTER_X_AXIS_NAME', 'REC_RECEIVED_SCATTER_Y_AXIS_NAME', 5, 20, 0, sysdate, 0, 'Scatter');
        --Report Parameters
        Insert into TMP_REPORT_PARAMETER (REPORT_PARAMETER_ID, REPORT_ID, PARAMETER_NAME, PARAMETER_CM_KEY, DATABASE_COLUMN, PARAMETER_TYPE, LIST_DEFINITION, PARAMETER_GROUP, SEQUENCE_NUM, CREATED_BY, DATE_CREATED, MODIFIED_BY, DATE_MODIFIED, VERSION, COLLECTION_NAME, DEFAULT_VALUE) 
            values (2166,4018,'promotionStatus','PROMOTION_STATUS_FIELD','reportPromotionStatusTypeList','selectPicklist','picklist.reportpromotion.statustype','BASICS',0,5661,to_date('20-AUG-12','DD-MON-RR'),5661,to_date('20-AUG-12','DD-MON-RR'),0,'reportPromotionStatusTypeList','live');
        Insert into TMP_REPORT_PARAMETER (REPORT_PARAMETER_ID, REPORT_ID, PARAMETER_NAME, PARAMETER_CM_KEY, DATABASE_COLUMN, PARAMETER_TYPE, LIST_DEFINITION, PARAMETER_GROUP, SEQUENCE_NUM, CREATED_BY, DATE_CREATED, MODIFIED_BY, DATE_MODIFIED, VERSION, COLLECTION_NAME, DEFAULT_VALUE, DISPLAY_ON_DASHBOARD) 
            values (2167,4018,'promotionId','PROMOTION_FIELD','promotionTypeList','multiSelectQuery','com.biperf.core.domain.node.reportParameterValueChoices.allLiveRecognitionPromotions','BASICS',1,5661,to_date('20-AUG-12','DD-MON-RR'),5661,to_date('20-AUG-12','DD-MON-RR'),0,'promotionTypeList','show_all', 1);
        Insert into TMP_REPORT_PARAMETER (REPORT_PARAMETER_ID, REPORT_ID, PARAMETER_NAME, PARAMETER_CM_KEY, DATABASE_COLUMN, PARAMETER_TYPE, LIST_DEFINITION, PARAMETER_GROUP, SEQUENCE_NUM, CREATED_BY, DATE_CREATED, MODIFIED_BY, DATE_MODIFIED, VERSION, COLLECTION_NAME, DEFAULT_VALUE, DISPLAY_ON_DASHBOARD) 
            values (2168,4018,'fromDate','START_FIELD','DATE_SUBMITTED','datePicker',null,'TIME_FRAME',2,5661,to_date('20-AUG-12','DD-MON-RR'),5661,to_date('20-AUG-12','DD-MON-RR'),0,null, '01/01/2012', 1);
        Insert into TMP_REPORT_PARAMETER (REPORT_PARAMETER_ID, REPORT_ID, PARAMETER_NAME, PARAMETER_CM_KEY, DATABASE_COLUMN, PARAMETER_TYPE, LIST_DEFINITION, PARAMETER_GROUP, SEQUENCE_NUM, CREATED_BY, DATE_CREATED, MODIFIED_BY, DATE_MODIFIED, VERSION, COLLECTION_NAME, DEFAULT_VALUE, DISPLAY_ON_DASHBOARD) 
            values (2169,4018,'toDate','END_FIELD','DATE_SUBMITTED','datePicker',null,'TIME_FRAME',3,5661,to_date('20-AUG-12','DD-MON-RR'),5661,to_date('20-AUG-12','DD-MON-RR'),0,null, '12/31/2012', 1);
        Insert into TMP_REPORT_PARAMETER (REPORT_PARAMETER_ID, REPORT_ID, PARAMETER_NAME, PARAMETER_CM_KEY, DATABASE_COLUMN, PARAMETER_TYPE, LIST_DEFINITION, PARAMETER_GROUP, SEQUENCE_NUM, CREATED_BY, DATE_CREATED, MODIFIED_BY, DATE_MODIFIED, VERSION, COLLECTION_NAME, DEFAULT_VALUE, DISPLAY_ON_DASHBOARD) 
            values (2170,4018,'parentNodeId','ORG_NAME','organizationList','selectQuery','com.biperf.core.domain.node.processParameterValueChoices.NodesAsHierarchyByUser','PARTICIPANTS',4,5661,to_date('20-AUG-12','DD-MON-RR'),5661,to_date('20-AUG-12','DD-MON-RR'),0,'organizationList','show_all', 1);
        Insert into TMP_REPORT_PARAMETER (REPORT_PARAMETER_ID, REPORT_ID, PARAMETER_NAME, PARAMETER_CM_KEY, DATABASE_COLUMN, PARAMETER_TYPE, LIST_DEFINITION, PARAMETER_GROUP, SEQUENCE_NUM, CREATED_BY, DATE_CREATED, MODIFIED_BY, DATE_MODIFIED, VERSION, COLLECTION_NAME, DEFAULT_VALUE) 
            values (2171,4018,'department','DEPARTMENT_FIELD','departmentTypeList','multiSelectPick','picklist.department.type','PARTICIPANTS',5,5661,to_date('20-AUG-12','DD-MON-RR'),5661,to_date('20-AUG-12','DD-MON-RR'),0,'departmentTypeList','show_all');
        Insert into TMP_REPORT_PARAMETER (REPORT_PARAMETER_ID, REPORT_ID, PARAMETER_NAME, PARAMETER_CM_KEY, DATABASE_COLUMN, PARAMETER_TYPE, LIST_DEFINITION, PARAMETER_GROUP, SEQUENCE_NUM, CREATED_BY, DATE_CREATED, MODIFIED_BY, DATE_MODIFIED, VERSION, COLLECTION_NAME, DEFAULT_VALUE) 
            values (2172,4018,'jobPosition','JOB_POSITION_FIELD','positionTypeList','selectPicklist','picklist.positiontype','PARTICIPANTS',6,5661,to_date('20-AUG-12','DD-MON-RR'),5661,to_date('20-AUG-12','DD-MON-RR'),0,'jobPositionTypeList','show_all');
        Insert into TMP_REPORT_PARAMETER (REPORT_PARAMETER_ID, REPORT_ID, PARAMETER_NAME, PARAMETER_CM_KEY, DATABASE_COLUMN, PARAMETER_TYPE, LIST_DEFINITION, PARAMETER_GROUP, SEQUENCE_NUM, CREATED_BY, DATE_CREATED, MODIFIED_BY, DATE_MODIFIED, VERSION, COLLECTION_NAME, DEFAULT_VALUE) 
            values (2173,4018,'participantStatus','PARTICIPANT_STATUS_FIELD','participantStatusList','selectPicklist','picklist.participantstatus','PARTICIPANTS',7,5661,to_date('20-AUG-12','DD-MON-RR'),5661,to_date('20-AUG-12','DD-MON-RR'),0,'participantStatusList','active');
        Insert into TMP_REPORT_PARAMETER (REPORT_PARAMETER_ID, REPORT_ID, PARAMETER_NAME, PARAMETER_CM_KEY, DATABASE_COLUMN, PARAMETER_TYPE, LIST_DEFINITION, PARAMETER_GROUP, SEQUENCE_NUM, CREATED_BY, DATE_CREATED, MODIFIED_BY, DATE_MODIFIED, VERSION, COLLECTION_NAME, DEFAULT_VALUE) 
            values (2174,4018,'receivedType','RECEIVED','receivedTypeList','selectPicklist','picklist.received.type','EXPORT_SELECTION',8,5661,to_date('20-AUG-12','DD-MON-RR'),5661,to_date('20-AUG-12','DD-MON-RR'),0,'receivedTypeList','have');
        Insert into TMP_REPORT_PARAMETER (REPORT_PARAMETER_ID, REPORT_ID, PARAMETER_NAME, PARAMETER_CM_KEY, DATABASE_COLUMN, PARAMETER_TYPE, LIST_DEFINITION, PARAMETER_GROUP, SEQUENCE_NUM, CREATED_BY, DATE_CREATED, MODIFIED_BY, DATE_MODIFIED, VERSION, COLLECTION_NAME, DEFAULT_VALUE) 
            values (2175,4018,'countryId','COUNTRY_FIELD','countryList','multiSelectQuery','com.biperf.core.domain.country.processParameterValueChoices.allLiveCountries','PARTICIPANTS',9,5661,to_date('20-AUG-12','DD-MON-RR'),5661,to_date('20-AUG-12','DD-MON-RR'),0,'countryList','show_all');
            
   --Quiz Activity Report
    Insert into TMP_REPORT (REPORT_ID,REPORT_CODE, CM_ASSET_CODE, REPORT_NAME_CM_KEY, REPORT_CATEGORY_TYPE, MODULE, REPORT_DESCRIPTION_CM_KEY, REPORT_URL, IS_ACTIVE, CREATED_BY, DATE_CREATED, VERSION, FORCE_PARAMETERS, EXPORT_ONLY)
           values (4019,'quizActivity','report.quizzes.quizactivity','REPORT_NAME', 'quizzes','install.quizzes', 'REPORT_DESCRIPTION', '/reports/displayQuizActivityReport.do?method=displaySummaryReport', 1, 0, sysdate, 0, 0, 0);
           --Quiz Activity Charts
           Insert into TMP_REPORT_CHART (REPORT_CHART_ID, CAPTION_CM_KEY, SUBCAPTION_CM_KEY, CHART_DATA_URL, REPORT_ID, SHOW_LABELS, SHOW_LEGEND, ENABLE_SMART_LABELS, X_AXIS_NAME_CM_KEY, Y_AXIS_NAME_CM_KEY, SEQUENCE_NUM, DISPLAY_LIMIT, CREATED_BY, DATE_CREATED, VERSION, CHART_TYPE)
            values (3082, 'Q_ACT_BARCHART_CAPTION', 'Q_ACT_BARCHART_SUBCAPTION', '/reports/displayQuizActivityReport.do?method=displayQuizActivityForOrgBarchart', 4019, 1, 1, 0, 'QUIZ_ACTIVITY_XAXIS', 'QUIZ_ACTIVITY_YAXIS', 0, 20, 0, sysdate, 0, 'MSColumn3D');
         Insert into TMP_REPORT_CHART (REPORT_CHART_ID, CAPTION_CM_KEY, SUBCAPTION_CM_KEY, CHART_DATA_URL, REPORT_ID, SHOW_LABELS, SHOW_LEGEND, ENABLE_SMART_LABELS, X_AXIS_NAME_CM_KEY, Y_AXIS_NAME_CM_KEY, SEQUENCE_NUM, DISPLAY_LIMIT, CREATED_BY, DATE_CREATED, VERSION, CHART_TYPE)
            values (3083, 'Q_STAT_BARCHART_CAPTION', 'Q_STAT_BARCHART_SUBCAPTION', '/reports/displayQuizActivityReport.do?method=displayQuizStatusPercentForOrgBarchart', 4019, 1, 1, 0, 'QUIZ_STATUS_XAXIS', 'QUIZ_STATUS_YAXIS', 1, 20, 0, sysdate, 0, 'MSColumn3D');
         --Report Parameters
        Insert into TMP_REPORT_PARAMETER (REPORT_PARAMETER_ID, REPORT_ID, PARAMETER_NAME, PARAMETER_CM_KEY, DATABASE_COLUMN, PARAMETER_TYPE, LIST_DEFINITION, PARAMETER_GROUP, SEQUENCE_NUM, CREATED_BY, DATE_CREATED, MODIFIED_BY, DATE_MODIFIED, VERSION, COLLECTION_NAME, DEFAULT_VALUE) 
            values (2176,4019,'promotionStatus','PROMOTION_STATUS_FIELD','reportPromotionStatusTypeList','selectPicklist','picklist.reportpromotion.statustype','BASICS',0,5661,to_date('20-AUG-12','DD-MON-RR'),5661,to_date('20-AUG-12','DD-MON-RR'),0,'reportPromotionStatusTypeList','live');
        Insert into TMP_REPORT_PARAMETER (REPORT_PARAMETER_ID, REPORT_ID, PARAMETER_NAME, PARAMETER_CM_KEY, DATABASE_COLUMN, PARAMETER_TYPE, LIST_DEFINITION, PARAMETER_GROUP, SEQUENCE_NUM, CREATED_BY, DATE_CREATED, MODIFIED_BY, DATE_MODIFIED, VERSION, COLLECTION_NAME, DEFAULT_VALUE, DISPLAY_ON_DASHBOARD) 
            values (2177,4019,'promotionId','PROMOTION_FIELD','promotionTypeList','multiSelectQuery','com.biperf.core.domain.node.reportParameterValueChoices.allLiveQuizPromotions','BASICS',1,5661,to_date('20-AUG-12','DD-MON-RR'),5661,to_date('20-AUG-12','DD-MON-RR'),0,'promotionTypeList','show_all', 1);
        Insert into TMP_REPORT_PARAMETER (REPORT_PARAMETER_ID, REPORT_ID, PARAMETER_NAME, PARAMETER_CM_KEY, DATABASE_COLUMN, PARAMETER_TYPE, LIST_DEFINITION, PARAMETER_GROUP, SEQUENCE_NUM, CREATED_BY, DATE_CREATED, MODIFIED_BY, DATE_MODIFIED, VERSION, COLLECTION_NAME, DEFAULT_VALUE, DISPLAY_ON_DASHBOARD) 
            values (2178,4019,'fromDate','START_FIELD','DATE_SUBMITTED','datePicker',null,'TIME_FRAME',2,5661,to_date('20-AUG-12','DD-MON-RR'),5661,to_date('20-AUG-12','DD-MON-RR'),0,null, '01/01/2012', 1);
        Insert into TMP_REPORT_PARAMETER (REPORT_PARAMETER_ID, REPORT_ID, PARAMETER_NAME, PARAMETER_CM_KEY, DATABASE_COLUMN, PARAMETER_TYPE, LIST_DEFINITION, PARAMETER_GROUP, SEQUENCE_NUM, CREATED_BY, DATE_CREATED, MODIFIED_BY, DATE_MODIFIED, VERSION, COLLECTION_NAME, DEFAULT_VALUE, DISPLAY_ON_DASHBOARD) 
            values (2179,4019,'toDate','END_FIELD','DATE_SUBMITTED','datePicker',null,'TIME_FRAME',3,5661,to_date('20-AUG-12','DD-MON-RR'),5661,to_date('20-AUG-12','DD-MON-RR'),0,null, '12/31/2012', 1);
        Insert into TMP_REPORT_PARAMETER (REPORT_PARAMETER_ID, REPORT_ID, PARAMETER_NAME, PARAMETER_CM_KEY, DATABASE_COLUMN, PARAMETER_TYPE, LIST_DEFINITION, PARAMETER_GROUP, SEQUENCE_NUM, CREATED_BY, DATE_CREATED, MODIFIED_BY, DATE_MODIFIED, VERSION, COLLECTION_NAME, DEFAULT_VALUE) 
            values (2180,4019,'participantStatus','PARTICIPANT_STATUS_FIELD','participantStatusList','selectPicklist','picklist.participantstatus','PARTICIPANTS',4,5661,to_date('20-AUG-12','DD-MON-RR'),5661,to_date('20-AUG-12','DD-MON-RR'),0,'participantStatusList','active');
        Insert into TMP_REPORT_PARAMETER (REPORT_PARAMETER_ID, REPORT_ID, PARAMETER_NAME, PARAMETER_CM_KEY, DATABASE_COLUMN, PARAMETER_TYPE, LIST_DEFINITION, PARAMETER_GROUP, SEQUENCE_NUM, CREATED_BY, DATE_CREATED, MODIFIED_BY, DATE_MODIFIED, VERSION, COLLECTION_NAME, DEFAULT_VALUE) 
            values (2181,4019,'jobPosition','JOB_POSITION_FIELD','positionTypeList','selectPicklist','picklist.positiontype','PARTICIPANTS',5,5661,to_date('20-AUG-12','DD-MON-RR'),5661,to_date('20-AUG-12','DD-MON-RR'),0,'jobPositionTypeList','show_all');
        Insert into TMP_REPORT_PARAMETER (REPORT_PARAMETER_ID, REPORT_ID, PARAMETER_NAME, PARAMETER_CM_KEY, DATABASE_COLUMN, PARAMETER_TYPE, LIST_DEFINITION, PARAMETER_GROUP, SEQUENCE_NUM, CREATED_BY, DATE_CREATED, MODIFIED_BY, DATE_MODIFIED, VERSION, COLLECTION_NAME, DEFAULT_VALUE) 
            values (2182,4019,'department','DEPARTMENT_FIELD','departmentTypeList','multiSelectPick','picklist.department.type','PARTICIPANTS',6,5661,to_date('20-AUG-12','DD-MON-RR'),5661,to_date('20-AUG-12','DD-MON-RR'),0,'departmentTypeList','show_all');
        Insert into TMP_REPORT_PARAMETER (REPORT_PARAMETER_ID, REPORT_ID, PARAMETER_NAME, PARAMETER_CM_KEY, DATABASE_COLUMN, PARAMETER_TYPE, LIST_DEFINITION, PARAMETER_GROUP, SEQUENCE_NUM, CREATED_BY, DATE_CREATED, MODIFIED_BY, DATE_MODIFIED, VERSION, COLLECTION_NAME, DEFAULT_VALUE) 
            values (2183,4019,'result','QUIZ_RESULT','quizResultTypeList','selectPicklist','picklist.quiz.result.type','BASICS',7,5661,to_date('20-AUG-12','DD-MON-RR'),5661,to_date('20-AUG-12','DD-MON-RR'),0,'quizResultTypeList',null);
           
    --Quiz Analysis Report
    Insert into TMP_REPORT (REPORT_ID,REPORT_CODE, CM_ASSET_CODE, REPORT_NAME_CM_KEY, REPORT_CATEGORY_TYPE, MODULE, REPORT_DESCRIPTION_CM_KEY, REPORT_URL, IS_ACTIVE, CREATED_BY, DATE_CREATED, VERSION, FORCE_PARAMETERS, EXPORT_ONLY)
           values (4020,'quizAnalysis','report.quizzes.quizanalysis','REPORT_NAME', 'quizzes','install.quizzes', 'REPORT_DESCRIPTION', '/reports/displayQuizAnalysisReport.do?method=displaySummaryReport', 1, 0, sysdate, 0, 1, 0);
           --Quiz Analysis Charts
           Insert into TMP_REPORT_CHART (REPORT_CHART_ID, CAPTION_CM_KEY, SUBCAPTION_CM_KEY, CHART_DATA_URL, REPORT_ID, SHOW_LABELS, SHOW_LEGEND, ENABLE_SMART_LABELS, X_AXIS_NAME_CM_KEY, Y_AXIS_NAME_CM_KEY, SEQUENCE_NUM, DISPLAY_LIMIT, CREATED_BY, DATE_CREATED, VERSION, CHART_TYPE)
            values (3084, 'Q_QUES_BARCHART_CAPTION', 'Q_QUES_BARCHART_SUBCAPTION', '/reports/displayQuizAnalysisReport.do?method=displayQuizQuestionAnalysisBarchart', 4020, 1, 1, 0, 'QUIZ_QUESTION_XAXIS', 'QUIZ_QUESTION_YAXIS', 0, 20, 0, sysdate, 0, 'MSColumn3D');
         Insert into TMP_REPORT_CHART (REPORT_CHART_ID, CAPTION_CM_KEY, SUBCAPTION_CM_KEY, CHART_DATA_URL, REPORT_ID, SHOW_LABELS, SHOW_LEGEND, ENABLE_SMART_LABELS, X_AXIS_NAME_CM_KEY, Y_AXIS_NAME_CM_KEY, SEQUENCE_NUM, DISPLAY_LIMIT, CREATED_BY, DATE_CREATED, VERSION, CHART_TYPE)
            values (3085, 'Q_ATPT_BARCHART_CAPTION', 'Q_ATPT_BARCHART_SUBCAPTION', '/reports/displayQuizAnalysisReport.do?method=displayQuizAttemptsPercentForOrgBarchart', 4020, 1, 1, 0, 'QUIZ_ATTEMPT_XAXIS', 'QUIZ_ATTEMPT_YAXIS', 1, 20, 0, sysdate, 0, 'MSColumn3D');
         Insert into TMP_REPORT_CHART (REPORT_CHART_ID, CAPTION_CM_KEY, SUBCAPTION_CM_KEY, CHART_DATA_URL, REPORT_ID, SHOW_LABELS, SHOW_LEGEND, ENABLE_SMART_LABELS, X_AXIS_NAME_CM_KEY, Y_AXIS_NAME_CM_KEY, SEQUENCE_NUM, DISPLAY_LIMIT, CREATED_BY, DATE_CREATED, VERSION, CHART_TYPE)
            values (3086, 'Q_ANASTAT_BARCHART_CAPTION', 'Q_ANASTAT_BARCHART_SUBCAPTION', '/reports/displayQuizAnalysisReport.do?method=displayQuizAttemptStatusForOrgBarchart', 4020, 1, 1, 0, 'QUIZ_ATTEMPT_STATUS_XAXIS', 'QUIZ_ATTEMPT_STATUS_YAXIS', 2, 20, 0, sysdate, 0, 'MSColumn3D');
         --Report Parameters
        Insert into TMP_REPORT_PARAMETER (REPORT_PARAMETER_ID, REPORT_ID, PARAMETER_NAME, PARAMETER_CM_KEY, DATABASE_COLUMN, PARAMETER_TYPE, LIST_DEFINITION, PARAMETER_GROUP, SEQUENCE_NUM, CREATED_BY, DATE_CREATED, MODIFIED_BY, DATE_MODIFIED, VERSION, COLLECTION_NAME, DEFAULT_VALUE) 
            values (2184,4020,'promotionStatus','PROMOTION_STATUS_FIELD','reportPromotionStatusTypeList','selectPicklist','picklist.reportpromotion.statustype','BASICS',0,5661,to_date('20-AUG-12','DD-MON-RR'),5661,to_date('20-AUG-12','DD-MON-RR'),0,'reportPromotionStatusTypeList','live');
        Insert into TMP_REPORT_PARAMETER (REPORT_PARAMETER_ID, REPORT_ID, PARAMETER_NAME, PARAMETER_CM_KEY, DATABASE_COLUMN, PARAMETER_TYPE, LIST_DEFINITION, PARAMETER_GROUP, SEQUENCE_NUM, CREATED_BY, DATE_CREATED, MODIFIED_BY, DATE_MODIFIED, VERSION, COLLECTION_NAME, DEFAULT_VALUE, DISPLAY_ON_DASHBOARD) 
            values (2185,4020,'promotionId','PROMOTION_FIELD','promotionTypeList','selectQuery','com.biperf.core.domain.node.reportParameterValueChoices.allLiveQuizPromotions','BASICS',1,5661,to_date('20-AUG-12','DD-MON-RR'),5661,to_date('20-AUG-12','DD-MON-RR'),0,'promotionTypeList','show_all', 1);
        Insert into TMP_REPORT_PARAMETER (REPORT_PARAMETER_ID, REPORT_ID, PARAMETER_NAME, PARAMETER_CM_KEY, DATABASE_COLUMN, PARAMETER_TYPE, LIST_DEFINITION, PARAMETER_GROUP, SEQUENCE_NUM, CREATED_BY, DATE_CREATED, MODIFIED_BY, DATE_MODIFIED, VERSION, COLLECTION_NAME, DEFAULT_VALUE, DISPLAY_ON_DASHBOARD) 
            values (2186,4020,'fromDate','START_FIELD','DATE_SUBMITTED','datePicker',null,'TIME_FRAME',2,5661,to_date('20-AUG-12','DD-MON-RR'),5661,to_date('20-AUG-12','DD-MON-RR'),0,null, '01/01/2012', 1);
        Insert into TMP_REPORT_PARAMETER (REPORT_PARAMETER_ID, REPORT_ID, PARAMETER_NAME, PARAMETER_CM_KEY, DATABASE_COLUMN, PARAMETER_TYPE, LIST_DEFINITION, PARAMETER_GROUP, SEQUENCE_NUM, CREATED_BY, DATE_CREATED, MODIFIED_BY, DATE_MODIFIED, VERSION, COLLECTION_NAME, DEFAULT_VALUE, DISPLAY_ON_DASHBOARD) 
            values (2187,4020,'toDate','END_FIELD','DATE_SUBMITTED','datePicker',null,'TIME_FRAME',3,5661,to_date('20-AUG-12','DD-MON-RR'),5661,to_date('20-AUG-12','DD-MON-RR'),0,null, '12/31/2012', 1);

    --Hierarchy Export Report
    Insert into TMP_REPORT (REPORT_ID,REPORT_CODE, CM_ASSET_CODE, REPORT_NAME_CM_KEY, REPORT_CATEGORY_TYPE, MODULE,REPORT_DESCRIPTION_CM_KEY, REPORT_URL, IS_ACTIVE, CREATED_BY, DATE_CREATED, VERSION, FORCE_PARAMETERS, EXPORT_ONLY)
           values (4021,'hierarchyExport','report.hierarchy.extract','REPORT_NAME', 'core', 'core','REPORT_DESCRIPTION', '/reports/displayHierarchyExportReport.do?method=displaySummaryReport', 1, 0, sysdate, 0, 0, 1);
      
      --Participant Export Report
    Insert into TMP_REPORT (REPORT_ID,REPORT_CODE, CM_ASSET_CODE, REPORT_NAME_CM_KEY, REPORT_CATEGORY_TYPE, MODULE, REPORT_DESCRIPTION_CM_KEY, REPORT_URL, IS_ACTIVE, CREATED_BY, DATE_CREATED, VERSION, FORCE_PARAMETERS, EXPORT_ONLY)
           values (4022,'participantExport','report.participant.extract','REPORT_NAME', 'core', 'core', 'REPORT_DESCRIPTION', '/reports/displayParticipantExportReport.do?method=displaySummaryReport', 1, 0, sysdate, 0,0,1);
          
    --Individual Activity
    Insert into TMP_REPORT (REPORT_ID,REPORT_CODE, CM_ASSET_CODE,REPORT_NAME_CM_KEY,REPORT_CATEGORY_TYPE, MODULE,REPORT_DESCRIPTION_CM_KEY,REPORT_URL,IS_ACTIVE,CREATED_BY,DATE_CREATED,MODIFIED_BY,DATE_MODIFIED,VERSION, FORCE_PARAMETERS, EXPORT_ONLY) 
          values (4023,'individualActivity','report.individual.activity','REPORT_NAME','core','core','REPORT_DESCRIPTION','/reports/displayIndividualActivityReport.do?method=displaySummaryReport',1,0,sysdate,null,null,0, 1, 0);
        --Individual Activity Charts
        Insert into TMP_REPORT_CHART (REPORT_CHART_ID, CAPTION_CM_KEY, SUBCAPTION_CM_KEY, CHART_DATA_URL, REPORT_ID, SHOW_LABELS, SHOW_LEGEND, ENABLE_SMART_LABELS, X_AXIS_NAME_CM_KEY, Y_AXIS_NAME_CM_KEY, SEQUENCE_NUM, DISPLAY_LIMIT, CREATED_BY, DATE_CREATED, VERSION, CHART_TYPE)
            values (3087, 'POINTS_RECEIVED_CHART_CAPTION', 'POINTS_RECEIVED_CHART_SUBCAPTION', '/reports/displayIndividualActivityReport.do?method=displayPointsReceivedChart', 4023, 1, 1, 0, 'POINTS_RECEIVED_X_AXIS', 'POINTS_RECEIVED_Y_AXIS', 0, 20, 0, sysdate, 0, 'Column3D');
          Insert into TMP_REPORT_CHART (REPORT_CHART_ID, CAPTION_CM_KEY, SUBCAPTION_CM_KEY, CHART_DATA_URL, REPORT_ID, SHOW_LABELS, SHOW_LEGEND, ENABLE_SMART_LABELS, X_AXIS_NAME_CM_KEY, Y_AXIS_NAME_CM_KEY, SEQUENCE_NUM, DISPLAY_LIMIT, CREATED_BY, DATE_CREATED, VERSION, CHART_TYPE)
            values (3088, 'POINTS_GIVEN_RECEIVED_CHART_CAPTION', 'POINTS_GIVEN_RECEIVED_CHART_SUBCAPTION', '/reports/displayIndividualActivityReport.do?method=displayPointsGivenReceivedChart', 4023, 1, 1, 0, 'POINTS_GIVEN_RECEIVED_X_AXIS', 'POINTS_GIVEN_RECEIVED_Y_AXIS', 1, 20, 0, sysdate, 0, 'MSColumn3D');
          Insert into TMP_REPORT_CHART (REPORT_CHART_ID, CAPTION_CM_KEY, SUBCAPTION_CM_KEY, CHART_DATA_URL, REPORT_ID, SHOW_LABELS, SHOW_LEGEND, ENABLE_SMART_LABELS, SHOW_PERCENT_VALUES, X_AXIS_NAME_CM_KEY, Y_AXIS_NAME_CM_KEY, SEQUENCE_NUM, DISPLAY_LIMIT, CREATED_BY, DATE_CREATED, VERSION, CHART_TYPE)
            values (3089, 'TOTAL_ACTIVITY_CHART_CAPTION', 'TOTAL_ACTIVITY_CHART_SUBCAPTION', '/reports/displayIndividualActivityReport.do?method=displayTotalActivityChart', 4023, 0, 1, 0, 1, null, null, 2, 20, 0, sysdate, 0, 'Pie2D');
        Insert into TMP_REPORT_CHART (REPORT_CHART_ID, CAPTION_CM_KEY, SUBCAPTION_CM_KEY, CHART_DATA_URL, REPORT_ID, SHOW_LABELS, SHOW_LEGEND, ENABLE_SMART_LABELS, SHOW_PERCENT_VALUES, X_AXIS_NAME_CM_KEY, Y_AXIS_NAME_CM_KEY, SEQUENCE_NUM, DISPLAY_LIMIT, CREATED_BY, DATE_CREATED, VERSION, CHART_TYPE)
            values (3090, 'METRICS_CHART_CAPTION', 'METRICS_CHART_SUBCAPTION', '/reports/displayIndividualActivityReport.do?method=displayMetricsChart', 4023, 1, 1, 0, 0, null, 'METRICS_Y_AXIS', 3, 20, 0, sysdate, 0, 'MSBar3D');
        --Report Parameters   
        Insert into TMP_REPORT_PARAMETER (REPORT_PARAMETER_ID, REPORT_ID, PARAMETER_NAME, PARAMETER_CM_KEY, DATABASE_COLUMN, PARAMETER_TYPE, LIST_DEFINITION, PARAMETER_GROUP, SEQUENCE_NUM, CREATED_BY, DATE_CREATED, MODIFIED_BY, DATE_MODIFIED, VERSION, COLLECTION_NAME, DEFAULT_VALUE, DISPLAY_ON_DASHBOARD) 
            values (2188,4023,'fromDate','START_FIELD','DATE_SUBMITTED','datePicker',null,'TIME_FRAME',0,5661,to_date('20-AUG-12','DD-MON-RR'),5661,to_date('20-AUG-12','DD-MON-RR'),0,null, '01/01/2012', 1);
        Insert into TMP_REPORT_PARAMETER (REPORT_PARAMETER_ID, REPORT_ID, PARAMETER_NAME, PARAMETER_CM_KEY, DATABASE_COLUMN, PARAMETER_TYPE, LIST_DEFINITION, PARAMETER_GROUP, SEQUENCE_NUM, CREATED_BY, DATE_CREATED, MODIFIED_BY, DATE_MODIFIED, VERSION, COLLECTION_NAME, DEFAULT_VALUE, DISPLAY_ON_DASHBOARD) 
            values (2189,4023,'toDate','END_FIELD','DATE_SUBMITTED','datePicker',null,'TIME_FRAME',1,5661,to_date('20-AUG-12','DD-MON-RR'),5661,to_date('20-AUG-12','DD-MON-RR'),0,null, '12/31/2012', 1);
        Insert into TMP_REPORT_PARAMETER (REPORT_PARAMETER_ID, REPORT_ID, PARAMETER_NAME, PARAMETER_CM_KEY, DATABASE_COLUMN, PARAMETER_TYPE, LIST_DEFINITION, PARAMETER_GROUP, SEQUENCE_NUM, CREATED_BY, DATE_CREATED, MODIFIED_BY, DATE_MODIFIED, VERSION, COLLECTION_NAME, DEFAULT_VALUE, DISPLAY_ON_DASHBOARD) 
            values (2190,4023,'firstName','FIRST_NAME','FIRST_NAME','text',null,'ParticipantSearch',2,5661,to_date('20-AUG-12','DD-MON-RR'),5661,to_date('20-AUG-12','DD-MON-RR'),0,null, null, 1);
        Insert into TMP_REPORT_PARAMETER (REPORT_PARAMETER_ID, REPORT_ID, PARAMETER_NAME, PARAMETER_CM_KEY, DATABASE_COLUMN, PARAMETER_TYPE, LIST_DEFINITION, PARAMETER_GROUP, SEQUENCE_NUM, CREATED_BY, DATE_CREATED, MODIFIED_BY, DATE_MODIFIED, VERSION, COLLECTION_NAME, DEFAULT_VALUE, DISPLAY_ON_DASHBOARD) 
            values (2191,4023,'lastName','LAST_NAME','LAST_NAME','text',null,'ParticipantSearch',3,5661,to_date('20-AUG-12','DD-MON-RR'),5661,to_date('20-AUG-12','DD-MON-RR'),0,null, null, 1);
        Insert into TMP_REPORT_PARAMETER (REPORT_PARAMETER_ID, REPORT_ID, PARAMETER_NAME, PARAMETER_CM_KEY, DATABASE_COLUMN, PARAMETER_TYPE, LIST_DEFINITION, PARAMETER_GROUP, SEQUENCE_NUM, CREATED_BY, DATE_CREATED, MODIFIED_BY, DATE_MODIFIED, VERSION, COLLECTION_NAME, DEFAULT_VALUE, DISPLAY_ON_DASHBOARD) 
            values (2192,4023,'paxId','PAX_ID','PAX_ID','hidden',null,'ParticipantSearch',4,5661,to_date('20-AUG-12','DD-MON-RR'),5661,to_date('20-AUG-12','DD-MON-RR'),0,null, null, 1);

            
    --Goal Quest Progress Report
    Insert into TMP_REPORT (REPORT_ID,REPORT_CODE, CM_ASSET_CODE,REPORT_NAME_CM_KEY,REPORT_CATEGORY_TYPE,MODULE,REPORT_DESCRIPTION_CM_KEY,REPORT_URL,IS_ACTIVE,CREATED_BY,DATE_CREATED,MODIFIED_BY,DATE_MODIFIED,VERSION, FORCE_PARAMETERS, EXPORT_ONLY) 
          values (4024,'gcProgress','report.goalquest.progress','REPORT_NAME','gq','install.goalquest','REPORT_DESCRIPTION','/reports/displayGoalQuestProgressReport.do?method=displaySummaryReport',1,0,sysdate,null,null,0, 0, 0);
        --Goal Quest Progress Charts
        Insert into TMP_REPORT_CHART (REPORT_CHART_ID, CAPTION_CM_KEY, SUBCAPTION_CM_KEY, CHART_DATA_URL, REPORT_ID, SHOW_LABELS, SHOW_LEGEND, ENABLE_SMART_LABELS, X_AXIS_NAME_CM_KEY, Y_AXIS_NAME_CM_KEY, SEQUENCE_NUM, DISPLAY_LIMIT, CREATED_BY, DATE_CREATED, VERSION, CHART_TYPE)
            values (3091, 'PROGRESS_CHART_CAPTION', 'PROGRESS_CHART_SUBCAPTION', '/reports/displayGoalQuestProgressReport.do?method=displayProgressToGoalChart', 4024, 1, 1, 0, 'GQ_PROGRESS_X_AXIS', 'GQ_PROGRESS_Y_AXIS', 0, 20, 0, sysdate, 0, 'Column3D');
          --Insert into TMP_REPORT_CHART (REPORT_CHART_ID, CAPTION_CM_KEY, SUBCAPTION_CM_KEY, CHART_DATA_URL, REPORT_ID, SHOW_LABELS, SHOW_LEGEND, ENABLE_SMART_LABELS, X_AXIS_NAME_CM_KEY, Y_AXIS_NAME_CM_KEY, SEQUENCE_NUM, DISPLAY_LIMIT, CREATED_BY, DATE_CREATED, VERSION, CHART_TYPE)
        --    values (3001, 'RESULTS_CHART_CAPTION', 'RESULTS_CHART_SUBCAPTION', '/reports/displayGoalQuestProgressReport.do?method=displayProgressResultsChart', 4024, 1, 1, 0, null, null, 1, 10, 0, sysdate, 0, 'MSColumn3D');
          --Report Parameters   
        Insert into TMP_REPORT_PARAMETER (REPORT_PARAMETER_ID, REPORT_ID, PARAMETER_NAME, PARAMETER_CM_KEY, DATABASE_COLUMN, PARAMETER_TYPE, LIST_DEFINITION, PARAMETER_GROUP, SEQUENCE_NUM, CREATED_BY, DATE_CREATED, MODIFIED_BY, DATE_MODIFIED, VERSION, COLLECTION_NAME, DEFAULT_VALUE) 
            values (2193,4024,'promotionStatus','PROMOTION_STATUS_FIELD','reportPromotionStatusTypeList','selectPicklist','picklist.reportpromotion.statustype','BASICS',0,5661,to_date('20-AUG-12','DD-MON-RR'),5661,to_date('20-AUG-12','DD-MON-RR'),0,'reportPromotionStatusTypeList','live');
        Insert into TMP_REPORT_PARAMETER (REPORT_PARAMETER_ID, REPORT_ID, PARAMETER_NAME, PARAMETER_CM_KEY, DATABASE_COLUMN, PARAMETER_TYPE, LIST_DEFINITION, PARAMETER_GROUP, SEQUENCE_NUM, CREATED_BY, DATE_CREATED, MODIFIED_BY, DATE_MODIFIED, VERSION, COLLECTION_NAME, DEFAULT_VALUE, DISPLAY_ON_DASHBOARD) 
            values (2194,4024,'promotionId','PROMOTION_FIELD','promotionTypeList','multiSelectQuery','com.biperf.core.domain.node.reportParameterValueChoices.allLiveGoalQuestPromotions','BASICS',1,5661,to_date('20-AUG-12','DD-MON-RR'),5661,to_date('20-AUG-12','DD-MON-RR'),0,'promotionTypeList','show_all', 1);
        Insert into TMP_REPORT_PARAMETER (REPORT_PARAMETER_ID, REPORT_ID, PARAMETER_NAME, PARAMETER_CM_KEY, DATABASE_COLUMN, PARAMETER_TYPE, LIST_DEFINITION, PARAMETER_GROUP, SEQUENCE_NUM, CREATED_BY, DATE_CREATED, MODIFIED_BY, DATE_MODIFIED, VERSION, COLLECTION_NAME, DEFAULT_VALUE, DISPLAY_ON_DASHBOARD) 
            values (2195,4024,'parentNodeId','ORG_NAME','organizationList','selectQuery','com.biperf.core.domain.node.processParameterValueChoices.NodesAsHierarchyByUser','PARTICIPANTS',3,5661,to_date('20-AUG-12','DD-MON-RR'),5661,to_date('20-AUG-12','DD-MON-RR'),0,'organizationList','show_all', 1);
        Insert into TMP_REPORT_PARAMETER (REPORT_PARAMETER_ID, REPORT_ID, PARAMETER_NAME, PARAMETER_CM_KEY, DATABASE_COLUMN, PARAMETER_TYPE, LIST_DEFINITION, PARAMETER_GROUP, SEQUENCE_NUM, CREATED_BY, DATE_CREATED, MODIFIED_BY, DATE_MODIFIED, VERSION, COLLECTION_NAME, DEFAULT_VALUE) 
            values (2196,4024,'participantStatus','PARTICIPANT_STATUS_FIELD','participantStatusList','selectPicklist','picklist.participantstatus','PARTICIPANTS',3,5661,to_date('20-AUG-12','DD-MON-RR'),5661,to_date('20-AUG-12','DD-MON-RR'),0,'participantStatusList','active');
        Insert into TMP_REPORT_PARAMETER (REPORT_PARAMETER_ID, REPORT_ID, PARAMETER_NAME, PARAMETER_CM_KEY, DATABASE_COLUMN, PARAMETER_TYPE, LIST_DEFINITION, PARAMETER_GROUP, SEQUENCE_NUM, CREATED_BY, DATE_CREATED, MODIFIED_BY, DATE_MODIFIED, VERSION, COLLECTION_NAME, DEFAULT_VALUE) 
            values (2197,4024,'jobPosition','JOB_POSITION_FIELD','positionTypeList','selectPicklist','picklist.positiontype','PARTICIPANTS',4,5661,to_date('20-AUG-12','DD-MON-RR'),5661,to_date('20-AUG-12','DD-MON-RR'),0,'jobPositionTypeList','show_all');
        Insert into TMP_REPORT_PARAMETER (REPORT_PARAMETER_ID, REPORT_ID, PARAMETER_NAME, PARAMETER_CM_KEY, DATABASE_COLUMN, PARAMETER_TYPE, LIST_DEFINITION, PARAMETER_GROUP, SEQUENCE_NUM, CREATED_BY, DATE_CREATED, MODIFIED_BY, DATE_MODIFIED, VERSION, COLLECTION_NAME, DEFAULT_VALUE) 
            values (2198,4024,'department','DEPARTMENT_FIELD','departmentTypeList','multiSelectPick','picklist.department.type','PARTICIPANTS',5,5661,to_date('20-AUG-12','DD-MON-RR'),5661,to_date('20-AUG-12','DD-MON-RR'),0,'departmentTypeList','show_all');
            
    --Goal Quest Selection Report
    Insert into TMP_REPORT (REPORT_ID,REPORT_CODE, CM_ASSET_CODE,REPORT_NAME_CM_KEY,REPORT_CATEGORY_TYPE,MODULE,REPORT_DESCRIPTION_CM_KEY,REPORT_URL,IS_ACTIVE,CREATED_BY,DATE_CREATED,MODIFIED_BY,DATE_MODIFIED,VERSION, FORCE_PARAMETERS, EXPORT_ONLY) 
          values (4025,'gcSelection','report.goalquest.selection','REPORT_NAME','gq','install.goalquest','REPORT_DESCRIPTION','/reports/displayGoalQuestSelectionReport.do?method=displaySummaryReport',1,0,sysdate,null,null,0, 0, 0);
        --Goal Quest Progress Charts
        Insert into TMP_REPORT_CHART (REPORT_CHART_ID, CAPTION_CM_KEY, SUBCAPTION_CM_KEY, CHART_DATA_URL, REPORT_ID, SHOW_LABELS, SHOW_LEGEND, ENABLE_SMART_LABELS, X_AXIS_NAME_CM_KEY, Y_AXIS_NAME_CM_KEY, SEQUENCE_NUM, DISPLAY_LIMIT, CREATED_BY, DATE_CREATED, VERSION, CHART_TYPE)
            values (3092, 'TOTALS_CHART_CAPTION', 'TOTALS_CHART_SUBCAPTION', '/reports/displayGoalQuestSelectionReport.do?method=displaySelectionTotalsChart', 4025, 1, 1, 0, 'GQ_SELECTION_TOTAL_X_AXIS', 'GQ_SELECTION_TOTAL_Y_AXIS', 0, 20, 0, sysdate, 0, 'Column3D');
          Insert into TMP_REPORT_CHART (REPORT_CHART_ID, CAPTION_CM_KEY, SUBCAPTION_CM_KEY, CHART_DATA_URL, REPORT_ID, SHOW_LABELS, SHOW_LEGEND, ENABLE_SMART_LABELS, SHOW_PERCENT_VALUES, X_AXIS_NAME_CM_KEY, Y_AXIS_NAME_CM_KEY, SEQUENCE_NUM, DISPLAY_LIMIT, CREATED_BY, DATE_CREATED, VERSION, CHART_TYPE)
            values (3093, 'PERCENTAGE_CHART_CAPTION', 'PERCENTAGE_CHART_SUBCAPTION', '/reports/displayGoalQuestSelectionReport.do?method=displaySelectionPercentageChart', 4025, 1, 1, 0, 1, null, null, 1, 20, 0, sysdate, 0, 'Pie2D');
          Insert into TMP_REPORT_CHART (REPORT_CHART_ID, CAPTION_CM_KEY, SUBCAPTION_CM_KEY, CHART_DATA_URL, REPORT_ID, SHOW_LABELS, SHOW_LEGEND, ENABLE_SMART_LABELS, SHOW_PERCENT_VALUES, X_AXIS_NAME_CM_KEY, Y_AXIS_NAME_CM_KEY, SEQUENCE_NUM, DISPLAY_LIMIT, CREATED_BY, DATE_CREATED, VERSION, CHART_TYPE)
               values (3094, 'BY_ORG_CHART_CAPTION', 'BY_ORG_CHART_SUBCAPTION', '/reports/displayGoalQuestSelectionReport.do?method=displaySelectionByOrgChart', 4025, 1, 1, 0, 0, 'GQ_SELECTION_ORG_X_AXIS', 'GQ_SELECTION_ORG_Y_AXIS', 2, 20, 0, sysdate, 0, 'MSColumn3D');
               --Report Parameters   
        Insert into TMP_REPORT_PARAMETER (REPORT_PARAMETER_ID, REPORT_ID, PARAMETER_NAME, PARAMETER_CM_KEY, DATABASE_COLUMN, PARAMETER_TYPE, LIST_DEFINITION, PARAMETER_GROUP, SEQUENCE_NUM, CREATED_BY, DATE_CREATED, MODIFIED_BY, DATE_MODIFIED, VERSION, COLLECTION_NAME, DEFAULT_VALUE) 
            values (2199,4025,'promotionStatus','PROMOTION_STATUS_FIELD','reportPromotionStatusTypeList','selectPicklist','picklist.reportpromotion.statustype','BASICS',0,5661,to_date('20-AUG-12','DD-MON-RR'),5661,to_date('20-AUG-12','DD-MON-RR'),0,'reportPromotionStatusTypeList','live');
        Insert into TMP_REPORT_PARAMETER (REPORT_PARAMETER_ID, REPORT_ID, PARAMETER_NAME, PARAMETER_CM_KEY, DATABASE_COLUMN, PARAMETER_TYPE, LIST_DEFINITION, PARAMETER_GROUP, SEQUENCE_NUM, CREATED_BY, DATE_CREATED, MODIFIED_BY, DATE_MODIFIED, VERSION, COLLECTION_NAME, DEFAULT_VALUE, DISPLAY_ON_DASHBOARD) 
            values (2200,4025,'promotionId','PROMOTION_FIELD','promotionTypeList','multiSelectQuery','com.biperf.core.domain.node.reportParameterValueChoices.allLiveGoalQuestPromotions','BASICS',1,5661,to_date('20-AUG-12','DD-MON-RR'),5661,to_date('20-AUG-12','DD-MON-RR'),0,'promotionTypeList','show_all', 1);
        Insert into TMP_REPORT_PARAMETER (REPORT_PARAMETER_ID, REPORT_ID, PARAMETER_NAME, PARAMETER_CM_KEY, DATABASE_COLUMN, PARAMETER_TYPE, LIST_DEFINITION, PARAMETER_GROUP, SEQUENCE_NUM, CREATED_BY, DATE_CREATED, MODIFIED_BY, DATE_MODIFIED, VERSION, COLLECTION_NAME, DEFAULT_VALUE, DISPLAY_ON_DASHBOARD) 
            values (2201,4025,'parentNodeId','ORG_NAME','organizationList','selectQuery','com.biperf.core.domain.node.processParameterValueChoices.NodesAsHierarchyByUser','PARTICIPANTS',3,5661,to_date('20-AUG-12','DD-MON-RR'),5661,to_date('20-AUG-12','DD-MON-RR'),0,'organizationList','show_all', 1);            
        Insert into TMP_REPORT_PARAMETER (REPORT_PARAMETER_ID, REPORT_ID, PARAMETER_NAME, PARAMETER_CM_KEY, DATABASE_COLUMN, PARAMETER_TYPE, LIST_DEFINITION, PARAMETER_GROUP, SEQUENCE_NUM, CREATED_BY, DATE_CREATED, MODIFIED_BY, DATE_MODIFIED, VERSION, COLLECTION_NAME, DEFAULT_VALUE) 
            values (2202,4025,'participantStatus','PARTICIPANT_STATUS_FIELD','participantStatusList','selectPicklist','picklist.participantstatus','PARTICIPANTS',3,5661,to_date('20-AUG-12','DD-MON-RR'),5661,to_date('20-AUG-12','DD-MON-RR'),0,'participantStatusList','active');
        Insert into TMP_REPORT_PARAMETER (REPORT_PARAMETER_ID, REPORT_ID, PARAMETER_NAME, PARAMETER_CM_KEY, DATABASE_COLUMN, PARAMETER_TYPE, LIST_DEFINITION, PARAMETER_GROUP, SEQUENCE_NUM, CREATED_BY, DATE_CREATED, MODIFIED_BY, DATE_MODIFIED, VERSION, COLLECTION_NAME, DEFAULT_VALUE) 
            values (2203,4025,'jobPosition','JOB_POSITION_FIELD','positionTypeList','selectPicklist','picklist.positiontype','PARTICIPANTS',4,5661,to_date('20-AUG-12','DD-MON-RR'),5661,to_date('20-AUG-12','DD-MON-RR'),0,'jobPositionTypeList','show_all');
        Insert into TMP_REPORT_PARAMETER (REPORT_PARAMETER_ID, REPORT_ID, PARAMETER_NAME, PARAMETER_CM_KEY, DATABASE_COLUMN, PARAMETER_TYPE, LIST_DEFINITION, PARAMETER_GROUP, SEQUENCE_NUM, CREATED_BY, DATE_CREATED, MODIFIED_BY, DATE_MODIFIED, VERSION, COLLECTION_NAME, DEFAULT_VALUE) 
            values (2204,4025,'department','DEPARTMENT_FIELD','departmentTypeList','multiSelectPick','picklist.department.type','PARTICIPANTS',5,5661,to_date('20-AUG-12','DD-MON-RR'),5661,to_date('20-AUG-12','DD-MON-RR'),0,'departmentTypeList','show_all');
           
            
    --Goal Quest Achievement Report
    Insert into TMP_REPORT (REPORT_ID,REPORT_CODE, CM_ASSET_CODE,REPORT_NAME_CM_KEY,REPORT_CATEGORY_TYPE,MODULE,REPORT_DESCRIPTION_CM_KEY,REPORT_URL,IS_ACTIVE,CREATED_BY,DATE_CREATED,MODIFIED_BY,DATE_MODIFIED,VERSION, FORCE_PARAMETERS, EXPORT_ONLY) 
          values (4026,'gcAchievement','report.goalquest.achievement','REPORT_NAME','gq','install.goalquest','REPORT_DESCRIPTION','/reports/displayGoalQuestAchievementReport.do?method=displaySummaryReport',1,0,sysdate,null,null,0, 0, 0);
        --Goal Quest Achievement Charts
        Insert into TMP_REPORT_CHART (REPORT_CHART_ID, CAPTION_CM_KEY, SUBCAPTION_CM_KEY, CHART_DATA_URL, REPORT_ID, SHOW_LABELS, SHOW_LEGEND, ENABLE_SMART_LABELS, X_AXIS_NAME_CM_KEY, Y_AXIS_NAME_CM_KEY, SEQUENCE_NUM, DISPLAY_LIMIT, CREATED_BY, DATE_CREATED, VERSION, CHART_TYPE)
            values (3095, 'PERCENTAGE_ACHIEVED_CHART_CAPTION', 'PERCENTAGE_ACHIEVED_CHART_SUBCAPTION', '/reports/displayGoalQuestAchievementReport.do?method=displayAchievementPercentageChart', 4026, 1, 1, 0, 'GQ_PAR_ACHIEVEMENT_PER_X_AXIS', 'GQ_PAR_ACHIEVEMENT_PER_Y_AXIS', 0, 20, 0, sysdate, 0, 'Column3D');
          Insert into TMP_REPORT_CHART (REPORT_CHART_ID, CAPTION_CM_KEY, SUBCAPTION_CM_KEY, CHART_DATA_URL, REPORT_ID, SHOW_LABELS, SHOW_LEGEND, ENABLE_SMART_LABELS, X_AXIS_NAME_CM_KEY, Y_AXIS_NAME_CM_KEY, SEQUENCE_NUM, DISPLAY_LIMIT, CREATED_BY, DATE_CREATED, VERSION, CHART_TYPE)
            values (3096, 'COUNT_ACHIEVED_CHART_CAPTION', 'COUNT_ACHIEVED_CHART_SUBCAPTION', '/reports/displayGoalQuestAchievementReport.do?method=displayAchievementCountChart', 4026, 1, 1, 0, 'GQ_PAR_ACHIEVEMENT_COUNT_X_AXIS', 'GQ_PAR_ACHIEVEMENT_COUNT_Y_AXIS', 1, 20, 0, sysdate, 0, 'Column3D');
          --Insert into TMP_REPORT_CHART (REPORT_CHART_ID, CAPTION_CM_KEY, SUBCAPTION_CM_KEY, CHART_DATA_URL, REPORT_ID, SHOW_LABELS, SHOW_LEGEND, ENABLE_SMART_LABELS, X_AXIS_NAME_CM_KEY, Y_AXIS_NAME_CM_KEY, SEQUENCE_NUM, DISPLAY_LIMIT, CREATED_BY, DATE_CREATED, VERSION, CHART_TYPE)
         --   values (3001, 'RESULTS_CHART_CAPTION', 'RESULTS_CHART_SUBCAPTION', '/reports/displayGoalQuestAchievementReport.do?method=displayAchievementResultsChart', 4026, 1, 1, 0, null, null, 2, 20, 0, sysdate, 0, 'MSColumn3D');
          Insert into TMP_REPORT_CHART (REPORT_CHART_ID, CAPTION_CM_KEY, SUBCAPTION_CM_KEY, CHART_DATA_URL, REPORT_ID, SHOW_LABELS, SHOW_LEGEND, ENABLE_SMART_LABELS, X_AXIS_NAME_CM_KEY, Y_AXIS_NAME_CM_KEY, SEQUENCE_NUM, DISPLAY_LIMIT, CREATED_BY, DATE_CREATED, VERSION, CHART_TYPE)
            values (3097, 'PERCENTAGE_BY_ORG_CHART_CAPTION', 'PERCENTAGE_BY_ORG_CHART_SUBCAPTION', '/reports/displayGoalQuestAchievementReport.do?method=displayAchievementPercentageByOrgChart', 4026, 1, 1, 0, 'GQ_PAR_ACHIEVEMENT_PER_ORG_X_AXIS', 'GQ_PAR_ACHIEVEMENT_PER_ORG_Y_AXIS', 2, 20, 0, sysdate, 0, 'MSColumn3D');
          Insert into TMP_REPORT_CHART (REPORT_CHART_ID, CAPTION_CM_KEY, SUBCAPTION_CM_KEY, CHART_DATA_URL, REPORT_ID, SHOW_LABELS, SHOW_LEGEND, ENABLE_SMART_LABELS, X_AXIS_NAME_CM_KEY, Y_AXIS_NAME_CM_KEY, SEQUENCE_NUM, DISPLAY_LIMIT, CREATED_BY, DATE_CREATED, VERSION, CHART_TYPE)
            values (3098, 'COUNT_BY_ORG_CHART_CAPTION', 'COUNT_BY_ORG_CHART_SUBCAPTION', '/reports/displayGoalQuestAchievementReport.do?method=displayAchievementCountByOrgChart', 4026, 1, 1, 0, 'GQ_PAR_ACHIEVEMENT_COUNT_ORG_X_AXIS', 'GQ_PAR_ACHIEVEMENT_COUNT_ORG_Y_AXIS', 3, 20, 0, sysdate, 0, 'MSColumn3D');
          --Report Parameters   
        Insert into TMP_REPORT_PARAMETER (REPORT_PARAMETER_ID, REPORT_ID, PARAMETER_NAME, PARAMETER_CM_KEY, DATABASE_COLUMN, PARAMETER_TYPE, LIST_DEFINITION, PARAMETER_GROUP, SEQUENCE_NUM, CREATED_BY, DATE_CREATED, MODIFIED_BY, DATE_MODIFIED, VERSION, COLLECTION_NAME, DEFAULT_VALUE) 
            values (2205,4026,'promotionStatus','PROMOTION_STATUS_FIELD','reportPromotionStatusTypeList','selectPicklist','picklist.reportpromotion.statustype','BASICS',0,5661,to_date('20-AUG-12','DD-MON-RR'),5661,to_date('20-AUG-12','DD-MON-RR'),0,'reportPromotionStatusTypeList','live');
        Insert into TMP_REPORT_PARAMETER (REPORT_PARAMETER_ID, REPORT_ID, PARAMETER_NAME, PARAMETER_CM_KEY, DATABASE_COLUMN, PARAMETER_TYPE, LIST_DEFINITION, PARAMETER_GROUP, SEQUENCE_NUM, CREATED_BY, DATE_CREATED, MODIFIED_BY, DATE_MODIFIED, VERSION, COLLECTION_NAME, DEFAULT_VALUE, DISPLAY_ON_DASHBOARD) 
            values (2206,4026,'promotionId','PROMOTION_FIELD','promotionTypeList','multiSelectQuery','com.biperf.core.domain.node.reportParameterValueChoices.allLiveGoalQuestPromotions','BASICS',1,5661,to_date('20-AUG-12','DD-MON-RR'),5661,to_date('20-AUG-12','DD-MON-RR'),0,'promotionTypeList','show_all', 1);
        Insert into TMP_REPORT_PARAMETER (REPORT_PARAMETER_ID, REPORT_ID, PARAMETER_NAME, PARAMETER_CM_KEY, DATABASE_COLUMN, PARAMETER_TYPE, LIST_DEFINITION, PARAMETER_GROUP, SEQUENCE_NUM, CREATED_BY, DATE_CREATED, MODIFIED_BY, DATE_MODIFIED, VERSION, COLLECTION_NAME, DEFAULT_VALUE, DISPLAY_ON_DASHBOARD) 
            values (2207,4026,'parentNodeId','ORG_NAME','organizationList','selectQuery','com.biperf.core.domain.node.processParameterValueChoices.NodesAsHierarchyByUser','PARTICIPANTS',3,5661,to_date('20-AUG-12','DD-MON-RR'),5661,to_date('20-AUG-12','DD-MON-RR'),0,'organizationList','show_all', 1);
        Insert into TMP_REPORT_PARAMETER (REPORT_PARAMETER_ID, REPORT_ID, PARAMETER_NAME, PARAMETER_CM_KEY, DATABASE_COLUMN, PARAMETER_TYPE, LIST_DEFINITION, PARAMETER_GROUP, SEQUENCE_NUM, CREATED_BY, DATE_CREATED, MODIFIED_BY, DATE_MODIFIED, VERSION, COLLECTION_NAME, DEFAULT_VALUE) 
            values (2208,4026,'participantStatus','PARTICIPANT_STATUS_FIELD','participantStatusList','selectPicklist','picklist.participantstatus','PARTICIPANTS',3,5661,to_date('20-AUG-12','DD-MON-RR'),5661,to_date('20-AUG-12','DD-MON-RR'),0,'participantStatusList','active');
        Insert into TMP_REPORT_PARAMETER (REPORT_PARAMETER_ID, REPORT_ID, PARAMETER_NAME, PARAMETER_CM_KEY, DATABASE_COLUMN, PARAMETER_TYPE, LIST_DEFINITION, PARAMETER_GROUP, SEQUENCE_NUM, CREATED_BY, DATE_CREATED, MODIFIED_BY, DATE_MODIFIED, VERSION, COLLECTION_NAME, DEFAULT_VALUE) 
            values (2209,4026,'jobPosition','JOB_POSITION_FIELD','positionTypeList','selectPicklist','picklist.positiontype','PARTICIPANTS',4,5661,to_date('20-AUG-12','DD-MON-RR'),5661,to_date('20-AUG-12','DD-MON-RR'),0,'jobPositionTypeList','show_all');
        Insert into TMP_REPORT_PARAMETER (REPORT_PARAMETER_ID, REPORT_ID, PARAMETER_NAME, PARAMETER_CM_KEY, DATABASE_COLUMN, PARAMETER_TYPE, LIST_DEFINITION, PARAMETER_GROUP, SEQUENCE_NUM, CREATED_BY, DATE_CREATED, MODIFIED_BY, DATE_MODIFIED, VERSION, COLLECTION_NAME, DEFAULT_VALUE) 
            values (2210,4026,'department','DEPARTMENT_FIELD','departmentTypeList','multiSelectPick','picklist.department.type','PARTICIPANTS',5,5661,to_date('20-AUG-12','DD-MON-RR'),5661,to_date('20-AUG-12','DD-MON-RR'),0,'departmentTypeList','show_all');
      
    --Goal Quest Manager Achievement Report
    Insert into TMP_REPORT (REPORT_ID,REPORT_CODE, CM_ASSET_CODE,REPORT_NAME_CM_KEY,REPORT_CATEGORY_TYPE,MODULE,REPORT_DESCRIPTION_CM_KEY,REPORT_URL,IS_ACTIVE,CREATED_BY,DATE_CREATED,MODIFIED_BY,DATE_MODIFIED,VERSION, FORCE_PARAMETERS, EXPORT_ONLY) 
          values (4027,'gcManager','report.goalquest.manager','REPORT_NAME','gq','install.goalquest','REPORT_DESCRIPTION','/reports/displayGoalQuestManagerReport.do?method=displaySummaryReport',1,0,sysdate,null,null,0, 0, 0);
          --Goal Quest Manager Achievement Charts
        Insert into TMP_REPORT_CHART (REPORT_CHART_ID, CAPTION_CM_KEY, SUBCAPTION_CM_KEY, CHART_DATA_URL, REPORT_ID, SHOW_LABELS, SHOW_LEGEND, ENABLE_SMART_LABELS, X_AXIS_NAME_CM_KEY, Y_AXIS_NAME_CM_KEY, SEQUENCE_NUM, DISPLAY_LIMIT, CREATED_BY, DATE_CREATED, VERSION, CHART_TYPE)
            values (3100, 'TOTAL_POINTS_CHART_CAPTION', 'TOTAL_POINTS_CHART_SUBCAPTION', '/reports/displayGoalQuestManagerReport.do?method=displayTotalPointsEarnedChart', 4027, 1, 1, 0, 'GQ_TOT_PTS_ERND_X_AXIS', 'GQ_TOT_PTS_ERND_Y_AXIS', 0, 20, 0, sysdate, 0, 'Column3D');
          --Report Parameters   
        Insert into TMP_REPORT_PARAMETER (REPORT_PARAMETER_ID, REPORT_ID, PARAMETER_NAME, PARAMETER_CM_KEY, DATABASE_COLUMN, PARAMETER_TYPE, LIST_DEFINITION, PARAMETER_GROUP, SEQUENCE_NUM, CREATED_BY, DATE_CREATED, MODIFIED_BY, DATE_MODIFIED, VERSION, COLLECTION_NAME, DEFAULT_VALUE) 
            values (2211,4027,'promotionStatus','PROMOTION_STATUS_FIELD','reportPromotionStatusTypeList','selectPicklist','picklist.reportpromotion.statustype','BASICS',0,5661,to_date('20-AUG-12','DD-MON-RR'),5661,to_date('20-AUG-12','DD-MON-RR'),0,'reportPromotionStatusTypeList','live');
        Insert into TMP_REPORT_PARAMETER (REPORT_PARAMETER_ID, REPORT_ID, PARAMETER_NAME, PARAMETER_CM_KEY, DATABASE_COLUMN, PARAMETER_TYPE, LIST_DEFINITION, PARAMETER_GROUP, SEQUENCE_NUM, CREATED_BY, DATE_CREATED, MODIFIED_BY, DATE_MODIFIED, VERSION, COLLECTION_NAME, DEFAULT_VALUE, DISPLAY_ON_DASHBOARD) 
            values (2212,4027,'promotionId','PROMOTION_FIELD','promotionTypeList','multiSelectQuery','com.biperf.core.domain.node.reportParameterValueChoices.allLiveGoalQuestPromotions','BASICS',1,5661,to_date('20-AUG-12','DD-MON-RR'),5661,to_date('20-AUG-12','DD-MON-RR'),0,'promotionTypeList','show_all', 1);
        Insert into TMP_REPORT_PARAMETER (REPORT_PARAMETER_ID, REPORT_ID, PARAMETER_NAME, PARAMETER_CM_KEY, DATABASE_COLUMN, PARAMETER_TYPE, LIST_DEFINITION, PARAMETER_GROUP, SEQUENCE_NUM, CREATED_BY, DATE_CREATED, MODIFIED_BY, DATE_MODIFIED, VERSION, COLLECTION_NAME, DEFAULT_VALUE, DISPLAY_ON_DASHBOARD) 
            values (2213,4027,'parentNodeId','ORG_NAME','organizationList','selectQuery','com.biperf.core.domain.node.processParameterValueChoices.NodesAsHierarchyByUser','PARTICIPANTS',3,5661,to_date('20-AUG-12','DD-MON-RR'),5661,to_date('20-AUG-12','DD-MON-RR'),0,'organizationList','show_all', 1);
            
    -- Goal Quest Program Summary Report
        Insert into TMP_REPORT (REPORT_ID,REPORT_CODE, CM_ASSET_CODE,REPORT_NAME_CM_KEY,REPORT_CATEGORY_TYPE,MODULE,REPORT_DESCRIPTION_CM_KEY,REPORT_URL,IS_ACTIVE,CREATED_BY,DATE_CREATED,MODIFIED_BY,DATE_MODIFIED,VERSION, FORCE_PARAMETERS, EXPORT_ONLY) 
          values (4028,'gcSummary','report.goalquest.summary','REPORT_NAME','gq','install.goalquest','REPORT_DESCRIPTION','/reports/displayGoalQuestProgramSummaryReport.do?method=displaySummaryReport',1,0,sysdate,null,null,0, 0, 0);
          --Goal Quest Program Summary Charts
          Insert into TMP_REPORT_CHART (REPORT_CHART_ID, CAPTION_CM_KEY, SUBCAPTION_CM_KEY, CHART_DATA_URL, REPORT_ID, SHOW_LABELS, SHOW_LEGEND, ENABLE_SMART_LABELS, X_AXIS_NAME_CM_KEY, Y_AXIS_NAME_CM_KEY, SEQUENCE_NUM, DISPLAY_LIMIT, CREATED_BY, DATE_CREATED, VERSION, CHART_TYPE)
              values (3101, 'GOAL_ACHIEVEMENT_CHART_CAPTION', 'GOAL_ACHIEVEMENT_CHART_SUBCAPTION', '/reports/displayGoalQuestProgramSummaryReport.do?method=displayGoalAchievementChart', 4028, 1, 1, 0, 'GQ_PROGRAM_ACHIEVEMENT_X_AXIS', 'GQ_PROGRAM_ACHIEVEMENT_Y_AXIS', 0, 20, 0, sysdate, 0, 'Bar2D');
          Insert into TMP_REPORT_CHART (REPORT_CHART_ID, CAPTION_CM_KEY, SUBCAPTION_CM_KEY, CHART_DATA_URL, REPORT_ID, SHOW_LABELS, SHOW_LEGEND, ENABLE_SMART_LABELS, X_AXIS_NAME_CM_KEY, Y_AXIS_NAME_CM_KEY, SEQUENCE_NUM, DISPLAY_LIMIT, CREATED_BY, DATE_CREATED, VERSION, CHART_TYPE)
            values (3102, 'INCREMENT_CHART_CAPTION', 'INCREMENT_CHART_SUBCAPTION', '/reports/displayGoalQuestProgramSummaryReport.do?method=displayGoalQuestIncrementalChart', 4028, 1, 1, 0, 'GQ_PROGRAM_INCREMENT_X_AXIS', 'GQ_PROGRAM_INCREMENT_Y_AXIS', 1, 20, 0, sysdate, 0, 'MSColumn3D');
        --Report Parameters
        Insert into TMP_REPORT_PARAMETER (REPORT_PARAMETER_ID, REPORT_ID, PARAMETER_NAME, PARAMETER_CM_KEY, DATABASE_COLUMN, PARAMETER_TYPE, LIST_DEFINITION, PARAMETER_GROUP, SEQUENCE_NUM, CREATED_BY, DATE_CREATED, MODIFIED_BY, DATE_MODIFIED, VERSION, COLLECTION_NAME, DEFAULT_VALUE) 
            values (2214,4028,'promotionStatus','PROMOTION_STATUS_FIELD','reportPromotionStatusTypeList','selectPicklist','picklist.reportpromotion.statustype','BASICS',0,5661,to_date('20-AUG-12','DD-MON-RR'),5661,to_date('20-AUG-12','DD-MON-RR'),0,'reportPromotionStatusTypeList','live');
        Insert into TMP_REPORT_PARAMETER (REPORT_PARAMETER_ID, REPORT_ID, PARAMETER_NAME, PARAMETER_CM_KEY, DATABASE_COLUMN, PARAMETER_TYPE, LIST_DEFINITION, PARAMETER_GROUP, SEQUENCE_NUM, CREATED_BY, DATE_CREATED, MODIFIED_BY, DATE_MODIFIED, VERSION, COLLECTION_NAME, DEFAULT_VALUE, DISPLAY_ON_DASHBOARD) 
            values (2215,4028,'promotionId','PROMOTION_FIELD','promotionTypeList','multiSelectQuery','com.biperf.core.domain.node.reportParameterValueChoices.allLiveGoalQuestPromotions','BASICS',1,5661,to_date('20-AUG-12','DD-MON-RR'),5661,to_date('20-AUG-12','DD-MON-RR'),0,'promotionTypeList','show_all', 1);
        Insert into TMP_REPORT_PARAMETER (REPORT_PARAMETER_ID, REPORT_ID, PARAMETER_NAME, PARAMETER_CM_KEY, DATABASE_COLUMN, PARAMETER_TYPE, LIST_DEFINITION, PARAMETER_GROUP, SEQUENCE_NUM, CREATED_BY, DATE_CREATED, MODIFIED_BY, DATE_MODIFIED, VERSION, COLLECTION_NAME, DEFAULT_VALUE, DISPLAY_ON_DASHBOARD) 
            values (2216,4028,'parentNodeId','ORG_NAME','organizationList','selectQuery','com.biperf.core.domain.node.processParameterValueChoices.NodesAsHierarchyByUser','PARTICIPANTS',3,5661,to_date('20-AUG-12','DD-MON-RR'),5661,to_date('20-AUG-12','DD-MON-RR'),0,'organizationList','show_all', 1);
        Insert into TMP_REPORT_PARAMETER (REPORT_PARAMETER_ID, REPORT_ID, PARAMETER_NAME, PARAMETER_CM_KEY, DATABASE_COLUMN, PARAMETER_TYPE, LIST_DEFINITION, PARAMETER_GROUP, SEQUENCE_NUM, CREATED_BY, DATE_CREATED, MODIFIED_BY, DATE_MODIFIED, VERSION, COLLECTION_NAME, DEFAULT_VALUE) 
            values (2217,4028,'participantStatus','PARTICIPANT_STATUS_FIELD','participantStatusList','selectPicklist','picklist.participantstatus','PARTICIPANTS',3,5661,to_date('20-AUG-12','DD-MON-RR'),5661,to_date('20-AUG-12','DD-MON-RR'),0,'participantStatusList','active');

    --Badge Activity Report
    Insert into TMP_REPORT (REPORT_ID,REPORT_CODE, CM_ASSET_CODE,REPORT_NAME_CM_KEY,REPORT_CATEGORY_TYPE,MODULE,REPORT_DESCRIPTION_CM_KEY,REPORT_URL,IS_ACTIVE,CREATED_BY,DATE_CREATED,MODIFIED_BY,DATE_MODIFIED,VERSION, FORCE_PARAMETERS, EXPORT_ONLY) 
          values (4029,'badgeActivityByOrg','report.badgeactivity.byorg','REPORT_NAME','core','core','REPORT_DESCRIPTION','/reports/displayBadgeActivityByOrgReport.do?method=displaySummaryReport',1,0,sysdate,null,null,0, 0, 0);
          --Badge Charts
        Insert into TMP_REPORT_CHART (REPORT_CHART_ID, CAPTION_CM_KEY, SUBCAPTION_CM_KEY, CHART_DATA_URL, REPORT_ID, SHOW_LABELS, SHOW_LEGEND, ENABLE_SMART_LABELS, X_AXIS_NAME_CM_KEY, Y_AXIS_NAME_CM_KEY, SEQUENCE_NUM, DISPLAY_LIMIT, CREATED_BY, DATE_CREATED, VERSION, CHART_TYPE)
            values (3103, 'BADGES_EARNED_CHART_CAPTION', 'BADGES_EARNED_CHART_SUBCAPTION', '/reports/displayBadgeActivityByOrgReport.do?method=displayBadgesEarnedBarChart', 4029, 1, 1, 0, 'BADGES_EARNED_CHART_X_AXIS_NAME', 'BADGES_EARNED_CHART_Y_AXIS_NAME', 0, 20, 0, sysdate, 0, 'Column3D');
          --Report Parameters   
        Insert into TMP_REPORT_PARAMETER (REPORT_PARAMETER_ID, REPORT_ID, PARAMETER_NAME, PARAMETER_CM_KEY, DATABASE_COLUMN, PARAMETER_TYPE, LIST_DEFINITION, PARAMETER_GROUP, SEQUENCE_NUM, CREATED_BY, DATE_CREATED, MODIFIED_BY, DATE_MODIFIED, VERSION, COLLECTION_NAME, DEFAULT_VALUE, DISPLAY_ON_DASHBOARD) 
            values (2218,4029,'fromDate','START_FIELD','DATE_SUBMITTED','datePicker',null,'TIME_FRAME',0,5661,to_date('20-AUG-12','DD-MON-RR'),5661,to_date('20-AUG-12','DD-MON-RR'),0,null, '01/01/2012', 1);
        Insert into TMP_REPORT_PARAMETER (REPORT_PARAMETER_ID, REPORT_ID, PARAMETER_NAME, PARAMETER_CM_KEY, DATABASE_COLUMN, PARAMETER_TYPE, LIST_DEFINITION, PARAMETER_GROUP, SEQUENCE_NUM, CREATED_BY, DATE_CREATED, MODIFIED_BY, DATE_MODIFIED, VERSION, COLLECTION_NAME, DEFAULT_VALUE, DISPLAY_ON_DASHBOARD) 
            values (2219,4029,'toDate','END_FIELD','DATE_SUBMITTED','datePicker',null,'TIME_FRAME',1,5661,to_date('20-AUG-12','DD-MON-RR'),5661,to_date('20-AUG-12','DD-MON-RR'),0,null, '12/31/2012', 1);
        Insert into TMP_REPORT_PARAMETER (REPORT_PARAMETER_ID, REPORT_ID, PARAMETER_NAME, PARAMETER_CM_KEY, DATABASE_COLUMN, PARAMETER_TYPE, LIST_DEFINITION, PARAMETER_GROUP, SEQUENCE_NUM, CREATED_BY, DATE_CREATED, MODIFIED_BY, DATE_MODIFIED, VERSION, COLLECTION_NAME, DEFAULT_VALUE, DISPLAY_ON_DASHBOARD) 
            values (2220,4029,'parentNodeId','ORG_NAME','organizationList','selectQuery','com.biperf.core.domain.node.processParameterValueChoices.NodesAsHierarchyByUser','PARTICIPANTS',2,5661,to_date('20-AUG-12','DD-MON-RR'),5661,to_date('20-AUG-12','DD-MON-RR'),0,'organizationList','show_all', 1);
        Insert into TMP_REPORT_PARAMETER (REPORT_PARAMETER_ID, REPORT_ID, PARAMETER_NAME, PARAMETER_CM_KEY, DATABASE_COLUMN, PARAMETER_TYPE, LIST_DEFINITION, PARAMETER_GROUP, SEQUENCE_NUM, CREATED_BY, DATE_CREATED, MODIFIED_BY, DATE_MODIFIED, VERSION, COLLECTION_NAME, DEFAULT_VALUE) 
            values (2221,4029,'department','DEPARTMENT_FIELD','departmentTypeList','multiSelectPick','picklist.department.type','PARTICIPANTS',3,5661,to_date('20-AUG-12','DD-MON-RR'),5661,to_date('20-AUG-12','DD-MON-RR'),0,'departmentTypeList','show_all');
        Insert into TMP_REPORT_PARAMETER (REPORT_PARAMETER_ID, REPORT_ID, PARAMETER_NAME, PARAMETER_CM_KEY, DATABASE_COLUMN, PARAMETER_TYPE, LIST_DEFINITION, PARAMETER_GROUP, SEQUENCE_NUM, CREATED_BY, DATE_CREATED, MODIFIED_BY, DATE_MODIFIED, VERSION, COLLECTION_NAME, DEFAULT_VALUE) 
            values (2222,4029,'jobPosition','JOB_POSITION_FIELD','positionTypeList','selectPicklist','picklist.positiontype','PARTICIPANTS',4,5661,to_date('20-AUG-12','DD-MON-RR'),5661,to_date('20-AUG-12','DD-MON-RR'),0,'jobPositionTypeList','show_all');
        Insert into TMP_REPORT_PARAMETER (REPORT_PARAMETER_ID, REPORT_ID, PARAMETER_NAME, PARAMETER_CM_KEY, DATABASE_COLUMN, PARAMETER_TYPE, LIST_DEFINITION, PARAMETER_GROUP, SEQUENCE_NUM, CREATED_BY, DATE_CREATED, MODIFIED_BY, DATE_MODIFIED, VERSION, COLLECTION_NAME, DEFAULT_VALUE) 
            values (2223,4029,'participantStatus','PARTICIPANT_STATUS_FIELD','participantStatusList','selectPicklist','picklist.participantstatus','PARTICIPANTS',5,5661,to_date('20-AUG-12','DD-MON-RR'),5661,to_date('20-AUG-12','DD-MON-RR'),0,'participantStatusList','active');
        Insert into TMP_REPORT_PARAMETER (REPORT_PARAMETER_ID, REPORT_ID, PARAMETER_NAME, PARAMETER_CM_KEY, DATABASE_COLUMN, PARAMETER_TYPE, LIST_DEFINITION, PARAMETER_GROUP, SEQUENCE_NUM, CREATED_BY, DATE_CREATED, MODIFIED_BY, DATE_MODIFIED, VERSION, COLLECTION_NAME, DEFAULT_VALUE) 
            values (2224,4029,'receivedAwardType','RECEIVED_FIELD','submittedTypeList','selectPicklist','picklist.submitted.type','EXPORT_SELECTION',6,5661,to_date('20-AUG-12','DD-MON-RR'),5661,to_date('20-AUG-12','DD-MON-RR'),0,'submittedTypeList','have');

    --Award Level Activity - Participation by Organization
    Insert into TMP_REPORT (REPORT_ID,REPORT_CODE, CM_ASSET_CODE,REPORT_NAME_CM_KEY,REPORT_CATEGORY_TYPE,MODULE,REPORT_DESCRIPTION_CM_KEY,REPORT_URL,IS_ACTIVE,CREATED_BY,DATE_CREATED,MODIFIED_BY,DATE_MODIFIED,VERSION, FORCE_PARAMETERS, EXPORT_ONLY) 
          values (4030,'awardLevelActivityByOrg','report.awardlevelactivity.byorg','REPORT_NAME','core','core','REPORT_DESCRIPTION','/reports/displayPlateauAwardLevelActivityReport.do?method=displaySummaryReport',1,0,sysdate,null,null,0, 1, 0);
          -- Charts
        Insert into TMP_REPORT_CHART (REPORT_CHART_ID, CAPTION_CM_KEY, SUBCAPTION_CM_KEY, CHART_DATA_URL, REPORT_ID, SHOW_LABELS, SHOW_LEGEND, ENABLE_SMART_LABELS, X_AXIS_NAME_CM_KEY, Y_AXIS_NAME_CM_KEY, SEQUENCE_NUM, DISPLAY_LIMIT, CREATED_BY, DATE_CREATED, VERSION, CHART_TYPE)
            values (3104, 'ACTIVITY_CHART_CAPTION', 'ACTIVITY_CHART_SUBCAPTION', '/reports/displayPlateauAwardLevelActivityReport.do?method=displayPlateauAwardActivityChart', 4030, 1, 1, 0, 'ACTIVITY_CHART_X_AXIS_NAME', 'ACTIVITY_CHART_Y_AXIS_NAME', 0, 20, 0, sysdate, 0, 'StackedColumn3D');
        Insert into TMP_REPORT_CHART (REPORT_CHART_ID, CAPTION_CM_KEY, SUBCAPTION_CM_KEY, CHART_DATA_URL, REPORT_ID, SHOW_LABELS, SHOW_LEGEND, ENABLE_SMART_LABELS, X_AXIS_NAME_CM_KEY, Y_AXIS_NAME_CM_KEY, SEQUENCE_NUM, DISPLAY_LIMIT, CREATED_BY, DATE_CREATED, VERSION, CHART_TYPE)
            values (3105, 'ACTIVITY_PERC_CHART_CAPTION', 'ACTIVITY_PERC_CHART_SUBCAPTION', '/reports/displayPlateauAwardLevelActivityReport.do?method=displayPercentagePlateauAwardActivityChart', 4030, 1, 1, 0, 'ACTIVITY_PERC_CHART_X_AXIS_NAME', 'ACTIVITY_PERC_CHART_Y_AXIS_NAME', 1, 20, 0, sysdate, 0, 'StackedColumn3D');
        --Report Parameters   
        Insert into TMP_REPORT_PARAMETER (REPORT_PARAMETER_ID, REPORT_ID, PARAMETER_NAME, PARAMETER_CM_KEY, DATABASE_COLUMN, PARAMETER_TYPE, LIST_DEFINITION, PARAMETER_GROUP, SEQUENCE_NUM, CREATED_BY, DATE_CREATED, MODIFIED_BY, DATE_MODIFIED, VERSION, COLLECTION_NAME, DEFAULT_VALUE, DISPLAY_ON_DASHBOARD) 
            values (2225,4030,'fromDate','START_FIELD','DATE_SUBMITTED','datePicker',null,'TIME_FRAME',0,5661,to_date('20-AUG-12','DD-MON-RR'),5661,to_date('20-AUG-12','DD-MON-RR'),0,null, '01/01/2012', 1);
        Insert into TMP_REPORT_PARAMETER (REPORT_PARAMETER_ID, REPORT_ID, PARAMETER_NAME, PARAMETER_CM_KEY, DATABASE_COLUMN, PARAMETER_TYPE, LIST_DEFINITION, PARAMETER_GROUP, SEQUENCE_NUM, CREATED_BY, DATE_CREATED, MODIFIED_BY, DATE_MODIFIED, VERSION, COLLECTION_NAME, DEFAULT_VALUE, DISPLAY_ON_DASHBOARD) 
            values (2226,4030,'toDate','END_FIELD','DATE_SUBMITTED','datePicker',null,'TIME_FRAME',1,5661,to_date('20-AUG-12','DD-MON-RR'),5661,to_date('20-AUG-12','DD-MON-RR'),0,null, '12/31/2012', 1);
        Insert into TMP_REPORT_PARAMETER (REPORT_PARAMETER_ID, REPORT_ID, PARAMETER_NAME, PARAMETER_CM_KEY, DATABASE_COLUMN, PARAMETER_TYPE, LIST_DEFINITION, PARAMETER_GROUP, SEQUENCE_NUM, CREATED_BY, DATE_CREATED, MODIFIED_BY, DATE_MODIFIED, VERSION, COLLECTION_NAME, DEFAULT_VALUE, DISPLAY_ON_DASHBOARD) 
            values (2227,4030,'promotionId','PROMOTION_FIELD','promotionTypeList','multiSelectQuery','com.biperf.core.domain.node.reportParameterValueChoices.allLivePlateauPromotions','BASICS',2,5661,to_date('20-AUG-12','DD-MON-RR'),5661,to_date('20-AUG-12','DD-MON-RR'),0,'promotionTypeList','show_all', 1);
        Insert into TMP_REPORT_PARAMETER (REPORT_PARAMETER_ID, REPORT_ID, PARAMETER_NAME, PARAMETER_CM_KEY, DATABASE_COLUMN, PARAMETER_TYPE, LIST_DEFINITION, PARAMETER_GROUP, SEQUENCE_NUM, CREATED_BY, DATE_CREATED, MODIFIED_BY, DATE_MODIFIED, VERSION, COLLECTION_NAME, DEFAULT_VALUE, DISPLAY_ON_DASHBOARD) 
            values (2228,4030,'parentNodeId','ORG_NAME','organizationList','selectQuery','com.biperf.core.domain.node.processParameterValueChoices.NodesAsHierarchyByUser','PARTICIPANTS',3,5661,to_date('20-AUG-12','DD-MON-RR'),5661,to_date('20-AUG-12','DD-MON-RR'),0,'organizationList','show_all', 1);
        Insert into TMP_REPORT_PARAMETER (REPORT_PARAMETER_ID, REPORT_ID, PARAMETER_NAME, PARAMETER_CM_KEY, DATABASE_COLUMN, PARAMETER_TYPE, LIST_DEFINITION, PARAMETER_GROUP, SEQUENCE_NUM, CREATED_BY, DATE_CREATED, MODIFIED_BY, DATE_MODIFIED, VERSION, COLLECTION_NAME, DEFAULT_VALUE) 
            values (2229,4030,'awardStatus','AWARD_STATUS','awardStatusTypeList','selectPicklist','picklist.awardstatus.type','BASICS',4,5661,to_date('20-AUG-12','DD-MON-RR'),5661,to_date('20-AUG-12','DD-MON-RR'),0,'awardStatusTypeList','show_all');
        Insert into TMP_REPORT_PARAMETER (REPORT_PARAMETER_ID, REPORT_ID, PARAMETER_NAME, PARAMETER_CM_KEY, DATABASE_COLUMN, PARAMETER_TYPE, LIST_DEFINITION, PARAMETER_GROUP, SEQUENCE_NUM, CREATED_BY, DATE_CREATED, MODIFIED_BY, DATE_MODIFIED, VERSION, COLLECTION_NAME, DEFAULT_VALUE) 
            values (2230,4030,'awardLevel','AWARD_LEVEL','awardLevelTypeList','multiSelectQuery','com.biperf.core.domain.reportParameter.processParameterValueChoices.AllPlateauLevels','BASICS',5,5661,to_date('20-AUG-12','DD-MON-RR'),5661,to_date('20-AUG-12','DD-MON-RR'),0,'awardLevelTypeList','show_all');

    --Award Item Selection - Participation by Organization
    Insert into TMP_REPORT (REPORT_ID,REPORT_CODE, CM_ASSET_CODE,REPORT_NAME_CM_KEY,REPORT_CATEGORY_TYPE,MODULE,REPORT_DESCRIPTION_CM_KEY,REPORT_URL,IS_ACTIVE,CREATED_BY,DATE_CREATED,MODIFIED_BY,DATE_MODIFIED,VERSION, FORCE_PARAMETERS, EXPORT_ONLY) 
          values (4031,'awardItemSelectionByOrg','report.awarditemselection.byorg','REPORT_NAME','core','core','REPORT_DESCRIPTION','/reports/displayPlateauAwardItemSelectionReport.do?method=displaySummaryReport',1,0,sysdate,null,null,0, 1, 0);
          -- Charts
        Insert into TMP_REPORT_CHART (REPORT_CHART_ID, CAPTION_CM_KEY, SUBCAPTION_CM_KEY, CHART_DATA_URL, REPORT_ID, SHOW_LABELS, SHOW_LEGEND, ENABLE_SMART_LABELS, X_AXIS_NAME_CM_KEY, Y_AXIS_NAME_CM_KEY, SEQUENCE_NUM, DISPLAY_LIMIT, CREATED_BY, DATE_CREATED, VERSION, CHART_TYPE)
            values (3106, 'SELECTION_CHART_CAPTION', 'AWARD_SELECTION_CHART_SUBCAPTION', '/reports/displayPlateauAwardItemSelectionReport.do?method=displayPlateauAwardSelectionChart', 4031, 1, 1, 0, null, null, 0, 20, 0, sysdate, 0, 'Pie2D');
        Insert into TMP_REPORT_CHART (REPORT_CHART_ID, CAPTION_CM_KEY, SUBCAPTION_CM_KEY, CHART_DATA_URL, REPORT_ID, SHOW_LABELS, SHOW_LEGEND, ENABLE_SMART_LABELS, X_AXIS_NAME_CM_KEY, Y_AXIS_NAME_CM_KEY, SEQUENCE_NUM, DISPLAY_LIMIT, CREATED_BY, DATE_CREATED, VERSION, CHART_TYPE)
            values (3107, 'TOP_REDEEMED_CHART_CAPTION', 'TOP_REDEEMED_CHART_SUBCAPTION', '/reports/displayPlateauAwardItemSelectionReport.do?method=displayTopRedeemedAwardsChart', 4031, 1, 1, 0, 'TOP_REDEEMED_CHART_X_AXIS_NAME', 'TOP_REDEEMED_CHART_Y_AXIS_NAME', 1, 20, 0, sysdate, 0, 'Column3D');
        --Report Parameters   
        Insert into TMP_REPORT_PARAMETER (REPORT_PARAMETER_ID, REPORT_ID, PARAMETER_NAME, PARAMETER_CM_KEY, DATABASE_COLUMN, PARAMETER_TYPE, LIST_DEFINITION, PARAMETER_GROUP, SEQUENCE_NUM, CREATED_BY, DATE_CREATED, MODIFIED_BY, DATE_MODIFIED, VERSION, COLLECTION_NAME, DEFAULT_VALUE, DISPLAY_ON_DASHBOARD) 
            values (2231,4031,'fromDate','START_FIELD','DATE_SUBMITTED','datePicker',null,'TIME_FRAME',0,5661,to_date('20-AUG-12','DD-MON-RR'),5661,to_date('20-AUG-12','DD-MON-RR'),0,null, '01/01/2012', 1);
        Insert into TMP_REPORT_PARAMETER (REPORT_PARAMETER_ID, REPORT_ID, PARAMETER_NAME, PARAMETER_CM_KEY, DATABASE_COLUMN, PARAMETER_TYPE, LIST_DEFINITION, PARAMETER_GROUP, SEQUENCE_NUM, CREATED_BY, DATE_CREATED, MODIFIED_BY, DATE_MODIFIED, VERSION, COLLECTION_NAME, DEFAULT_VALUE, DISPLAY_ON_DASHBOARD) 
            values (2232,4031,'toDate','END_FIELD','DATE_SUBMITTED','datePicker',null,'TIME_FRAME',1,5661,to_date('20-AUG-12','DD-MON-RR'),5661,to_date('20-AUG-12','DD-MON-RR'),0,null, '12/31/2012', 1);
        Insert into TMP_REPORT_PARAMETER (REPORT_PARAMETER_ID, REPORT_ID, PARAMETER_NAME, PARAMETER_CM_KEY, DATABASE_COLUMN, PARAMETER_TYPE, LIST_DEFINITION, PARAMETER_GROUP, SEQUENCE_NUM, CREATED_BY, DATE_CREATED, MODIFIED_BY, DATE_MODIFIED, VERSION, COLLECTION_NAME, DEFAULT_VALUE, DISPLAY_ON_DASHBOARD) 
            values (2233,4031,'promotionId','PROMOTION_FIELD','promotionTypeList','multiSelectQuery','com.biperf.core.domain.node.reportParameterValueChoices.allLivePlateauPromotions','BASICS',2,5661,to_date('20-AUG-12','DD-MON-RR'),5661,to_date('20-AUG-12','DD-MON-RR'),0,'promotionTypeList','show_all', 1);
        Insert into TMP_REPORT_PARAMETER (REPORT_PARAMETER_ID, REPORT_ID, PARAMETER_NAME, PARAMETER_CM_KEY, DATABASE_COLUMN, PARAMETER_TYPE, LIST_DEFINITION, PARAMETER_GROUP, SEQUENCE_NUM, CREATED_BY, DATE_CREATED, MODIFIED_BY, DATE_MODIFIED, VERSION, COLLECTION_NAME, DEFAULT_VALUE, DISPLAY_ON_DASHBOARD) 
            values (2234,4031,'parentNodeId','ORG_NAME','organizationList','selectQuery','com.biperf.core.domain.node.processParameterValueChoices.NodesAsHierarchyByUser','PARTICIPANTS',3,5661,to_date('20-AUG-12','DD-MON-RR'),5661,to_date('20-AUG-12','DD-MON-RR'),0,'organizationList','show_all', 1);
        Insert into TMP_REPORT_PARAMETER (REPORT_PARAMETER_ID, REPORT_ID, PARAMETER_NAME, PARAMETER_CM_KEY, DATABASE_COLUMN, PARAMETER_TYPE, LIST_DEFINITION, PARAMETER_GROUP, SEQUENCE_NUM, CREATED_BY, DATE_CREATED, MODIFIED_BY, DATE_MODIFIED, VERSION, COLLECTION_NAME, DEFAULT_VALUE) 
            values (2235,4031,'awardLevel','AWARD_LEVEL','awardLevelTypeList','multiSelectQuery','com.biperf.core.domain.reportParameter.processParameterValueChoices.AllPlateauItemLevels','BASICS',4,5661,to_date('20-AUG-12','DD-MON-RR'),5661,to_date('20-AUG-12','DD-MON-RR'),0,'awardLevelTypeList','show_all');
        Insert into TMP_REPORT_PARAMETER (REPORT_PARAMETER_ID, REPORT_ID, PARAMETER_NAME, PARAMETER_CM_KEY, DATABASE_COLUMN, PARAMETER_TYPE, LIST_DEFINITION, PARAMETER_GROUP, SEQUENCE_NUM, CREATED_BY, DATE_CREATED, MODIFIED_BY, DATE_MODIFIED, VERSION, COLLECTION_NAME, DEFAULT_VALUE) 
            values (2236,4031,'countryId','COUNTRY_FIELD','countryList','multiSelectQuery','com.biperf.core.domain.country.processParameterValueChoices.allLiveCountries','PARTICIPANTS',5,5661,to_date('20-AUG-12','DD-MON-RR'),5661,to_date('20-AUG-12','DD-MON-RR'),0,'countryList','show_all');
            
        --ChallengePoint Selection Report
        Insert into TMP_REPORT (REPORT_ID,REPORT_CODE, CM_ASSET_CODE,REPORT_NAME_CM_KEY,REPORT_CATEGORY_TYPE,MODULE,REPORT_DESCRIPTION_CM_KEY,REPORT_URL,IS_ACTIVE,CREATED_BY,DATE_CREATED,MODIFIED_BY,DATE_MODIFIED,VERSION, FORCE_PARAMETERS, EXPORT_ONLY) 
          values (4032,'cpSelection','report.challengepoint.selection','REPORT_NAME','cp','install.challengepoint','REPORT_DESCRIPTION','/reports/displayChallengePointSelectionReport.do?method=displaySummaryReport',1,0,sysdate,null,null,0, 0, 0);
        --ChallengePoint Selection Charts
        Insert into TMP_REPORT_CHART (REPORT_CHART_ID, CAPTION_CM_KEY, SUBCAPTION_CM_KEY, CHART_DATA_URL, REPORT_ID, SHOW_LABELS, SHOW_LEGEND, ENABLE_SMART_LABELS, X_AXIS_NAME_CM_KEY, Y_AXIS_NAME_CM_KEY, SEQUENCE_NUM, DISPLAY_LIMIT, CREATED_BY, DATE_CREATED, VERSION, CHART_TYPE)
            values (3108, 'TOTALS_CHART_CAPTION', 'TOTALS_CHART_SUBCAPTION', '/reports/displayChallengePointSelectionReport.do?method=displaySelectionTotalsChart', 4032, 1, 1, 0, 'CP_SELECTION_TOTAL_X_AXIS', 'CP_SELECTION_TOTAL_Y_AXIS', 0, 20, 0, sysdate, 0, 'Column3D');
          Insert into TMP_REPORT_CHART (REPORT_CHART_ID, CAPTION_CM_KEY, SUBCAPTION_CM_KEY, CHART_DATA_URL, REPORT_ID, SHOW_LABELS, SHOW_LEGEND, ENABLE_SMART_LABELS, SHOW_PERCENT_VALUES, X_AXIS_NAME_CM_KEY, Y_AXIS_NAME_CM_KEY, SEQUENCE_NUM, DISPLAY_LIMIT, CREATED_BY, DATE_CREATED, VERSION, CHART_TYPE)
            values (3109, 'PERCENTAGE_CHART_CAPTION', 'PERCENTAGE_CHART_SUBCAPTION', '/reports/displayChallengePointSelectionReport.do?method=displaySelectionPercentageChart', 4032, 1, 1, 0, 1, null, null, 1, 20, 0, sysdate, 0, 'Pie2D');
          Insert into TMP_REPORT_CHART (REPORT_CHART_ID, CAPTION_CM_KEY, SUBCAPTION_CM_KEY, CHART_DATA_URL, REPORT_ID, SHOW_LABELS, SHOW_LEGEND, ENABLE_SMART_LABELS, SHOW_PERCENT_VALUES, X_AXIS_NAME_CM_KEY, Y_AXIS_NAME_CM_KEY, SEQUENCE_NUM, DISPLAY_LIMIT, CREATED_BY, DATE_CREATED, VERSION, CHART_TYPE)
               values (3110, 'BY_ORG_CHART_CAPTION', 'BY_ORG_CHART_SUBCAPTION', '/reports/displayChallengePointSelectionReport.do?method=displaySelectionByOrgChart', 4032, 1, 1, 0, 0, 'CP_SELECTION_ORG_X_AXIS', 'CP_SELECTION_ORG_Y_AXIS', 2, 20, 0, sysdate, 0, 'MSColumn3D');
               --Report Parameters
        Insert into TMP_REPORT_PARAMETER (REPORT_PARAMETER_ID, REPORT_ID, PARAMETER_NAME, PARAMETER_CM_KEY, DATABASE_COLUMN, PARAMETER_TYPE, LIST_DEFINITION, PARAMETER_GROUP, SEQUENCE_NUM, CREATED_BY, DATE_CREATED, MODIFIED_BY, DATE_MODIFIED, VERSION, COLLECTION_NAME, DEFAULT_VALUE) 
            values (2237,4032,'promotionStatus','PROMOTION_STATUS_FIELD','reportPromotionStatusTypeList','selectPicklist','picklist.reportpromotion.statustype','BASICS',0,5661,to_date('20-AUG-12','DD-MON-RR'),5661,to_date('20-AUG-12','DD-MON-RR'),0,'reportPromotionStatusTypeList','live');
        Insert into TMP_REPORT_PARAMETER (REPORT_PARAMETER_ID, REPORT_ID, PARAMETER_NAME, PARAMETER_CM_KEY, DATABASE_COLUMN, PARAMETER_TYPE, LIST_DEFINITION, PARAMETER_GROUP, SEQUENCE_NUM, CREATED_BY, DATE_CREATED, MODIFIED_BY, DATE_MODIFIED, VERSION, COLLECTION_NAME, DEFAULT_VALUE, DISPLAY_ON_DASHBOARD) 
            values (2238,4032,'promotionId','PROMOTION_FIELD','promotionTypeList','multiSelectQuery','com.biperf.core.domain.node.reportParameterValueChoices.allLiveChallengePointPromotions','BASICS',1,5661,to_date('20-AUG-12','DD-MON-RR'),5661,to_date('20-AUG-12','DD-MON-RR'),0,'promotionTypeList','show_all', 1);
        Insert into TMP_REPORT_PARAMETER (REPORT_PARAMETER_ID, REPORT_ID, PARAMETER_NAME, PARAMETER_CM_KEY, DATABASE_COLUMN, PARAMETER_TYPE, LIST_DEFINITION, PARAMETER_GROUP, SEQUENCE_NUM, CREATED_BY, DATE_CREATED, MODIFIED_BY, DATE_MODIFIED, VERSION, COLLECTION_NAME, DEFAULT_VALUE, DISPLAY_ON_DASHBOARD) 
            values (2239,4032,'parentNodeId','ORG_NAME','organizationList','selectQuery','com.biperf.core.domain.node.processParameterValueChoices.NodesAsHierarchyByUser','PARTICIPANTS',3,5661,to_date('20-AUG-12','DD-MON-RR'),5661,to_date('20-AUG-12','DD-MON-RR'),0,'organizationList','show_all', 1);            
        Insert into TMP_REPORT_PARAMETER (REPORT_PARAMETER_ID, REPORT_ID, PARAMETER_NAME, PARAMETER_CM_KEY, DATABASE_COLUMN, PARAMETER_TYPE, LIST_DEFINITION, PARAMETER_GROUP, SEQUENCE_NUM, CREATED_BY, DATE_CREATED, MODIFIED_BY, DATE_MODIFIED, VERSION, COLLECTION_NAME, DEFAULT_VALUE) 
            values (2240,4032,'participantStatus','PARTICIPANT_STATUS_FIELD','participantStatusList','selectPicklist','picklist.participantstatus','PARTICIPANTS',3,5661,to_date('20-AUG-12','DD-MON-RR'),5661,to_date('20-AUG-12','DD-MON-RR'),0,'participantStatusList','active');
        Insert into TMP_REPORT_PARAMETER (REPORT_PARAMETER_ID, REPORT_ID, PARAMETER_NAME, PARAMETER_CM_KEY, DATABASE_COLUMN, PARAMETER_TYPE, LIST_DEFINITION, PARAMETER_GROUP, SEQUENCE_NUM, CREATED_BY, DATE_CREATED, MODIFIED_BY, DATE_MODIFIED, VERSION, COLLECTION_NAME, DEFAULT_VALUE) 
            values (2241,4032,'jobPosition','JOB_POSITION_FIELD','positionTypeList','selectPicklist','picklist.positiontype','PARTICIPANTS',4,5661,to_date('20-AUG-12','DD-MON-RR'),5661,to_date('20-AUG-12','DD-MON-RR'),0,'jobPositionTypeList','show_all');
        Insert into TMP_REPORT_PARAMETER (REPORT_PARAMETER_ID, REPORT_ID, PARAMETER_NAME, PARAMETER_CM_KEY, DATABASE_COLUMN, PARAMETER_TYPE, LIST_DEFINITION, PARAMETER_GROUP, SEQUENCE_NUM, CREATED_BY, DATE_CREATED, MODIFIED_BY, DATE_MODIFIED, VERSION, COLLECTION_NAME, DEFAULT_VALUE) 
            values (2242,4032,'department','DEPARTMENT_FIELD','departmentTypeList','multiSelectPick','picklist.department.type','PARTICIPANTS',5,5661,to_date('20-AUG-12','DD-MON-RR'),5661,to_date('20-AUG-12','DD-MON-RR'),0,'departmentTypeList','show_all');
        
       --ChallengePoint Progress Report
        Insert into TMP_REPORT (REPORT_ID,REPORT_CODE, CM_ASSET_CODE,REPORT_NAME_CM_KEY,REPORT_CATEGORY_TYPE,MODULE,REPORT_DESCRIPTION_CM_KEY,REPORT_URL,IS_ACTIVE,CREATED_BY,DATE_CREATED,MODIFIED_BY,DATE_MODIFIED,VERSION, FORCE_PARAMETERS, EXPORT_ONLY) 
          values (4033,'cpProgress','report.challengepoint.progress','REPORT_NAME','cp','install.challengepoint','REPORT_DESCRIPTION','/reports/displayChallengePointProgressReport.do?method=displaySummaryReport',1,0,sysdate,null,null,0, 0, 0);
        --ChallengePoint Progress Charts
        Insert into TMP_REPORT_CHART (REPORT_CHART_ID, CAPTION_CM_KEY, SUBCAPTION_CM_KEY, CHART_DATA_URL, REPORT_ID, SHOW_LABELS, SHOW_LEGEND, ENABLE_SMART_LABELS, X_AXIS_NAME_CM_KEY, Y_AXIS_NAME_CM_KEY, SEQUENCE_NUM, DISPLAY_LIMIT, CREATED_BY, DATE_CREATED, VERSION, CHART_TYPE)
            values (3111, 'PROGRESS_CHART_CAPTION', 'PROGRESS_CHART_SUBCAPTION', '/reports/displayChallengePointProgressReport.do?method=displayProgressToGoalChart', 4033, 1, 1, 0, 'CP_PROGRESS_X_AXIS', 'CP_PROGRESS_Y_AXIS', 0, 20, 0, sysdate, 0, 'Column3D');
          --Insert into TMP_REPORT_CHART (REPORT_CHART_ID, CAPTION_CM_KEY, SUBCAPTION_CM_KEY, CHART_DATA_URL, REPORT_ID, SHOW_LABELS, SHOW_LEGEND, ENABLE_SMART_LABELS, X_AXIS_NAME_CM_KEY, Y_AXIS_NAME_CM_KEY, SEQUENCE_NUM, DISPLAY_LIMIT, CREATED_BY, DATE_CREATED, VERSION, CHART_TYPE)
        --    values (3001, 'RESULTS_CHART_CAPTION', 'RESULTS_CHART_SUBCAPTION', '/reports/displayChallengePointProgressReport.do?method=displayProgressResultsChart', 4033, 1, 1, 0, null, null, 1, 10, 0, sysdate, 0, 'MSColumn3D');
          --Report Parameters   
        Insert into TMP_REPORT_PARAMETER (REPORT_PARAMETER_ID, REPORT_ID, PARAMETER_NAME, PARAMETER_CM_KEY, DATABASE_COLUMN, PARAMETER_TYPE, LIST_DEFINITION, PARAMETER_GROUP, SEQUENCE_NUM, CREATED_BY, DATE_CREATED, MODIFIED_BY, DATE_MODIFIED, VERSION, COLLECTION_NAME, DEFAULT_VALUE) 
            values (2243,4033,'promotionStatus','PROMOTION_STATUS_FIELD','reportPromotionStatusTypeList','selectPicklist','picklist.reportpromotion.statustype','BASICS',0,5661,to_date('20-AUG-12','DD-MON-RR'),5661,to_date('20-AUG-12','DD-MON-RR'),0,'reportPromotionStatusTypeList','live');
        Insert into TMP_REPORT_PARAMETER (REPORT_PARAMETER_ID, REPORT_ID, PARAMETER_NAME, PARAMETER_CM_KEY, DATABASE_COLUMN, PARAMETER_TYPE, LIST_DEFINITION, PARAMETER_GROUP, SEQUENCE_NUM, CREATED_BY, DATE_CREATED, MODIFIED_BY, DATE_MODIFIED, VERSION, COLLECTION_NAME, DEFAULT_VALUE, DISPLAY_ON_DASHBOARD) 
            values (2244,4033,'promotionId','PROMOTION_FIELD','promotionTypeList','multiSelectQuery','com.biperf.core.domain.node.reportParameterValueChoices.allLiveChallengePointPromotions','BASICS',1,5661,to_date('20-AUG-12','DD-MON-RR'),5661,to_date('20-AUG-12','DD-MON-RR'),0,'promotionTypeList','show_all', 1);
        Insert into TMP_REPORT_PARAMETER (REPORT_PARAMETER_ID, REPORT_ID, PARAMETER_NAME, PARAMETER_CM_KEY, DATABASE_COLUMN, PARAMETER_TYPE, LIST_DEFINITION, PARAMETER_GROUP, SEQUENCE_NUM, CREATED_BY, DATE_CREATED, MODIFIED_BY, DATE_MODIFIED, VERSION, COLLECTION_NAME, DEFAULT_VALUE, DISPLAY_ON_DASHBOARD) 
            values (2245,4033,'parentNodeId','ORG_NAME','organizationList','selectQuery','com.biperf.core.domain.node.processParameterValueChoices.NodesAsHierarchyByUser','PARTICIPANTS',3,5661,to_date('20-AUG-12','DD-MON-RR'),5661,to_date('20-AUG-12','DD-MON-RR'),0,'organizationList','show_all', 1);
        Insert into TMP_REPORT_PARAMETER (REPORT_PARAMETER_ID, REPORT_ID, PARAMETER_NAME, PARAMETER_CM_KEY, DATABASE_COLUMN, PARAMETER_TYPE, LIST_DEFINITION, PARAMETER_GROUP, SEQUENCE_NUM, CREATED_BY, DATE_CREATED, MODIFIED_BY, DATE_MODIFIED, VERSION, COLLECTION_NAME, DEFAULT_VALUE) 
            values (2246,4033,'participantStatus','PARTICIPANT_STATUS_FIELD','participantStatusList','selectPicklist','picklist.participantstatus','PARTICIPANTS',3,5661,to_date('20-AUG-12','DD-MON-RR'),5661,to_date('20-AUG-12','DD-MON-RR'),0,'participantStatusList','active');
        Insert into TMP_REPORT_PARAMETER (REPORT_PARAMETER_ID, REPORT_ID, PARAMETER_NAME, PARAMETER_CM_KEY, DATABASE_COLUMN, PARAMETER_TYPE, LIST_DEFINITION, PARAMETER_GROUP, SEQUENCE_NUM, CREATED_BY, DATE_CREATED, MODIFIED_BY, DATE_MODIFIED, VERSION, COLLECTION_NAME, DEFAULT_VALUE) 
            values (2247,4033,'jobPosition','JOB_POSITION_FIELD','positionTypeList','selectPicklist','picklist.positiontype','PARTICIPANTS',4,5661,to_date('20-AUG-12','DD-MON-RR'),5661,to_date('20-AUG-12','DD-MON-RR'),0,'jobPositionTypeList','show_all');
        Insert into TMP_REPORT_PARAMETER (REPORT_PARAMETER_ID, REPORT_ID, PARAMETER_NAME, PARAMETER_CM_KEY, DATABASE_COLUMN, PARAMETER_TYPE, LIST_DEFINITION, PARAMETER_GROUP, SEQUENCE_NUM, CREATED_BY, DATE_CREATED, MODIFIED_BY, DATE_MODIFIED, VERSION, COLLECTION_NAME, DEFAULT_VALUE) 
            values (2248,4033,'department','DEPARTMENT_FIELD','departmentTypeList','multiSelectPick','picklist.department.type','PARTICIPANTS',5,5661,to_date('20-AUG-12','DD-MON-RR'),5661,to_date('20-AUG-12','DD-MON-RR'),0,'departmentTypeList','show_all');

--Challengepoint Achievement Report
        Insert into TMP_REPORT (REPORT_ID,REPORT_CODE, CM_ASSET_CODE,REPORT_NAME_CM_KEY,REPORT_CATEGORY_TYPE,MODULE,REPORT_DESCRIPTION_CM_KEY,REPORT_URL,IS_ACTIVE,CREATED_BY,DATE_CREATED,MODIFIED_BY,DATE_MODIFIED,VERSION, FORCE_PARAMETERS, EXPORT_ONLY) 
          values (4034,'cpAchievement','report.challengepoint.achievement','REPORT_NAME','cp','install.challengepoint','REPORT_DESCRIPTION','/reports/displayChallengepointAchievementReport.do?method=displaySummaryReport',1,0,sysdate,null,null,0, 0, 0);
        --ChallengePoint Achievement Charts
        Insert into TMP_REPORT_CHART (REPORT_CHART_ID, CAPTION_CM_KEY, SUBCAPTION_CM_KEY, CHART_DATA_URL, REPORT_ID, SHOW_LABELS, SHOW_LEGEND, ENABLE_SMART_LABELS, X_AXIS_NAME_CM_KEY, Y_AXIS_NAME_CM_KEY, SEQUENCE_NUM, DISPLAY_LIMIT, CREATED_BY, DATE_CREATED, VERSION, CHART_TYPE)
            values (3112, 'PERCENTAGE_ACHIEVED_CHART_CAPTION', 'PERCENTAGE_ACHIEVED_CHART_SUBCAPTION', '/reports/displayChallengepointAchievementReport.do?method=displayAchievementPercentageChart', 4034, 1, 1, 0, 'CP_PAR_ACHIEVEMENT_PER_X_AXIS', 'CP_PAR_ACHIEVEMENT_PER_Y_AXIS', 0, 20, 0, sysdate, 0, 'Column3D');
          Insert into TMP_REPORT_CHART (REPORT_CHART_ID, CAPTION_CM_KEY, SUBCAPTION_CM_KEY, CHART_DATA_URL, REPORT_ID, SHOW_LABELS, SHOW_LEGEND, ENABLE_SMART_LABELS, X_AXIS_NAME_CM_KEY, Y_AXIS_NAME_CM_KEY, SEQUENCE_NUM, DISPLAY_LIMIT, CREATED_BY, DATE_CREATED, VERSION, CHART_TYPE)
            values (3113, 'COUNT_ACHIEVED_CHART_CAPTION', 'COUNT_ACHIEVED_CHART_SUBCAPTION', '/reports/displayChallengepointAchievementReport.do?method=displayAchievementCountChart', 4034, 1, 1, 0, 'CP_PAR_ACHIEVEMENT_COUNT_X_AXIS', 'CP_PAR_ACHIEVEMENT_COUNT_Y_AXIS', 1, 20, 0, sysdate, 0, 'Column3D');
          --Insert into TMP_REPORT_CHART (REPORT_CHART_ID, CAPTION_CM_KEY, SUBCAPTION_CM_KEY, CHART_DATA_URL, REPORT_ID, SHOW_LABELS, SHOW_LEGEND, ENABLE_SMART_LABELS, X_AXIS_NAME_CM_KEY, Y_AXIS_NAME_CM_KEY, SEQUENCE_NUM, DISPLAY_LIMIT, CREATED_BY, DATE_CREATED, VERSION, CHART_TYPE)
        --    values (3001, 'RESULTS_CHART_CAPTION', 'RESULTS_CHART_SUBCAPTION', '/reports/displayChallengepointAchievementReport.do?method=displayAchievementResultsChart', 4034, 1, 1, 0, null, null, 2, 20, 0, sysdate, 0, 'MSColumn3D');
          Insert into TMP_REPORT_CHART (REPORT_CHART_ID, CAPTION_CM_KEY, SUBCAPTION_CM_KEY, CHART_DATA_URL, REPORT_ID, SHOW_LABELS, SHOW_LEGEND, ENABLE_SMART_LABELS, X_AXIS_NAME_CM_KEY, Y_AXIS_NAME_CM_KEY, SEQUENCE_NUM, DISPLAY_LIMIT, CREATED_BY, DATE_CREATED, VERSION, CHART_TYPE)
            values (3114, 'PERCENTAGE_BY_ORG_CHART_CAPTION', 'PERCENTAGE_BY_ORG_CHART_SUBCAPTION', '/reports/displayChallengepointAchievementReport.do?method=displayAchievementPercentageByOrgChart', 4034, 1, 1, 0, 'CP_PAR_ACHIEVEMENT_PER_ORG_X_AXIS', 'CP_PAR_ACHIEVEMENT_PER_ORG_Y_AXIS', 2, 20, 0, sysdate, 0, 'MSColumn3D');
          Insert into TMP_REPORT_CHART (REPORT_CHART_ID, CAPTION_CM_KEY, SUBCAPTION_CM_KEY, CHART_DATA_URL, REPORT_ID, SHOW_LABELS, SHOW_LEGEND, ENABLE_SMART_LABELS, X_AXIS_NAME_CM_KEY, Y_AXIS_NAME_CM_KEY, SEQUENCE_NUM, DISPLAY_LIMIT, CREATED_BY, DATE_CREATED, VERSION, CHART_TYPE)
            values (3115, 'COUNT_BY_ORG_CHART_CAPTION', 'COUNT_BY_ORG_CHART_SUBCAPTION', '/reports/displayChallengepointAchievementReport.do?method=displayAchievementCountByOrgChart', 4034, 1, 1, 0, 'CP_PAR_ACHIEVEMENT_COUNT_ORG_X_AXIS', 'CP_PAR_ACHIEVEMENT_COUNT_ORG_Y_AXIS', 3, 20, 0, sysdate, 0, 'MSColumn3D');
    --Report Parameters   
        Insert into TMP_REPORT_PARAMETER (REPORT_PARAMETER_ID, REPORT_ID, PARAMETER_NAME, PARAMETER_CM_KEY, DATABASE_COLUMN, PARAMETER_TYPE, LIST_DEFINITION, PARAMETER_GROUP, SEQUENCE_NUM, CREATED_BY, DATE_CREATED, MODIFIED_BY, DATE_MODIFIED, VERSION, COLLECTION_NAME, DEFAULT_VALUE) 
            values (2249,4034,'promotionStatus','PROMOTION_STATUS_FIELD','reportPromotionStatusTypeList','selectPicklist','picklist.reportpromotion.statustype','BASICS',0,5661,to_date('20-AUG-12','DD-MON-RR'),5661,to_date('20-AUG-12','DD-MON-RR'),0,'reportPromotionStatusTypeList','live');
        Insert into TMP_REPORT_PARAMETER (REPORT_PARAMETER_ID, REPORT_ID, PARAMETER_NAME, PARAMETER_CM_KEY, DATABASE_COLUMN, PARAMETER_TYPE, LIST_DEFINITION, PARAMETER_GROUP, SEQUENCE_NUM, CREATED_BY, DATE_CREATED, MODIFIED_BY, DATE_MODIFIED, VERSION, COLLECTION_NAME, DEFAULT_VALUE, DISPLAY_ON_DASHBOARD) 
            values (2250,4034,'promotionId','PROMOTION_FIELD','promotionTypeList','multiSelectQuery','com.biperf.core.domain.node.reportParameterValueChoices.allLiveChallengePointPromotions','BASICS',1,5661,to_date('20-AUG-12','DD-MON-RR'),5661,to_date('20-AUG-12','DD-MON-RR'),0,'promotionTypeList','show_all', 1);
        Insert into TMP_REPORT_PARAMETER (REPORT_PARAMETER_ID, REPORT_ID, PARAMETER_NAME, PARAMETER_CM_KEY, DATABASE_COLUMN, PARAMETER_TYPE, LIST_DEFINITION, PARAMETER_GROUP, SEQUENCE_NUM, CREATED_BY, DATE_CREATED, MODIFIED_BY, DATE_MODIFIED, VERSION, COLLECTION_NAME, DEFAULT_VALUE, DISPLAY_ON_DASHBOARD) 
            values (2251,4034,'parentNodeId','ORG_NAME','organizationList','selectQuery','com.biperf.core.domain.node.processParameterValueChoices.NodesAsHierarchyByUser','PARTICIPANTS',3,5661,to_date('20-AUG-12','DD-MON-RR'),5661,to_date('20-AUG-12','DD-MON-RR'),0,'organizationList','show_all', 1);
        Insert into TMP_REPORT_PARAMETER (REPORT_PARAMETER_ID, REPORT_ID, PARAMETER_NAME, PARAMETER_CM_KEY, DATABASE_COLUMN, PARAMETER_TYPE, LIST_DEFINITION, PARAMETER_GROUP, SEQUENCE_NUM, CREATED_BY, DATE_CREATED, MODIFIED_BY, DATE_MODIFIED, VERSION, COLLECTION_NAME, DEFAULT_VALUE) 
            values (2252,4034,'participantStatus','PARTICIPANT_STATUS_FIELD','participantStatusList','selectPicklist','picklist.participantstatus','PARTICIPANTS',3,5661,to_date('20-AUG-12','DD-MON-RR'),5661,to_date('20-AUG-12','DD-MON-RR'),0,'participantStatusList','active');
        Insert into TMP_REPORT_PARAMETER (REPORT_PARAMETER_ID, REPORT_ID, PARAMETER_NAME, PARAMETER_CM_KEY, DATABASE_COLUMN, PARAMETER_TYPE, LIST_DEFINITION, PARAMETER_GROUP, SEQUENCE_NUM, CREATED_BY, DATE_CREATED, MODIFIED_BY, DATE_MODIFIED, VERSION, COLLECTION_NAME, DEFAULT_VALUE) 
            values (2253,4034,'jobPosition','JOB_POSITION_FIELD','positionTypeList','selectPicklist','picklist.positiontype','PARTICIPANTS',4,5661,to_date('20-AUG-12','DD-MON-RR'),5661,to_date('20-AUG-12','DD-MON-RR'),0,'jobPositionTypeList','show_all');
        Insert into TMP_REPORT_PARAMETER (REPORT_PARAMETER_ID, REPORT_ID, PARAMETER_NAME, PARAMETER_CM_KEY, DATABASE_COLUMN, PARAMETER_TYPE, LIST_DEFINITION, PARAMETER_GROUP, SEQUENCE_NUM, CREATED_BY, DATE_CREATED, MODIFIED_BY, DATE_MODIFIED, VERSION, COLLECTION_NAME, DEFAULT_VALUE) 
            values (2254,4034,'department','DEPARTMENT_FIELD','departmentTypeList','multiSelectPick','picklist.department.type','PARTICIPANTS',5,5661,to_date('20-AUG-12','DD-MON-RR'),5661,to_date('20-AUG-12','DD-MON-RR'),0,'departmentTypeList','show_all');

      --ChallengePoint Manager Achievement Report
        Insert into TMP_REPORT (REPORT_ID,REPORT_CODE, CM_ASSET_CODE,REPORT_NAME_CM_KEY,REPORT_CATEGORY_TYPE,MODULE,REPORT_DESCRIPTION_CM_KEY,REPORT_URL,IS_ACTIVE,CREATED_BY,DATE_CREATED,MODIFIED_BY,DATE_MODIFIED,VERSION, FORCE_PARAMETERS, EXPORT_ONLY) 
          values (4035,'cpManager','report.challengepoint.manager','REPORT_NAME','cp','install.challengepoint','REPORT_DESCRIPTION','/reports/displayChallengePointManagerReport.do?method=displaySummaryReport',1,0,sysdate,null,null,0, 0, 0);
          --ChallengePoint Manager Achievement Charts
        Insert into TMP_REPORT_CHART (REPORT_CHART_ID, CAPTION_CM_KEY, SUBCAPTION_CM_KEY, CHART_DATA_URL, REPORT_ID, SHOW_LABELS, SHOW_LEGEND, ENABLE_SMART_LABELS, X_AXIS_NAME_CM_KEY, Y_AXIS_NAME_CM_KEY, SEQUENCE_NUM, DISPLAY_LIMIT, CREATED_BY, DATE_CREATED, VERSION, CHART_TYPE)
            values (3116, 'TOTAL_POINTS_CHART_CAPTION', 'TOTAL_POINTS_CHART_SUBCAPTION', '/reports/displayChallengePointManagerReport.do?method=displayTotalPointsEarnedChart', 4035, 1, 1, 0, 'CP_TOT_PTS_ERND_X_AXIS', 'CP_TOT_PTS_ERND_Y_AXIS', 0, 20, 0, sysdate, 0, 'Column3D');
          --Report Parameters   
        Insert into TMP_REPORT_PARAMETER (REPORT_PARAMETER_ID, REPORT_ID, PARAMETER_NAME, PARAMETER_CM_KEY, DATABASE_COLUMN, PARAMETER_TYPE, LIST_DEFINITION, PARAMETER_GROUP, SEQUENCE_NUM, CREATED_BY, DATE_CREATED, MODIFIED_BY, DATE_MODIFIED, VERSION, COLLECTION_NAME, DEFAULT_VALUE) 
            values (2255,4035,'promotionStatus','PROMOTION_STATUS_FIELD','reportPromotionStatusTypeList','selectPicklist','picklist.reportpromotion.statustype','BASICS',0,5661,to_date('20-AUG-12','DD-MON-RR'),5661,to_date('20-AUG-12','DD-MON-RR'),0,'reportPromotionStatusTypeList','live');
        Insert into TMP_REPORT_PARAMETER (REPORT_PARAMETER_ID, REPORT_ID, PARAMETER_NAME, PARAMETER_CM_KEY, DATABASE_COLUMN, PARAMETER_TYPE, LIST_DEFINITION, PARAMETER_GROUP, SEQUENCE_NUM, CREATED_BY, DATE_CREATED, MODIFIED_BY, DATE_MODIFIED, VERSION, COLLECTION_NAME, DEFAULT_VALUE, DISPLAY_ON_DASHBOARD) 
            values (2256,4035,'promotionId','PROMOTION_FIELD','promotionTypeList','multiSelectQuery','com.biperf.core.domain.node.reportParameterValueChoices.allLiveChallengePointPromotions','BASICS',1,5661,to_date('20-AUG-12','DD-MON-RR'),5661,to_date('20-AUG-12','DD-MON-RR'),0,'promotionTypeList','show_all', 1);
        Insert into TMP_REPORT_PARAMETER (REPORT_PARAMETER_ID, REPORT_ID, PARAMETER_NAME, PARAMETER_CM_KEY, DATABASE_COLUMN, PARAMETER_TYPE, LIST_DEFINITION, PARAMETER_GROUP, SEQUENCE_NUM, CREATED_BY, DATE_CREATED, MODIFIED_BY, DATE_MODIFIED, VERSION, COLLECTION_NAME, DEFAULT_VALUE, DISPLAY_ON_DASHBOARD) 
            values (2257,4035,'parentNodeId','ORG_NAME','organizationList','selectQuery','com.biperf.core.domain.node.processParameterValueChoices.NodesAsHierarchyByUser','PARTICIPANTS',3,5661,to_date('20-AUG-12','DD-MON-RR'),5661,to_date('20-AUG-12','DD-MON-RR'),0,'organizationList','show_all', 1);

        -- ChallengePoint Program Summary Report
        Insert into TMP_REPORT (REPORT_ID,REPORT_CODE, CM_ASSET_CODE,REPORT_NAME_CM_KEY,REPORT_CATEGORY_TYPE,MODULE,REPORT_DESCRIPTION_CM_KEY,REPORT_URL,IS_ACTIVE,CREATED_BY,DATE_CREATED,MODIFIED_BY,DATE_MODIFIED,VERSION, FORCE_PARAMETERS, EXPORT_ONLY) 
          values (4036,'cpSummary','report.challengepoint.summary','REPORT_NAME','cp','install.challengepoint','REPORT_DESCRIPTION','/reports/displayChallengePointProgramSummaryReport.do?method=displaySummaryReport',1,0,sysdate,null,null,0, 0, 0);
          --ChallengePoint Program Summary Charts
          Insert into TMP_REPORT_CHART (REPORT_CHART_ID, CAPTION_CM_KEY, SUBCAPTION_CM_KEY, CHART_DATA_URL, REPORT_ID, SHOW_LABELS, SHOW_LEGEND, ENABLE_SMART_LABELS, X_AXIS_NAME_CM_KEY, Y_AXIS_NAME_CM_KEY, SEQUENCE_NUM, DISPLAY_LIMIT, CREATED_BY, DATE_CREATED, VERSION, CHART_TYPE)
            values (3117, 'GOAL_ACHIEVEMENT_CHART_CAPTION', 'GOAL_ACHIEVEMENT_CHART_SUBCAPTION', '/reports/displayChallengePointProgramSummaryReport.do?method=displayGoalAchievementChart', 4036, 1, 1, 0, 'CP_PROGRAM_ACHIEVEMENT_X_AXIS', 'CP_PROGRAM_ACHIEVEMENT_Y_AXIS', 0, 20, 0, sysdate, 0, 'Bar2D');
          Insert into TMP_REPORT_CHART (REPORT_CHART_ID, CAPTION_CM_KEY, SUBCAPTION_CM_KEY, CHART_DATA_URL, REPORT_ID, SHOW_LABELS, SHOW_LEGEND, ENABLE_SMART_LABELS, X_AXIS_NAME_CM_KEY, Y_AXIS_NAME_CM_KEY, SEQUENCE_NUM, DISPLAY_LIMIT, CREATED_BY, DATE_CREATED, VERSION, CHART_TYPE)
            values (3118, 'INCREMENT_CHART_CAPTION', 'INCREMENT_CHART_SUBCAPTION', '/reports/displayChallengePointProgramSummaryReport.do?method=displayChallengePointIncrementalChart', 4036, 1, 1, 0,'CP_PROGRAM_INCREMENT_X_AXIS', 'CP_PROGRAM_INCREMENT_Y_AXIS', 1, 20, 0, sysdate, 0, 'MSColumn3D');
        --Report Parameters
        Insert into TMP_REPORT_PARAMETER (REPORT_PARAMETER_ID, REPORT_ID, PARAMETER_NAME, PARAMETER_CM_KEY, DATABASE_COLUMN, PARAMETER_TYPE, LIST_DEFINITION, PARAMETER_GROUP, SEQUENCE_NUM, CREATED_BY, DATE_CREATED, MODIFIED_BY, DATE_MODIFIED, VERSION, COLLECTION_NAME, DEFAULT_VALUE) 
            values (2258,4036,'promotionStatus','PROMOTION_STATUS_FIELD','reportPromotionStatusTypeList','selectPicklist','picklist.reportpromotion.statustype','BASICS',0,5661,to_date('20-AUG-12','DD-MON-RR'),5661,to_date('20-AUG-12','DD-MON-RR'),0,'reportPromotionStatusTypeList','live');
        Insert into TMP_REPORT_PARAMETER (REPORT_PARAMETER_ID, REPORT_ID, PARAMETER_NAME, PARAMETER_CM_KEY, DATABASE_COLUMN, PARAMETER_TYPE, LIST_DEFINITION, PARAMETER_GROUP, SEQUENCE_NUM, CREATED_BY, DATE_CREATED, MODIFIED_BY, DATE_MODIFIED, VERSION, COLLECTION_NAME, DEFAULT_VALUE, DISPLAY_ON_DASHBOARD) 
            values (2259,4036,'promotionId','PROMOTION_FIELD','promotionTypeList','multiSelectQuery','com.biperf.core.domain.node.reportParameterValueChoices.allLiveChallengePointPromotions','BASICS',1,5661,to_date('20-AUG-12','DD-MON-RR'),5661,to_date('20-AUG-12','DD-MON-RR'),0,'promotionTypeList','show_all', 1);
        Insert into TMP_REPORT_PARAMETER (REPORT_PARAMETER_ID, REPORT_ID, PARAMETER_NAME, PARAMETER_CM_KEY, DATABASE_COLUMN, PARAMETER_TYPE, LIST_DEFINITION, PARAMETER_GROUP, SEQUENCE_NUM, CREATED_BY, DATE_CREATED, MODIFIED_BY, DATE_MODIFIED, VERSION, COLLECTION_NAME, DEFAULT_VALUE, DISPLAY_ON_DASHBOARD) 
            values (2260,4036,'parentNodeId','ORG_NAME','organizationList','selectQuery','com.biperf.core.domain.node.processParameterValueChoices.NodesAsHierarchyByUser','PARTICIPANTS',3,5661,to_date('20-AUG-12','DD-MON-RR'),5661,to_date('20-AUG-12','DD-MON-RR'),0,'organizationList','show_all', 1);
        Insert into TMP_REPORT_PARAMETER (REPORT_PARAMETER_ID, REPORT_ID, PARAMETER_NAME, PARAMETER_CM_KEY, DATABASE_COLUMN, PARAMETER_TYPE, LIST_DEFINITION, PARAMETER_GROUP, SEQUENCE_NUM, CREATED_BY, DATE_CREATED, MODIFIED_BY, DATE_MODIFIED, VERSION, COLLECTION_NAME, DEFAULT_VALUE) 
            values (2261,4036,'participantStatus','PARTICIPANT_STATUS_FIELD','participantStatusList','selectPicklist','picklist.participantstatus','PARTICIPANTS',3,5661,to_date('20-AUG-12','DD-MON-RR'),5661,to_date('20-AUG-12','DD-MON-RR'),0,'participantStatusList','active');
 END;
 
BEGIN
 FOR c1_r IN c1 LOOP
 INSERT INTO tmp_report_dashboard_item
 (report_dashboard_item_id,
   report_dashboard_id,
   report_chart_id,
   node_and_below,
   sequence_num,
   created_by,
   date_created,
   modified_by,
   date_modified,
   version)
   VALUES
   (c1_r.report_dashboard_item_id,
   c1_r.report_dashboard_id,
   c1_r.new_chart_id,
   c1_r.node_and_below,
   c1_r.sequence_num,
   c1_r.created_by,
   c1_r.date_created,
   c1_r.modified_by,
   c1_r.date_modified,
   c1_r.version);
  END LOOP;
 END;         

BEGIN
 FOR c2_r IN c2 LOOP
 INSERT INTO tmp_report_dashboard_itemparam
 (rpt_dashboard_item_param_id,
  report_dashboard_item_id,
  report_parameter_id,
  value,
  auto_update,
  created_by,
  date_created,
  modified_by,
  date_modified,
  version)
   VALUES
   (c2_r.rpt_dashboard_item_param_id,
  c2_r.report_dashboard_item_id,
  c2_r.new_parameter_id,
  c2_r.value,
  c2_r.auto_update,
  c2_r.created_by,
  c2_r.date_created,
  c2_r.modified_by,
  c2_r.date_modified,
  c2_r.version);
  END LOOP;
    
 END;       
 
 BEGIN
 DELETE FROM report_dashboard_item_param;
 DELETE FROM report_dashboard_item;
 DELETE FROM report_parameter;
 DELETE FROM report_chart;
 DELETE FROM report;
 
 INSERT INTO report(
    report_id,
    report_code,
    report_name_cm_key,
    report_category_type,
    report_description_cm_key,
    report_url,
    is_active,
    module,
    cm_asset_code,
    force_parameters,
    export_only,
    created_by,
    date_created,
    modified_by,
    date_modified,
    version) 
 SELECT report_id,
    report_code,
    report_name_cm_key,
    report_category_type,
    report_description_cm_key,
    report_url,
    is_active,
    module,
    cm_asset_code,
    force_parameters,
    export_only,
    created_by,
    date_created,
    modified_by,
    date_modified,
    version FROM TMP_REPORT;
 
INSERT INTO report_chart 
(report_chart_id,
  caption_cm_key,
  subcaption_cm_key,
  chart_data_url,
  chart_type,
  report_id,
  show_labels,
  show_legend,
  enable_smart_labels,
  show_percent_values,
  x_axis_name_cm_key,
  y_axis_name_cm_key,
  sequence_num,
  display_limit,
  created_by,
  date_created,
  modified_by,
  date_modified,
  version)
 SELECT report_chart_id,
  caption_cm_key,
  subcaption_cm_key,
  chart_data_url,
  chart_type,
  report_id,
  show_labels,
  show_legend,
  enable_smart_labels,
  show_percent_values,
  x_axis_name_cm_key,
  y_axis_name_cm_key,
  sequence_num,
  display_limit,
  created_by,
  date_created,
  modified_by,
  date_modified,
  version
   FROM tmp_report_chart;
 
INSERT INTO report_parameter 
(report_parameter_id,
  report_id,
  parameter_name,
  parameter_cm_key,
  database_column,
  parameter_type,
  list_definition,
  parameter_group,
  sequence_num,
  display_on_dashboard,
  created_by,
  date_created,
  modified_by,
  date_modified,
  version,
  collection_name,
  default_value,
  admin_select_only,
  hide_show_all_option)
SELECT report_parameter_id,
  report_id,
  parameter_name,
  parameter_cm_key,
  database_column,
  parameter_type,
  list_definition,
  parameter_group,
  sequence_num,
  display_on_dashboard,
  created_by,
  date_created,
  modified_by,
  date_modified,
  version,
  collection_name,
  default_value,
  admin_select_only,
  hide_show_all_option
  FROM tmp_report_parameter;
 
   INSERT INTO report_dashboard_item
   (report_dashboard_item_id,
  report_dashboard_id,
  report_chart_id,
  node_and_below,
  sequence_num,
  created_by,
  date_created,
  modified_by,
  date_modified,
  version) 
 SELECT report_dashboard_item_id,
  report_dashboard_id,
  report_chart_id,
  node_and_below,
  sequence_num,
  created_by,
  date_created,
  modified_by,
  date_modified,
  version
   FROM tmp_report_dashboard_item;
 
  INSERT INTO report_dashboard_item_param
  (rpt_dashboard_item_param_id,
  report_dashboard_item_id,
  report_parameter_id,
  value,
  auto_update,
  created_by,
  date_created,
  modified_by,
  date_modified,
  version) 
 SELECT rpt_dashboard_item_param_id,
  report_dashboard_item_id,
  report_parameter_id,
  value,
  auto_update,
  created_by,
  date_created,
  modified_by,
  date_modified,
  version FROM tmp_report_dashboard_itemparam;
 
 END;
 
BEGIN
EXECUTE IMMEDIATE 'DROP TABLE tmp_report_dashboard_itemparam';
EXECUTE IMMEDIATE 'DROP TABLE tmp_report_dashboard_item';
EXECUTE IMMEDIATE 'DROP TABLE tmp_report_parameter';
EXECUTE IMMEDIATE 'DROP TABLE tmp_report_chart';
EXECUTE IMMEDIATE 'DROP TABLE tmp_report';

END;
 
 
END;
prc_execution_log_entry('Convert_insert_report',1,'INFO',
                          'Procedure Completed',
                          NULL);
END;
/
