INSERT INTO card (CARD_ID,CARD_NAME,SMALL_IMAGE_NAME,LARGE_IMAGE_NAME,IS_ACTIVE,IS_MOBILE,CREATED_BY,DATE_CREATED, VERSION) 
    VALUES (3041, '1st Year Celebration', 'celebration1_sm.jpg', 'celebration1_lg.jpg', 1, 0, 0, sysdate, 1)
/
INSERT INTO card (CARD_ID,CARD_NAME,SMALL_IMAGE_NAME,LARGE_IMAGE_NAME,IS_ACTIVE,IS_MOBILE,CREATED_BY,DATE_CREATED, VERSION) 
    VALUES (3042, '3rd Year Celebration', 'celebration3_sm.jpg', 'celebration3_lg.jpg', 1, 0, 0, sysdate, 1)
/
INSERT INTO card (CARD_ID,CARD_NAME,SMALL_IMAGE_NAME,LARGE_IMAGE_NAME,IS_ACTIVE,IS_MOBILE,CREATED_BY,DATE_CREATED, VERSION) 
    VALUES (3043, '5th Year Celebration', 'celebration5_sm.jpg', 'celebration5_lg.jpg', 1, 0, 0, sysdate, 1)
/
INSERT INTO card (CARD_ID,CARD_NAME,SMALL_IMAGE_NAME,LARGE_IMAGE_NAME,IS_ACTIVE,IS_MOBILE,CREATED_BY,DATE_CREATED, VERSION) 
    VALUES (3044, '10th Year Celebration', 'celebration10_sm.jpg', 'celebration10_lg.jpg', 1, 0, 0, sysdate, 1)
/
INSERT INTO card (CARD_ID,CARD_NAME,SMALL_IMAGE_NAME,LARGE_IMAGE_NAME,IS_ACTIVE,IS_MOBILE,CREATED_BY,DATE_CREATED, VERSION) 
    VALUES (3045, '15th Year Celebration', 'celebration15_sm.jpg', 'celebration15_lg.jpg', 1, 0, 0, sysdate, 1)
/
INSERT INTO card (CARD_ID,CARD_NAME,SMALL_IMAGE_NAME,LARGE_IMAGE_NAME,IS_ACTIVE,IS_MOBILE,CREATED_BY,DATE_CREATED, VERSION) 
    VALUES (3046, '20th Year Celebration', 'celebration20_sm.jpg', 'celebration20_lg.jpg', 1, 0, 0, sysdate, 1)
/
INSERT INTO card (CARD_ID,CARD_NAME,SMALL_IMAGE_NAME,LARGE_IMAGE_NAME,IS_ACTIVE,IS_MOBILE,CREATED_BY,DATE_CREATED, VERSION) 
    VALUES (3047, '25th Year Celebration', 'celebration25_sm.jpg', 'celebration25_lg.jpg', 1, 0, 0, sysdate, 1)
/
INSERT INTO card (CARD_ID,CARD_NAME,SMALL_IMAGE_NAME,LARGE_IMAGE_NAME,IS_ACTIVE,IS_MOBILE,CREATED_BY,DATE_CREATED, VERSION) 
    VALUES (3048, '30th Year Celebration', 'celebration30_sm.jpg', 'celebration30_lg.jpg', 1, 0, 0, sysdate, 1)
/
INSERT INTO card (CARD_ID,CARD_NAME,SMALL_IMAGE_NAME,LARGE_IMAGE_NAME,IS_ACTIVE,IS_MOBILE,CREATED_BY,DATE_CREATED, VERSION) 
    VALUES (3049, '35th Year Celebration', 'celebration35_sm.jpg', 'celebration35_lg.jpg', 1, 0, 0, sysdate, 1)
/
INSERT INTO card (CARD_ID,CARD_NAME,SMALL_IMAGE_NAME,LARGE_IMAGE_NAME,IS_ACTIVE,IS_MOBILE,CREATED_BY,DATE_CREATED, VERSION) 
    VALUES (3050, '40th Year Celebration', 'celebration40_sm.jpg', 'celebration40_lg.jpg', 1, 0, 0, sysdate, 1)
/
INSERT INTO card (CARD_ID,CARD_NAME,SMALL_IMAGE_NAME,LARGE_IMAGE_NAME,IS_ACTIVE,IS_MOBILE,CREATED_BY,DATE_CREATED, VERSION)
    VALUES (3051, '45th Year Celebration', 'celebration45_sm.jpg', 'celebration45_lg.jpg', 1, 0, 0, sysdate, 1)
/
INSERT INTO card (CARD_ID,CARD_NAME,SMALL_IMAGE_NAME,LARGE_IMAGE_NAME,IS_ACTIVE,IS_MOBILE,CREATED_BY,DATE_CREATED, VERSION)
    VALUES (3052, '50th Year Celebration', 'celebration50_sm.jpg', 'celebration50_lg.jpg', 1, 0, 0, sysdate, 1)
/
INSERT INTO card (CARD_ID,CARD_NAME,SMALL_IMAGE_NAME,LARGE_IMAGE_NAME,IS_ACTIVE,IS_MOBILE,CREATED_BY,DATE_CREATED, VERSION)
    VALUES (3054, 'brighten', 'brighten-144_sm.jpg', 'brighten-432_lg.jpg', 1, 0, 0, sysdate, 1)
/
INSERT INTO card (CARD_ID,CARD_NAME,SMALL_IMAGE_NAME,LARGE_IMAGE_NAME,IS_ACTIVE,IS_MOBILE,CREATED_BY,DATE_CREATED, VERSION)
    VALUES (3056, 'dreambig', 'dreambig-144_sm.jpg', 'dreambig-432_lg.jpg', 1, 0, 0, sysdate, 1)
/
INSERT INTO card (CARD_ID,CARD_NAME,SMALL_IMAGE_NAME,LARGE_IMAGE_NAME,IS_ACTIVE,IS_MOBILE,CREATED_BY,DATE_CREATED, VERSION)
    VALUES (3058, 'embracesafety-orangecones', 'embracesafety-orangecones-144_sm.jpg', 'embracesafety-orangecones-432_lg.jpg', 1, 0, 0, sysdate, 1)
/
INSERT INTO card (CARD_ID,CARD_NAME,SMALL_IMAGE_NAME,LARGE_IMAGE_NAME,IS_ACTIVE,IS_MOBILE,CREATED_BY,DATE_CREATED, VERSION)
    VALUES (3059, 'everyonesaysthanks-wordbubbles', 'everyonesaysthanks-wordbubbles-144_sm.jpg', 'everyonesaysthanks-wordbubbles-432_lg.jpg', 1, 0, 0, sysdate, 1)
/
INSERT INTO card (CARD_ID,CARD_NAME,SMALL_IMAGE_NAME,LARGE_IMAGE_NAME,IS_ACTIVE,IS_MOBILE,CREATED_BY,DATE_CREATED, VERSION)
    VALUES (3060, 'lemons', 'lemons-144_sm.jpg', 'lemons-432_lg.jpg', 1, 0, 0, sysdate, 1)
/
INSERT INTO card (CARD_ID,CARD_NAME,SMALL_IMAGE_NAME,LARGE_IMAGE_NAME,IS_ACTIVE,IS_MOBILE,CREATED_BY,DATE_CREATED, VERSION)
    VALUES (3061, 'safetyfirst-yellowroadsign', 'safetyfirst-yellowroadsign-144_sm.jpg', 'safetyfirst-yellowroadsign-432_lg.jpg', 1, 0, 0, sysdate, 1)
/
INSERT INTO card (CARD_ID,CARD_NAME,SMALL_IMAGE_NAME,LARGE_IMAGE_NAME,IS_ACTIVE,IS_MOBILE,CREATED_BY,DATE_CREATED, VERSION)
    VALUES (3062, 'safetyisjob1-floorsign', 'safetyisjob1-floorsign-144_sm.jpg', 'safetyisjob1-floorsign-432_lg.jpg', 1, 0, 0, sysdate, 1)
/
INSERT INTO card (CARD_ID,CARD_NAME,SMALL_IMAGE_NAME,LARGE_IMAGE_NAME,IS_ACTIVE,IS_MOBILE,CREATED_BY,DATE_CREATED, VERSION)
    VALUES (3066, 'thank2', 'thank2-144_sm.jpg', 'thank2-432_lg.jpg', 1, 0, 0, sysdate, 1)
/
INSERT INTO card (CARD_ID,CARD_NAME,SMALL_IMAGE_NAME,LARGE_IMAGE_NAME,IS_ACTIVE,IS_MOBILE,CREATED_BY,DATE_CREATED, VERSION)
    VALUES (3067, 'thanks3', 'thanks3-144_sm.jpg', 'thanks3-432_lg.jpg', 1, 0, 0, sysdate, 1)
/
INSERT INTO card (CARD_ID,CARD_NAME,SMALL_IMAGE_NAME,LARGE_IMAGE_NAME,IS_ACTIVE,IS_MOBILE,CREATED_BY,DATE_CREATED, VERSION)
	VALUES (3068, 'thankyou-discoball', 'thankyou-discoball-144_sm.jpg', 'thankyou-discoball-432_lg.jpg', 1, 0, 0, sysdate, 1)
/
INSERT INTO card (CARD_ID,CARD_NAME,SMALL_IMAGE_NAME,LARGE_IMAGE_NAME,IS_ACTIVE,IS_MOBILE,CREATED_BY,DATE_CREATED, VERSION)
    VALUES (3070, 'thankyou-highlighter', 'thankyou-highlighter-144_sm.jpg', 'thankyou-highlighter-432_lg.jpg', 1, 0, 0, sysdate, 1)
/
INSERT INTO card (CARD_ID,CARD_NAME,SMALL_IMAGE_NAME,LARGE_IMAGE_NAME,IS_ACTIVE,IS_MOBILE,CREATED_BY,DATE_CREATED, VERSION)
    VALUES (3071, 'thankyou-sunglasses', 'thankyou-sunglasses-144_sm.jpg', 'thankyou-sunglasses-432_lg.jpg', 1, 0, 0, sysdate, 1)
/
INSERT INTO card (CARD_ID,CARD_NAME,SMALL_IMAGE_NAME,LARGE_IMAGE_NAME,IS_ACTIVE,IS_MOBILE,CREATED_BY,DATE_CREATED, VERSION)
    VALUES (3072, 'thankyou-tiedye', 'thankyou-tiedye-144_sm.jpg', 'thankyou-tiedye-432_lg.jpg', 1, 0, 0, sysdate, 1)
/
INSERT INTO card (CARD_ID,CARD_NAME,SMALL_IMAGE_NAME,LARGE_IMAGE_NAME,IS_ACTIVE,IS_MOBILE,CREATED_BY,DATE_CREATED, VERSION)
    VALUES (3073, 'thankyou-wordcloud', 'thankyou-wordcloud-144_sm.jpg', 'thankyou-wordcloud-432_lg.jpg', 1, 0, 0, sysdate, 1)
/
INSERT INTO card (CARD_ID,CARD_NAME,SMALL_IMAGE_NAME,LARGE_IMAGE_NAME,IS_ACTIVE,IS_MOBILE,CREATED_BY,DATE_CREATED, VERSION)
    VALUES (3074, 'tough', 'tough-144_sm.jpg', 'tough-432_lg.jpg', 1, 0, 0, sysdate, 1)
/
INSERT INTO card (CARD_ID,CARD_NAME,SMALL_IMAGE_NAME,LARGE_IMAGE_NAME,IS_ACTIVE,IS_MOBILE,CREATED_BY,DATE_CREATED, VERSION)
    VALUES (3078, 'safety', 'safety-144_sm.jpg', 'safety_432_lg.jpg', 1, 0, 0, sysdate, 1)
/
Insert into card (CARD_ID,CARD_NAME,SMALL_IMAGE_NAME,LARGE_IMAGE_NAME,IS_ACTIVE,IS_MOBILE,CREATED_BY,DATE_CREATED, VERSION) values (3075, 'teamwork-bees', 'teamwork-bees-144_sm.jpg', 'teamwork-bees-432_lg.jpg', 1, 0, 0, sysdate, 1)
/
Insert into card (CARD_ID,CARD_NAME,SMALL_IMAGE_NAME,LARGE_IMAGE_NAME,IS_ACTIVE,IS_MOBILE,CREATED_BY,DATE_CREATED, VERSION) values (3076, 'thank-you-stream', 'thank-you-stream-144_sm.jpg', 'thank-you-stream-432_lg.jpg', 1, 0, 0, sysdate, 1)
/
Insert into card (CARD_ID,CARD_NAME,SMALL_IMAGE_NAME,LARGE_IMAGE_NAME,IS_ACTIVE,IS_MOBILE,CREATED_BY,DATE_CREATED, VERSION) values (3077, 'your-efforts', 'your-efforts-144_sm.jpg', 'your-efforts-432_lg.jpg', 1, 0, 0, sysdate, 1)
/
INSERT INTO card (CARD_ID,CARD_NAME,SMALL_IMAGE_NAME,LARGE_IMAGE_NAME,IS_ACTIVE,IS_MOBILE,CREATED_BY,DATE_CREATED, VERSION)
    VALUES (3053, 'amazing', 'amazing-144_sm.jpg', 'amazing-432_lg.jpg', 1, 0, 0, sysdate, 1)
/
INSERT INTO card (CARD_ID,CARD_NAME,SMALL_IMAGE_NAME,LARGE_IMAGE_NAME,IS_ACTIVE,IS_MOBILE,CREATED_BY,DATE_CREATED, VERSION)
    VALUES (3055, 'contributions', 'contributions-144_sm.jpg', 'contributions-432_lg.jpg', 1, 0, 0, sysdate, 1)
/
INSERT INTO card (CARD_ID,CARD_NAME,SMALL_IMAGE_NAME,LARGE_IMAGE_NAME,IS_ACTIVE,IS_MOBILE,CREATED_BY,DATE_CREATED, VERSION)
    VALUES (3064, 'teamwork2', 'teamwork2-144_sm.jpg', 'teamwork2-432_lg.jpg', 1, 0, 0, sysdate, 1)
/
INSERT INTO card (CARD_ID,CARD_NAME,SMALL_IMAGE_NAME,LARGE_IMAGE_NAME,IS_ACTIVE,IS_MOBILE,CREATED_BY,DATE_CREATED, VERSION)
    VALUES (3069, 'thankyou-graffiti', 'thankyou-graffiti-144_sm.jpg', 'thankyou-graffiti-432_lg.jpg', 1, 0, 0, sysdate, 1)
/
Insert into ECARD(CARD_ID, FLASH_NAME) Values(3075, 'teamwork-bees-432_lg.jpg')
/
Insert into ECARD(CARD_ID, FLASH_NAME) Values(3076, 'thank-you-stream-432_lg.jpg')
/
Insert into ECARD(CARD_ID, FLASH_NAME) Values(3077, 'your-efforts-432_lg.jpg')
/
Insert into ECARD(CARD_ID, FLASH_NAME) Values(3041, 'celebration1_lg.jpg')
/
Insert into ECARD(CARD_ID, FLASH_NAME) Values(3042, 'celebration3_lg.jpg')
/
Insert into ECARD(CARD_ID, FLASH_NAME) Values(3043, 'celebration5_lg.jpg')
/
Insert into ECARD(CARD_ID, FLASH_NAME) Values(3044, 'celebration10_lg.jpg')
/
Insert into ECARD(CARD_ID, FLASH_NAME) Values(3045, 'celebration15_lg.jpg')
/
Insert into ECARD(CARD_ID, FLASH_NAME) Values(3046, 'celebration20_lg.jpg')
/
Insert into ECARD(CARD_ID, FLASH_NAME) Values(3047, 'celebration25_lg.jpg')
/
Insert into ECARD(CARD_ID, FLASH_NAME) Values(3048, 'celebration30_lg.jpg')
/
Insert into ECARD(CARD_ID, FLASH_NAME) Values(3049, 'celebration35_lg.jpg')
/
Insert into ECARD(CARD_ID, FLASH_NAME) Values(3050, 'celebration40_lg.jpg')
/
Insert into ECARD(CARD_ID, FLASH_NAME) Values(3051, 'celebration45_lg.jpg')
/
Insert into ECARD(CARD_ID, FLASH_NAME) Values(3052, 'celebration50_lg.jpg')
/
Insert into ECARD(CARD_ID, FLASH_NAME, IS_TRANSLATABLE) Values(3053, 'amazing-432_lg.jpg', 1)
/
Insert into ECARD(CARD_ID, FLASH_NAME) Values(3054, 'brighten-432_lg.jpg')
/
Insert into ECARD(CARD_ID, FLASH_NAME, IS_TRANSLATABLE) Values(3055, 'contributions-432_lg.jpg', 1)
/
Insert into ECARD(CARD_ID, FLASH_NAME) Values(3056, 'dreambig-432_lg.jpg')
/
Insert into ECARD(CARD_ID, FLASH_NAME) Values(3058, 'embracesafety-orangecones-432_lg.jpg')
/
Insert into ECARD(CARD_ID, FLASH_NAME) Values(3059, 'everyonesaysthanks-wordbubbles-432_lg.jpg')
/
Insert into ECARD(CARD_ID, FLASH_NAME) Values(3060, 'lemons-432_lg.jpg')
/
Insert into ECARD(CARD_ID, FLASH_NAME) Values(3061, 'safetyfirst-yellowroadsign-432_lg.jpg')
/
Insert into ECARD(CARD_ID, FLASH_NAME) Values(3062, 'safetyisjob1-floorsign-432_lg.jpg')
/
Insert into ECARD(CARD_ID, FLASH_NAME, IS_TRANSLATABLE) Values(3064, 'teamwork2-432_lg.jpg', 1)
/
Insert into ECARD(CARD_ID, FLASH_NAME) Values(3066, 'thank2-432_lg.jpg')
/
Insert into ECARD(CARD_ID, FLASH_NAME) Values(3067, 'thanks3-432_lg.jpg')
/
Insert into ECARD(CARD_ID, FLASH_NAME) Values(3068, 'thankyou-discoball-432_lg.jpg')
/
Insert into ECARD(CARD_ID, FLASH_NAME, IS_TRANSLATABLE) Values(3069, 'thankyou-graffiti-432_lg.jpg', 1)
/
Insert into ECARD(CARD_ID, FLASH_NAME) Values(3070, 'thankyou-highlighter-432_lg.jpg')
/
Insert into ECARD(CARD_ID, FLASH_NAME) Values(3071, 'thankyou-sunglasses-432_lg.jpg')
/
Insert into ECARD(CARD_ID, FLASH_NAME) Values(3072, 'thankyou-tiedye-432_lg.jpg')
/
Insert into ECARD(CARD_ID, FLASH_NAME) Values(3073, 'thankyou-wordcloud-432_lg.jpg')
/
Insert into ECARD(CARD_ID, FLASH_NAME) Values(3074, 'tough-432_lg.jpg')
/
Insert into ECARD(CARD_ID, FLASH_NAME, IS_TRANSLATABLE) Values(3078, 'safety_432_lg.jpg', 1)
/
Insert into ECARD_LOCALE(card_id, locale, display_name ) values(2009, 'ko_KR', 'Above & Beyond Fish_ko_KR')
/
Insert into ECARD_LOCALE(card_id, locale, display_name ) values(2010, 'ko_KR', 'Extra Effort Pencils_ko_KR')
/
Insert into ECARD_LOCALE(card_id, locale, display_name ) values(2011, 'ko_KR', 'Birthday Fireworks_ko_KR')
/
Insert into ECARD_LOCALE(card_id, locale, display_name ) values(2012, 'ko_KR', 'Innovation Chalkboard_ko_KR')
/
Insert into ECARD_LOCALE(card_id, locale, display_name ) values(2013, 'ko_KR', 'Innovation Big Ideas_ko_KR')
/
Insert into ECARD_LOCALE(card_id, locale, display_name ) values(2014, 'ko_KR', 'Leadership Balance_ko_KR')
/
Insert into ECARD_LOCALE(card_id, locale, display_name ) values(2015, 'ko_KR', 'Teamwork chain_ko_KR')
/
Insert into ECARD_LOCALE(card_id, locale, display_name ) values(2016, 'ko_KR', 'Thank You Meadow_ko_KR')
/
Insert into ECARD_LOCALE(card_id, locale, display_name ) values(2017, 'ko_KR', 'Give Thanks_ko_KR')
/
Insert into ECARD_LOCALE(card_id, locale, display_name ) values(3053, 'de_DE', 'Amazing_de_DE')
/
Insert into ECARD_LOCALE(card_id, locale, display_name ) values(3053, 'en_EN', 'Amazing_en_EN')
/
Insert into ECARD_LOCALE(card_id, locale, display_name ) values(3053, 'en_GB', 'Amazing_en_GB')
/
Insert into ECARD_LOCALE(card_id, locale, display_name ) values(3053, 'es_ES', 'Amazing_es_ES')
/
Insert into ECARD_LOCALE(card_id, locale, display_name ) values(3053, 'es_MX', 'Amazing_es_MX')
/
Insert into ECARD_LOCALE(card_id, locale, display_name ) values(3053, 'fr_CA', 'Amazing_fr_CA')
/
Insert into ECARD_LOCALE(card_id, locale, display_name ) values(3053, 'fr_FR', 'Amazing_fr_FR')
/
Insert into ECARD_LOCALE(card_id, locale, display_name ) values(3053, 'it_IT', 'Amazing_it_IT')
/
Insert into ECARD_LOCALE(card_id, locale, display_name ) values(3053, 'ja_JP', 'Amazing_ja_JP')
/
Insert into ECARD_LOCALE(card_id, locale, display_name ) values(3053, 'ko_KR', 'Amazing_ko_KR')
/
Insert into ECARD_LOCALE(card_id, locale, display_name ) values(3053, 'nl_NL', 'Amazing_nl_NL')
/
Insert into ECARD_LOCALE(card_id, locale, display_name ) values(3053, 'pl_PL', 'Amazing_pl_PL')
/
Insert into ECARD_LOCALE(card_id, locale, display_name ) values(3053, 'pt_BR', 'Amazing_pt_BR')
/
Insert into ECARD_LOCALE(card_id, locale, display_name ) values(3053, 'ru_RU', 'Amazing_ru_RU')
/
Insert into ECARD_LOCALE(card_id, locale, display_name ) values(3053, 'zh_CN', 'Amazing_zh_CN')
/
Insert into ECARD_LOCALE(card_id, locale, display_name ) values(3053, 'zh_TW', 'Amazing_zh_TW')
/
Insert into ECARD_LOCALE(card_id, locale, display_name ) values(3055, 'de_DE', 'Contributions_de_DE')
/
Insert into ECARD_LOCALE(card_id, locale, display_name ) values(3055, 'en_EN', 'Contributions_en_EN')
/
Insert into ECARD_LOCALE(card_id, locale, display_name ) values(3055, 'en_GB', 'Contributions_en_GB')
/
Insert into ECARD_LOCALE(card_id, locale, display_name ) values(3055, 'es_ES', 'Contributions_es_ES')
/
Insert into ECARD_LOCALE(card_id, locale, display_name ) values(3055, 'es_MX', 'Contributions_es_MX')
/
Insert into ECARD_LOCALE(card_id, locale, display_name ) values(3055, 'fr_CA', 'Contributions_fr_CA')
/
Insert into ECARD_LOCALE(card_id, locale, display_name ) values(3055, 'fr_FR', 'Contributions_fr_FR')
/
Insert into ECARD_LOCALE(card_id, locale, display_name ) values(3055, 'it_IT', 'Contributions_it_IT')
/
Insert into ECARD_LOCALE(card_id, locale, display_name ) values(3055, 'ja_JP', 'Contributions_ja_JP')
/
Insert into ECARD_LOCALE(card_id, locale, display_name ) values(3055, 'ko_KR', 'Contributions_ko_KR')
/
Insert into ECARD_LOCALE(card_id, locale, display_name ) values(3055, 'nl_NL', 'Contributions_nl_NL')
/
Insert into ECARD_LOCALE(card_id, locale, display_name ) values(3055, 'pl_PL', 'Contributions_pl_PL')
/
Insert into ECARD_LOCALE(card_id, locale, display_name ) values(3055, 'pt_BR', 'Contributions_pt_BR')
/
Insert into ECARD_LOCALE(card_id, locale, display_name ) values(3055, 'ru_RU', 'Contributions_ru_RU')
/
Insert into ECARD_LOCALE(card_id, locale, display_name ) values(3055, 'zh_CN', 'Contributions_zh_CN')
/
Insert into ECARD_LOCALE(card_id, locale, display_name ) values(3055, 'zh_TW', 'Contributions_zh_TW')
/
Insert into ECARD_LOCALE(card_id, locale, display_name ) values(3078, 'de_DE', 'Safety_de_DE')
/
Insert into ECARD_LOCALE(card_id, locale, display_name ) values(3078, 'en_EN', 'Safety_en_EN')
/
Insert into ECARD_LOCALE(card_id, locale, display_name ) values(3078, 'en_GB', 'Safety_en_GB')
/
Insert into ECARD_LOCALE(card_id, locale, display_name ) values(3078, 'es_ES', 'Safety_es_ES')
/
Insert into ECARD_LOCALE(card_id, locale, display_name ) values(3078, 'es_MX', 'Safety_es_MX')
/
Insert into ECARD_LOCALE(card_id, locale, display_name ) values(3078, 'fr_CA', 'Safety_fr_CA')
/
Insert into ECARD_LOCALE(card_id, locale, display_name ) values(3078, 'fr_FR', 'Safety_fr_FR')
/
Insert into ECARD_LOCALE(card_id, locale, display_name ) values(3078, 'it_IT', 'Safety_it_IT')
/
Insert into ECARD_LOCALE(card_id, locale, display_name ) values(3078, 'ja_JP', 'Safety_ja_JP')
/
Insert into ECARD_LOCALE(card_id, locale, display_name ) values(3078, 'ko_KR', 'Safety_ko_KR')
/
Insert into ECARD_LOCALE(card_id, locale, display_name ) values(3078, 'nl_NL', 'Safety_nl_NL')
/
Insert into ECARD_LOCALE(card_id, locale, display_name ) values(3078, 'pl_PL', 'Safety_pl_PL')
/
Insert into ECARD_LOCALE(card_id, locale, display_name ) values(3078, 'pt_BR', 'Safety_pt_BR')
/
Insert into ECARD_LOCALE(card_id, locale, display_name ) values(3078, 'ru_RU', 'Safety_ru_RU')
/
Insert into ECARD_LOCALE(card_id, locale, display_name ) values(3078, 'zh_CN', 'Safety_zh_CN')
/
Insert into ECARD_LOCALE(card_id, locale, display_name ) values(3078, 'zh_TW', 'Safety_zh_TW')
/
Insert into ECARD_LOCALE(card_id, locale, display_name ) values(3064, 'de_DE', 'Teamwork2_de_DE')
/
Insert into ECARD_LOCALE(card_id, locale, display_name ) values(3064, 'en_EN', 'Teamwork2_en_EN')
/
Insert into ECARD_LOCALE(card_id, locale, display_name ) values(3064, 'en_GB', 'Teamwork2_en_GB')
/
Insert into ECARD_LOCALE(card_id, locale, display_name ) values(3064, 'es_ES', 'Teamwork2_es_ES')
/
Insert into ECARD_LOCALE(card_id, locale, display_name ) values(3064, 'es_MX', 'Teamwork2_es_MX')
/
Insert into ECARD_LOCALE(card_id, locale, display_name ) values(3064, 'fr_CA', 'Teamwork2_fr_CA')
/
Insert into ECARD_LOCALE(card_id, locale, display_name ) values(3064, 'fr_FR', 'Teamwork2_fr_FR')
/
Insert into ECARD_LOCALE(card_id, locale, display_name ) values(3064, 'it_IT', 'Teamwork2_it_IT')
/
Insert into ECARD_LOCALE(card_id, locale, display_name ) values(3064, 'ja_JP', 'Teamwork2_ja_JP')
/
Insert into ECARD_LOCALE(card_id, locale, display_name ) values(3064, 'ko_KR', 'Teamwork2_ko_KR')
/
Insert into ECARD_LOCALE(card_id, locale, display_name ) values(3064, 'nl_NL', 'Teamwork2_nl_NL')
/
Insert into ECARD_LOCALE(card_id, locale, display_name ) values(3064, 'pl_PL', 'Teamwork2_pl_PL')
/
Insert into ECARD_LOCALE(card_id, locale, display_name ) values(3064, 'pt_BR', 'Teamwork2_pt_BR')
/
Insert into ECARD_LOCALE(card_id, locale, display_name ) values(3064, 'ru_RU', 'Teamwork2_ru_RU')
/
Insert into ECARD_LOCALE(card_id, locale, display_name ) values(3064, 'zh_CN', 'Teamwork2_zh_CN')
/
Insert into ECARD_LOCALE(card_id, locale, display_name ) values(3064, 'zh_TW', 'Teamwork2_zh_TW')
/
Insert into ECARD_LOCALE(card_id, locale, display_name ) values(3069, 'de_DE', 'Thank You Graffiti_de_DE')
/
Insert into ECARD_LOCALE(card_id, locale, display_name ) values(3069, 'en_EN', 'Thank You Graffiti_en_EN')
/
Insert into ECARD_LOCALE(card_id, locale, display_name ) values(3069, 'en_GB', 'Thank You Graffiti_en_GB')
/
Insert into ECARD_LOCALE(card_id, locale, display_name ) values(3069, 'es_ES', 'Thank You Graffiti_es_ES')
/
Insert into ECARD_LOCALE(card_id, locale, display_name ) values(3069, 'es_MX', 'Thank You Graffiti_es_MX')
/
Insert into ECARD_LOCALE(card_id, locale, display_name ) values(3069, 'fr_CA', 'Thank You Graffiti_fr_CA')
/
Insert into ECARD_LOCALE(card_id, locale, display_name ) values(3069, 'fr_FR', 'Thank You Graffiti_fr_FR')
/
Insert into ECARD_LOCALE(card_id, locale, display_name ) values(3069, 'it_IT', 'Thank You Graffiti_it_IT')
/
Insert into ECARD_LOCALE(card_id, locale, display_name ) values(3069, 'ja_JP', 'Thank You Graffiti_ja_JP')
/
Insert into ECARD_LOCALE(card_id, locale, display_name ) values(3069, 'ko_KR', 'Thank You Graffiti_ko_KR')
/
Insert into ECARD_LOCALE(card_id, locale, display_name ) values(3069, 'nl_NL', 'Thank You Graffiti_nl_NL')
/
Insert into ECARD_LOCALE(card_id, locale, display_name ) values(3069, 'pl_PL', 'Thank You Graffiti_pl_PL')
/
Insert into ECARD_LOCALE(card_id, locale, display_name ) values(3069, 'pt_BR', 'Thank You Graffiti_pt_BR')
/
Insert into ECARD_LOCALE(card_id, locale, display_name ) values(3069, 'ru_RU', 'Thank You Graffiti_ru_RU')
/
Insert into ECARD_LOCALE(card_id, locale, display_name ) values(3069, 'zh_CN', 'Thank You Graffiti_zh_CN')
/
Insert into ECARD_LOCALE(card_id, locale, display_name ) values(3069, 'zh_TW', 'Thank You Graffiti_zh_TW')
/
Insert into ECARD_LOCALE(card_id, locale, display_name ) values(3075, 'en_EN', 'Teamwork Bees_en_EN')
/
Insert into ECARD_LOCALE(card_id, locale, display_name ) values(3075, 'en_GB', 'Teamwork Bees_en_GB')
/
Insert into ECARD_LOCALE(card_id, locale, display_name ) values(3075, 'es_ES', 'Teamwork Bees_es_ES')
/
Insert into ECARD_LOCALE(card_id, locale, display_name ) values(3075, 'es_MX', 'Teamwork Bees_es_MX')
/
Insert into ECARD_LOCALE(card_id, locale, display_name ) values(3075, 'fr_CA', 'Teamwork Bees_fr_CA')
/
Insert into ECARD_LOCALE(card_id, locale, display_name ) values(3075, 'fr_FR', 'Teamwork Bees_fr_FR')
/
Insert into ECARD_LOCALE(card_id, locale, display_name ) values(3075, 'it_IT', 'Teamwork Bees_it_IT')
/
Insert into ECARD_LOCALE(card_id, locale, display_name ) values(3075, 'ja_JP', 'Teamwork Bees_ja_JP')
/
Insert into ECARD_LOCALE(card_id, locale, display_name ) values(3075, 'ko_KR', 'Teamwork Bees_ko_KR')
/
Insert into ECARD_LOCALE(card_id, locale, display_name ) values(3075, 'nl_NL', 'Teamwork Bees_nl_NL')
/
Insert into ECARD_LOCALE(card_id, locale, display_name ) values(3075, 'pl_PL', 'Teamwork Bees_pl_PL')
/
Insert into ECARD_LOCALE(card_id, locale, display_name ) values(3075, 'pt_BR', 'Teamwork Bees_pt_BR')
/
Insert into ECARD_LOCALE(card_id, locale, display_name ) values(3075, 'ru_RU', 'Teamwork Bees_ru_RU')
/
Insert into ECARD_LOCALE(card_id, locale, display_name ) values(3075, 'zh_CN', 'Teamwork Bees_zh_CN')
/
Insert into ECARD_LOCALE(card_id, locale, display_name ) values(3075, 'zh_TW', 'Teamwork Bees_zh_TW')
/
Insert into ECARD_LOCALE(card_id, locale, display_name ) values(3076, 'de_DE', 'Thank You Stream_de_DE')
/
Insert into ECARD_LOCALE(card_id, locale, display_name ) values(3076, 'en_EN', 'Thank You Stream_en_EN')
/
Insert into ECARD_LOCALE(card_id, locale, display_name ) values(3076, 'en_GB', 'Thank You Stream_en_GB')
/
Insert into ECARD_LOCALE(card_id, locale, display_name ) values(3076, 'es_ES', 'Thank You Stream_es_ES')
/
Insert into ECARD_LOCALE(card_id, locale, display_name ) values(3076, 'es_MX', 'Thank You Stream_es_MX')
/
Insert into ECARD_LOCALE(card_id, locale, display_name ) values(3076, 'fr_CA', 'Thank You Stream_fr_CA')
/
Insert into ECARD_LOCALE(card_id, locale, display_name ) values(3076, 'fr_FR', 'Thank You Stream_fr_FR')
/
Insert into ECARD_LOCALE(card_id, locale, display_name ) values(3076, 'it_IT', 'Thank You Stream_it_IT')
/
Insert into ECARD_LOCALE(card_id, locale, display_name ) values(3076, 'ja_JP', 'Thank You Stream_ja_JP')
/
Insert into ECARD_LOCALE(card_id, locale, display_name ) values(3076, 'ko_KR', 'Thank You Stream_ko_KR')
/
Insert into ECARD_LOCALE(card_id, locale, display_name ) values(3076, 'nl_NL', 'Thank You Stream_nl_NL')
/
Insert into ECARD_LOCALE(card_id, locale, display_name ) values(3076, 'pl_PL', 'Thank You Stream_pl_PL')
/
Insert into ECARD_LOCALE(card_id, locale, display_name ) values(3076, 'pt_BR', 'Thank You Stream_pt_BR')
/
Insert into ECARD_LOCALE(card_id, locale, display_name ) values(3076, 'ru_RU', 'Thank You Stream_ru_RU')
/
Insert into ECARD_LOCALE(card_id, locale, display_name ) values(3076, 'zh_CN', 'Thank You Stream_zh_CN')
/
Insert into ECARD_LOCALE(card_id, locale, display_name ) values(3076, 'zh_TW', 'Thank You Stream_zh_TW')
/
Insert into ECARD_LOCALE(card_id, locale, display_name ) values(3077, 'de_DE', 'Your Efforts_de_DE')
/
Insert into ECARD_LOCALE(card_id, locale, display_name ) values(3077, 'en_EN', 'Your Efforts_en_EN')
/
Insert into ECARD_LOCALE(card_id, locale, display_name ) values(3077, 'en_GB', 'Your Efforts_en_GB')
/
Insert into ECARD_LOCALE(card_id, locale, display_name ) values(3077, 'es_ES', 'Your Efforts_es_ES')
/
Insert into ECARD_LOCALE(card_id, locale, display_name ) values(3077, 'es_MX', 'Your Efforts_es_MX')
/
Insert into ECARD_LOCALE(card_id, locale, display_name ) values(3077, 'fr_CA', 'Your Efforts_fr_CA')
/
Insert into ECARD_LOCALE(card_id, locale, display_name ) values(3077, 'fr_FR', 'Your Efforts_fr_FR')
/
Insert into ECARD_LOCALE(card_id, locale, display_name ) values(3077, 'it_IT', 'Your Efforts_it_IT')
/
Insert into ECARD_LOCALE(card_id, locale, display_name ) values(3077, 'ja_JP', 'Your Efforts_ja_JP')
/
Insert into ECARD_LOCALE(card_id, locale, display_name ) values(3077, 'ko_KR', 'Your Efforts_ko_KR')
/
Insert into ECARD_LOCALE(card_id, locale, display_name ) values(3077, 'nl_NL', 'Your Efforts_nl_NL')
/
Insert into ECARD_LOCALE(card_id, locale, display_name ) values(3077, 'pl_PL', 'Your Efforts_pl_PL')
/
Insert into ECARD_LOCALE(card_id, locale, display_name ) values(3077, 'pt_BR', 'Your Efforts_pt_BR')
/
Insert into ECARD_LOCALE(card_id, locale, display_name ) values(3077, 'ru_RU', 'Your Efforts_ru_RU')
/
Insert into ECARD_LOCALE(card_id, locale, display_name ) values(3077, 'zh_CN', 'Your Efforts_zh_CN')
/
Insert into ECARD_LOCALE(card_id, locale, display_name ) values(3077, 'zh_TW', 'Your Efforts_zh_TW')
/
Insert into ECARD_LOCALE(card_id, locale, display_name ) values(2009, 'zh_TW', 'Above & Beyond Fish_zh_TW')
/
Insert into ECARD_LOCALE(card_id, locale, display_name ) values(2010, 'zh_TW', 'Extra Effort Pencils_zh_TW')
/
Insert into ECARD_LOCALE(card_id, locale, display_name ) values(2011, 'zh_TW', 'Birthday Fireworks_zh_TW')
/
Insert into ECARD_LOCALE(card_id, locale, display_name ) values(2012, 'zh_TW', 'Innovation Chalkboard_zh_TW')
/
Insert into ECARD_LOCALE(card_id, locale, display_name ) values(2013, 'zh_TW', 'Innovation Big Ideas_zh_TW')
/
Insert into ECARD_LOCALE(card_id, locale, display_name ) values(2014, 'zh_TW', 'Leadership Balance_zh_TW')
/
Insert into ECARD_LOCALE(card_id, locale, display_name ) values(2015, 'zh_TW', 'Teamwork chain_zh_TW')
/
Insert into ECARD_LOCALE(card_id, locale, display_name ) values(2016, 'zh_TW', 'Thank You Meadow_zh_TW')
/
Insert into ECARD_LOCALE(card_id, locale, display_name ) values(2017, 'zh_TW', 'Give Thanks_zh_TW')
/

