INSERT INTO card (CARD_ID,CARD_NAME,SMALL_IMAGE_NAME,LARGE_IMAGE_NAME,IS_ACTIVE,IS_MOBILE,CREATED_BY,DATE_CREATED, VERSION)
    VALUES (4010, 'Anzac day', 'anzac-day-144.jpg', 'anzac-day-432.jpg', 1, 0, 0, sysdate, 1)
/
INSERT INTO card (CARD_ID,CARD_NAME,SMALL_IMAGE_NAME,LARGE_IMAGE_NAME,IS_ACTIVE,IS_MOBILE,CREATED_BY,DATE_CREATED, VERSION)
    VALUES (4011, 'Australia day', 'australia-day-144.jpg', 'australia-day-432.jpg', 1, 0, 0, sysdate, 1)
/
INSERT INTO card (CARD_ID,CARD_NAME,SMALL_IMAGE_NAME,LARGE_IMAGE_NAME,IS_ACTIVE,IS_MOBILE,CREATED_BY,DATE_CREATED, VERSION)
    VALUES (4012, 'Boss day', 'bossday144x144.jpg', 'bossday432x432.jpg', 1, 0, 0, sysdate, 1)
/
INSERT INTO card (CARD_ID,CARD_NAME,SMALL_IMAGE_NAME,LARGE_IMAGE_NAME,IS_ACTIVE,IS_MOBILE,CREATED_BY,DATE_CREATED, VERSION)
    VALUES (4013, 'Boxing day', 'boxing-day-144.jpg', 'boxing-day-432.jpg', 1, 0, 0, sysdate, 1)
/
INSERT INTO card (CARD_ID,CARD_NAME,SMALL_IMAGE_NAME,LARGE_IMAGE_NAME,IS_ACTIVE,IS_MOBILE,CREATED_BY,DATE_CREATED, VERSION)
    VALUES (4014, 'Canada day', 'canadaday144x144.jpg', 'canadaday432x432.jpg', 1, 0, 0, sysdate, 1)
/
INSERT INTO card (CARD_ID,CARD_NAME,SMALL_IMAGE_NAME,LARGE_IMAGE_NAME,IS_ACTIVE,IS_MOBILE,CREATED_BY,DATE_CREATED, VERSION)
    VALUES (4015, 'Christmas', 'christmas144x144.jpg', 'christmas432x432.jpg', 1, 0, 0, sysdate, 1)
/
INSERT INTO card (CARD_ID,CARD_NAME,SMALL_IMAGE_NAME,LARGE_IMAGE_NAME,IS_ACTIVE,IS_MOBILE,CREATED_BY,DATE_CREATED, VERSION)
    VALUES (4016, 'Christmas religious', 'christmasreligious144x144.jpg', 'christmasreligious432x432.jpg', 1, 0, 0, sysdate, 1)
/
INSERT INTO card (CARD_ID,CARD_NAME,SMALL_IMAGE_NAME,LARGE_IMAGE_NAME,IS_ACTIVE,IS_MOBILE,CREATED_BY,DATE_CREATED, VERSION)
    VALUES (4017, 'Diwali', 'diwali144x144.jpg', 'diwali432x432.jpg', 1, 0, 0, sysdate, 1)
/
INSERT INTO card (CARD_ID,CARD_NAME,SMALL_IMAGE_NAME,LARGE_IMAGE_NAME,IS_ACTIVE,IS_MOBILE,CREATED_BY,DATE_CREATED, VERSION)
    VALUES (4018, 'Dussehra', 'dussehra144x144.jpg', 'dussehra432x432.jpg', 1, 0, 0, sysdate, 1)
/
INSERT INTO card (CARD_ID,CARD_NAME,SMALL_IMAGE_NAME,LARGE_IMAGE_NAME,IS_ACTIVE,IS_MOBILE,CREATED_BY,DATE_CREATED, VERSION)
    VALUES (4019, 'Earth Day', 'earthday144x144.jpg', 'earthday432x432.jpg', 1, 0, 0, sysdate, 1)
/
INSERT INTO card (CARD_ID,CARD_NAME,SMALL_IMAGE_NAME,LARGE_IMAGE_NAME,IS_ACTIVE,IS_MOBILE,CREATED_BY,DATE_CREATED, VERSION)
    VALUES (4020, 'Employee Appreciation Day', 'employeeappreciationday144x144.jpg', 'employeeappreciation432x432.jpg', 1, 0, 0, sysdate, 1)
/
INSERT INTO card (CARD_ID,CARD_NAME,SMALL_IMAGE_NAME,LARGE_IMAGE_NAME,IS_ACTIVE,IS_MOBILE,CREATED_BY,DATE_CREATED, VERSION)
    VALUES (4021, 'Family Day', 'familyday144x144.jpg', 'familyday432x432.jpg', 1, 0, 0, sysdate, 1)
/
INSERT INTO card (CARD_ID,CARD_NAME,SMALL_IMAGE_NAME,LARGE_IMAGE_NAME,IS_ACTIVE,IS_MOBILE,CREATED_BY,DATE_CREATED, VERSION)
    VALUES (4022, 'Friendship Day', 'friendshipday144x144.jpg', 'friendshipday432x432.jpg', 1, 0, 0, sysdate, 1)
/
INSERT INTO card (CARD_ID,CARD_NAME,SMALL_IMAGE_NAME,LARGE_IMAGE_NAME,IS_ACTIVE,IS_MOBILE,CREATED_BY,DATE_CREATED, VERSION)
    VALUES (4023, 'Halloween Day', 'halloween144x144.jpg', 'halloween432x432.jpg', 1, 0, 0, sysdate, 1)
/
INSERT INTO card (CARD_ID,CARD_NAME,SMALL_IMAGE_NAME,LARGE_IMAGE_NAME,IS_ACTIVE,IS_MOBILE,CREATED_BY,DATE_CREATED, VERSION)
    VALUES (4024, 'Holi', 'holi144x144.jpg', 'holi432x432.jpg', 1, 0, 0, sysdate, 1)
/
INSERT INTO card (CARD_ID,CARD_NAME,SMALL_IMAGE_NAME,LARGE_IMAGE_NAME,IS_ACTIVE,IS_MOBILE,CREATED_BY,DATE_CREATED, VERSION)
    VALUES (4025, 'Independence Day', 'independenceday144x144.jpg', 'independenceday432x432.jpg', 1, 0, 0, sysdate, 1)
/
INSERT INTO card (CARD_ID,CARD_NAME,SMALL_IMAGE_NAME,LARGE_IMAGE_NAME,IS_ACTIVE,IS_MOBILE,CREATED_BY,DATE_CREATED, VERSION)
    VALUES (4026, 'Int day of happiness', 'intdayofhappiness144x144.jpg', 'intdayofhappiness432x432.jpg', 1, 0, 0, sysdate, 1)
/
INSERT INTO card (CARD_ID,CARD_NAME,SMALL_IMAGE_NAME,LARGE_IMAGE_NAME,IS_ACTIVE,IS_MOBILE,CREATED_BY,DATE_CREATED, VERSION)
    VALUES (4027, 'Labour Day', 'labourday144x144.jpg', 'labourday432x432.jpg', 1, 0, 0, sysdate, 1)
/
INSERT INTO card (CARD_ID,CARD_NAME,SMALL_IMAGE_NAME,LARGE_IMAGE_NAME,IS_ACTIVE,IS_MOBILE,CREATED_BY,DATE_CREATED, VERSION)
    VALUES (4028, 'Melbourne Cup', 'melbourne-cup-144.jpg', 'melbourne-cup-432.jpg', 1, 0, 0, sysdate, 1)
/
INSERT INTO card (CARD_ID,CARD_NAME,SMALL_IMAGE_NAME,LARGE_IMAGE_NAME,IS_ACTIVE,IS_MOBILE,CREATED_BY,DATE_CREATED, VERSION)
    VALUES (4029, 'Mens Day', 'mensday144x144.jpg', 'mensday432x432.jpg', 1, 0, 0, sysdate, 1)
/
INSERT INTO card (CARD_ID,CARD_NAME,SMALL_IMAGE_NAME,LARGE_IMAGE_NAME,IS_ACTIVE,IS_MOBILE,CREATED_BY,DATE_CREATED, VERSION)
    VALUES (4030, 'New Years', 'newyears144x144.jpg', 'newyears432x432.jpg', 1, 0, 0, sysdate, 1)
/
INSERT INTO card (CARD_ID,CARD_NAME,SMALL_IMAGE_NAME,LARGE_IMAGE_NAME,IS_ACTIVE,IS_MOBILE,CREATED_BY,DATE_CREATED, VERSION)
    VALUES (4031, 'Rememberance Day', 'remembranceday144x144.jpg', 'remembranceday432x432.jpg', 1, 0, 0, sysdate, 1)
/
INSERT INTO card (CARD_ID,CARD_NAME,SMALL_IMAGE_NAME,LARGE_IMAGE_NAME,IS_ACTIVE,IS_MOBILE,CREATED_BY,DATE_CREATED, VERSION)
    VALUES (4032, 'Republic Day', 'republicday144x144.jpg', 'republicday432x432.jpg', 1, 0, 0, sysdate, 1)
/
INSERT INTO card (CARD_ID,CARD_NAME,SMALL_IMAGE_NAME,LARGE_IMAGE_NAME,IS_ACTIVE,IS_MOBILE,CREATED_BY,DATE_CREATED, VERSION)
    VALUES (4033, 'Safety at work', 'safetyatwork144x144.jpg', 'safetyatwork432x432.jpg', 1, 0, 0, sysdate, 1)
/
INSERT INTO card (CARD_ID,CARD_NAME,SMALL_IMAGE_NAME,LARGE_IMAGE_NAME,IS_ACTIVE,IS_MOBILE,CREATED_BY,DATE_CREATED, VERSION)
    VALUES (4034, 'Thanks Giving', 'thanksgiving144x144.jpg', 'thanksgiving432x432.jpg', 1, 0, 0, sysdate, 1)
/
INSERT INTO card (CARD_ID,CARD_NAME,SMALL_IMAGE_NAME,LARGE_IMAGE_NAME,IS_ACTIVE,IS_MOBILE,CREATED_BY,DATE_CREATED, VERSION)
    VALUES (4035, 'Victoria Day', 'victoriaday144x144.jpg', 'victoriaday432x432.jpg', 1, 0, 0, sysdate, 1)
/
INSERT INTO card (CARD_ID,CARD_NAME,SMALL_IMAGE_NAME,LARGE_IMAGE_NAME,IS_ACTIVE,IS_MOBILE,CREATED_BY,DATE_CREATED, VERSION)
    VALUES (4036, 'Womens Day', 'womensday144x144.jpg', 'womensday432x432.jpg', 1, 0, 0, sysdate, 1)
/
INSERT INTO card (CARD_ID,CARD_NAME,SMALL_IMAGE_NAME,LARGE_IMAGE_NAME,IS_ACTIVE,IS_MOBILE,CREATED_BY,DATE_CREATED, VERSION)
    VALUES (4037, 'World Health Day', 'worldhealthday144x144.jpg', 'worldhealthday432x432.jpg', 1, 0, 0, sysdate, 1)
/
INSERT INTO ECARD(CARD_ID, FLASH_NAME, IS_TRANSLATABLE) VALUES(4010, 'anzac-day-864.jpg', 0)
/
INSERT INTO ECARD(CARD_ID, FLASH_NAME, IS_TRANSLATABLE) VALUES(4011, 'australia-day-864.jpg', 0)
/
INSERT INTO ECARD(CARD_ID, FLASH_NAME, IS_TRANSLATABLE) VALUES(4012, 'bossday864x864.jpg', 0)
/
INSERT INTO ECARD(CARD_ID, FLASH_NAME, IS_TRANSLATABLE) VALUES(4013, 'boxing-day-864.jpg', 0)
/
INSERT INTO ECARD(CARD_ID, FLASH_NAME, IS_TRANSLATABLE) VALUES(4014, 'canadaday864x864.jpg', 0)
/
INSERT INTO ECARD(CARD_ID, FLASH_NAME, IS_TRANSLATABLE) VALUES(4015, 'christmas864x864.jpg', 0)
/
INSERT INTO ECARD(CARD_ID, FLASH_NAME, IS_TRANSLATABLE) VALUES(4016, 'christmasreligious864x864.jpg', 0)
/
INSERT INTO ECARD(CARD_ID, FLASH_NAME, IS_TRANSLATABLE) VALUES(4017, 'diwali864x864.jpg', 0)
/
INSERT INTO ECARD(CARD_ID, FLASH_NAME, IS_TRANSLATABLE) VALUES(4018, 'dussehra864x864.jpg', 0)
/
INSERT INTO ECARD(CARD_ID, FLASH_NAME, IS_TRANSLATABLE) VALUES(4019, 'earthday864x864.jpg', 0)
/
INSERT INTO ECARD(CARD_ID, FLASH_NAME, IS_TRANSLATABLE) VALUES(4020, 'employeeappreciationday864x864.jpg', 0)
/
INSERT INTO ECARD(CARD_ID, FLASH_NAME, IS_TRANSLATABLE) VALUES(4021, 'familyday864x864.jpg', 0)
/
INSERT INTO ECARD(CARD_ID, FLASH_NAME, IS_TRANSLATABLE) VALUES(4022, 'friendshipday864x864.jpg', 0)
/
INSERT INTO ECARD(CARD_ID, FLASH_NAME, IS_TRANSLATABLE) VALUES(4023, 'halloween864x864.jpg', 0)
/
INSERT INTO ECARD(CARD_ID, FLASH_NAME, IS_TRANSLATABLE) VALUES(4024, 'holi864x864.jpg', 0)
/
INSERT INTO ECARD(CARD_ID, FLASH_NAME, IS_TRANSLATABLE) VALUES(4025, 'independenceday864x864.jpg', 0)
/
INSERT INTO ECARD(CARD_ID, FLASH_NAME, IS_TRANSLATABLE) VALUES(4026, 'intdayofhappiness864x864.jpg', 0)
/
INSERT INTO ECARD(CARD_ID, FLASH_NAME, IS_TRANSLATABLE) VALUES(4027, 'labourday864x864.jpg', 0)
/
INSERT INTO ECARD(CARD_ID, FLASH_NAME, IS_TRANSLATABLE) VALUES(4028, 'melbourne-cup-864.jpg', 0)
/
INSERT INTO ECARD(CARD_ID, FLASH_NAME, IS_TRANSLATABLE) VALUES(4029, 'mensday864x864.jpg', 0)
/
INSERT INTO ECARD(CARD_ID, FLASH_NAME, IS_TRANSLATABLE) VALUES(4030, 'newyears864x864.jpg', 0)
/
INSERT INTO ECARD(CARD_ID, FLASH_NAME, IS_TRANSLATABLE) VALUES(4031, 'remembranceday864x864.jpg', 0)
/
INSERT INTO ECARD(CARD_ID, FLASH_NAME, IS_TRANSLATABLE) VALUES(4032, 'republicday864x864.jpg', 0)
/
INSERT INTO ECARD(CARD_ID, FLASH_NAME, IS_TRANSLATABLE) VALUES(4033, 'safetyatwork864x864.jpg', 0)
/
INSERT INTO ECARD(CARD_ID, FLASH_NAME, IS_TRANSLATABLE) VALUES(4034, 'thanksgiving864x864.jpg', 0)
/
INSERT INTO ECARD(CARD_ID, FLASH_NAME, IS_TRANSLATABLE) VALUES(4035, 'victoriaday864x864.jpg', 0)
/
INSERT INTO ECARD(CARD_ID, FLASH_NAME, IS_TRANSLATABLE) VALUES(4036, 'womensday864x864.jpg', 0)
/
INSERT INTO ECARD(CARD_ID, FLASH_NAME, IS_TRANSLATABLE) VALUES(4037, 'worldhealthday864x864.jpg', 0)
/
INSERT INTO ECARD_LOCALE(card_id, locale, display_name ) VALUES(4010, 'de_DE', 'Anzac Day_de_DE')
/
INSERT INTO ECARD_LOCALE(card_id, locale, display_name ) VALUES(4010, 'en_EN', 'Anzac Day_en_EN')
/
INSERT INTO ECARD_LOCALE(card_id, locale, display_name ) VALUES(4010, 'en_GB', 'Anzac Day_en_GB')
/
INSERT INTO ECARD_LOCALE(card_id, locale, display_name ) VALUES(4010, 'es_ES', 'Anzac Day_es_ES')
/
INSERT INTO ECARD_LOCALE(card_id, locale, display_name ) VALUES(4010, 'es_MX', 'Anzac Day_es_MX')
/
INSERT INTO ECARD_LOCALE(card_id, locale, display_name ) VALUES(4010, 'fr_CA', 'Anzac Day_fr_CA')
/
INSERT INTO ECARD_LOCALE(card_id, locale, display_name ) VALUES(4010, 'fr_FR', 'Anzac Day_fr_FR')
/
INSERT INTO ECARD_LOCALE(card_id, locale, display_name ) VALUES(4010, 'it_IT', 'Anzac Day_it_IT')
/
INSERT INTO ECARD_LOCALE(card_id, locale, display_name ) VALUES(4010, 'ja_JP', 'Anzac Day_ja_JP')
/
INSERT INTO ECARD_LOCALE(card_id, locale, display_name ) VALUES(4010, 'ko_KR', 'Anzac Day_ko_KR')
/
INSERT INTO ECARD_LOCALE(card_id, locale, display_name ) VALUES(4010, 'nl_NL', 'Anzac Day_nl_NL')
/
INSERT INTO ECARD_LOCALE(card_id, locale, display_name ) VALUES(4010, 'pl_PL', 'Anzac Day_pl_PL')
/
INSERT INTO ECARD_LOCALE(card_id, locale, display_name ) VALUES(4010, 'pt_BR', 'Anzac Day_pt_BR')
/
INSERT INTO ECARD_LOCALE(card_id, locale, display_name ) VALUES(4010, 'ru_RU', 'Anzac Day_ru_RU')
/
INSERT INTO ECARD_LOCALE(card_id, locale, display_name ) VALUES(4010, 'zh_CN', 'Anzac Day_zh_CN')
/
INSERT INTO ECARD_LOCALE(card_id, locale, display_name ) VALUES(4010, 'zh_TW', 'Anzac Day_zh_TW')
/
INSERT INTO ECARD_LOCALE(card_id, locale, display_name ) VALUES(4011, 'de_DE', 'Australia Day_de_DE')
/
INSERT INTO ECARD_LOCALE(card_id, locale, display_name ) VALUES(4011, 'en_EN', 'Australia Day_en_EN')
/
INSERT INTO ECARD_LOCALE(card_id, locale, display_name ) VALUES(4011, 'en_GB', 'Australia Day_en_GB')
/
INSERT INTO ECARD_LOCALE(card_id, locale, display_name ) VALUES(4011, 'es_ES', 'Australia Day_es_ES')
/
INSERT INTO ECARD_LOCALE(card_id, locale, display_name ) VALUES(4011, 'es_MX', 'Australia Day_es_MX')
/
INSERT INTO ECARD_LOCALE(card_id, locale, display_name ) VALUES(4011, 'fr_CA', 'Australia Day_fr_CA')
/
INSERT INTO ECARD_LOCALE(card_id, locale, display_name ) VALUES(4011, 'fr_FR', 'Australia Day_fr_FR')
/
INSERT INTO ECARD_LOCALE(card_id, locale, display_name ) VALUES(4011, 'it_IT', 'Australia Day_it_IT')
/
INSERT INTO ECARD_LOCALE(card_id, locale, display_name ) VALUES(4011, 'ja_JP', 'Australia Day_ja_JP')
/
INSERT INTO ECARD_LOCALE(card_id, locale, display_name ) VALUES(4011, 'ko_KR', 'Australia Day_ko_KR')
/
INSERT INTO ECARD_LOCALE(card_id, locale, display_name ) VALUES(4011, 'nl_NL', 'Australia Day_nl_NL')
/
INSERT INTO ECARD_LOCALE(card_id, locale, display_name ) VALUES(4011, 'pl_PL', 'Australia Day_pl_PL')
/
INSERT INTO ECARD_LOCALE(card_id, locale, display_name ) VALUES(4011, 'pt_BR', 'Australia Day_pt_BR')
/
INSERT INTO ECARD_LOCALE(card_id, locale, display_name ) VALUES(4011, 'ru_RU', 'Australia Day_ru_RU')
/
INSERT INTO ECARD_LOCALE(card_id, locale, display_name ) VALUES(4011, 'zh_CN', 'Australia Day_zh_CN')
/
INSERT INTO ECARD_LOCALE(card_id, locale, display_name ) VALUES(4011, 'zh_TW', 'Australia Day_zh_TW')
/
INSERT INTO ECARD_LOCALE(card_id, locale, display_name ) VALUES(4012, 'de_DE', 'Boss Day_de_DE')
/
INSERT INTO ECARD_LOCALE(card_id, locale, display_name ) VALUES(4012, 'en_EN', 'Boss Day_en_EN')
/
INSERT INTO ECARD_LOCALE(card_id, locale, display_name ) VALUES(4012, 'en_GB', 'Boss Day_en_GB')
/
INSERT INTO ECARD_LOCALE(card_id, locale, display_name ) VALUES(4012, 'es_ES', 'Boss Day_es_ES')
/
INSERT INTO ECARD_LOCALE(card_id, locale, display_name ) VALUES(4012, 'es_MX', 'Boss Day_es_MX')
/
INSERT INTO ECARD_LOCALE(card_id, locale, display_name ) VALUES(4012, 'fr_CA', 'Boss Day_fr_CA')
/
INSERT INTO ECARD_LOCALE(card_id, locale, display_name ) VALUES(4012, 'fr_FR', 'Boss Day_fr_FR')
/
INSERT INTO ECARD_LOCALE(card_id, locale, display_name ) VALUES(4012, 'it_IT', 'Boss Day_it_IT')
/
INSERT INTO ECARD_LOCALE(card_id, locale, display_name ) VALUES(4012, 'ja_JP', 'Boss Day_ja_JP')
/
INSERT INTO ECARD_LOCALE(card_id, locale, display_name ) VALUES(4012, 'ko_KR', 'Boss Day_ko_KR')
/
INSERT INTO ECARD_LOCALE(card_id, locale, display_name ) VALUES(4012, 'nl_NL', 'Boss Day_nl_NL')
/
INSERT INTO ECARD_LOCALE(card_id, locale, display_name ) VALUES(4012, 'pl_PL', 'Boss Day_pl_PL')
/
INSERT INTO ECARD_LOCALE(card_id, locale, display_name ) VALUES(4012, 'pt_BR', 'Boss Day_pt_BR')
/
INSERT INTO ECARD_LOCALE(card_id, locale, display_name ) VALUES(4012, 'ru_RU', 'Boss Day_ru_RU')
/
INSERT INTO ECARD_LOCALE(card_id, locale, display_name ) VALUES(4012, 'zh_CN', 'Boss Day_zh_CN')
/
INSERT INTO ECARD_LOCALE(card_id, locale, display_name ) VALUES(4012, 'zh_TW', 'Boss Day_zh_TW')
/
INSERT INTO ECARD_LOCALE(card_id, locale, display_name ) VALUES(4013, 'de_DE', 'Boxing Day_de_DE')
/
INSERT INTO ECARD_LOCALE(card_id, locale, display_name ) VALUES(4013, 'en_EN', 'Boxing Day_en_EN')
/
INSERT INTO ECARD_LOCALE(card_id, locale, display_name ) VALUES(4013, 'en_GB', 'Boxing Day_en_GB')
/
INSERT INTO ECARD_LOCALE(card_id, locale, display_name ) VALUES(4013, 'es_ES', 'Boxing Day_es_ES')
/
INSERT INTO ECARD_LOCALE(card_id, locale, display_name ) VALUES(4013, 'es_MX', 'Boxing Day_es_MX')
/
INSERT INTO ECARD_LOCALE(card_id, locale, display_name ) VALUES(4013, 'fr_CA', 'Boxing Day_fr_CA')
/
INSERT INTO ECARD_LOCALE(card_id, locale, display_name ) VALUES(4013, 'fr_FR', 'Boxing Day_fr_FR')
/
INSERT INTO ECARD_LOCALE(card_id, locale, display_name ) VALUES(4013, 'it_IT', 'Boxing Day_it_IT')
/
INSERT INTO ECARD_LOCALE(card_id, locale, display_name ) VALUES(4013, 'ja_JP', 'Boxing Day_ja_JP')
/
INSERT INTO ECARD_LOCALE(card_id, locale, display_name ) VALUES(4013, 'ko_KR', 'Boxing Day_ko_KR')
/
INSERT INTO ECARD_LOCALE(card_id, locale, display_name ) VALUES(4013, 'nl_NL', 'Boxing Day_nl_NL')
/
INSERT INTO ECARD_LOCALE(card_id, locale, display_name ) VALUES(4013, 'pl_PL', 'Boxing Day_pl_PL')
/
INSERT INTO ECARD_LOCALE(card_id, locale, display_name ) VALUES(4013, 'pt_BR', 'Boxing Day_pt_BR')
/
INSERT INTO ECARD_LOCALE(card_id, locale, display_name ) VALUES(4013, 'ru_RU', 'Boxing Day_ru_RU')
/
INSERT INTO ECARD_LOCALE(card_id, locale, display_name ) VALUES(4013, 'zh_CN', 'Boxing Day_zh_CN')
/
INSERT INTO ECARD_LOCALE(card_id, locale, display_name ) VALUES(4013, 'zh_TW', 'Boxing Day_zh_TW')
/
INSERT INTO ECARD_LOCALE(card_id, locale, display_name ) VALUES(4014, 'de_DE', 'Canada Day_de_DE')
/
INSERT INTO ECARD_LOCALE(card_id, locale, display_name ) VALUES(4014, 'en_EN', 'Canada Day_en_EN')
/
INSERT INTO ECARD_LOCALE(card_id, locale, display_name ) VALUES(4014, 'en_GB', 'Canada Day_en_GB')
/
INSERT INTO ECARD_LOCALE(card_id, locale, display_name ) VALUES(4014, 'es_ES', 'Canada Day_es_ES')
/
INSERT INTO ECARD_LOCALE(card_id, locale, display_name ) VALUES(4014, 'es_MX', 'Canada Day_es_MX')
/
INSERT INTO ECARD_LOCALE(card_id, locale, display_name ) VALUES(4014, 'fr_CA', 'Canada Day_fr_CA')
/
INSERT INTO ECARD_LOCALE(card_id, locale, display_name ) VALUES(4014, 'fr_FR', 'Canada Day_fr_FR')
/
INSERT INTO ECARD_LOCALE(card_id, locale, display_name ) VALUES(4014, 'it_IT', 'Canada Day_it_IT')
/
INSERT INTO ECARD_LOCALE(card_id, locale, display_name ) VALUES(4014, 'ja_JP', 'Canada Day_ja_JP')
/
INSERT INTO ECARD_LOCALE(card_id, locale, display_name ) VALUES(4014, 'ko_KR', 'Canada Day_ko_KR')
/
INSERT INTO ECARD_LOCALE(card_id, locale, display_name ) VALUES(4014, 'nl_NL', 'Canada Day_nl_NL')
/
INSERT INTO ECARD_LOCALE(card_id, locale, display_name ) VALUES(4014, 'pl_PL', 'Canada Day_pl_PL')
/
INSERT INTO ECARD_LOCALE(card_id, locale, display_name ) VALUES(4014, 'pt_BR', 'Canada Day_pt_BR')
/
INSERT INTO ECARD_LOCALE(card_id, locale, display_name ) VALUES(4014, 'ru_RU', 'Canada Day_ru_RU')
/
INSERT INTO ECARD_LOCALE(card_id, locale, display_name ) VALUES(4014, 'zh_CN', 'Canada Day_zh_CN')
/
INSERT INTO ECARD_LOCALE(card_id, locale, display_name ) VALUES(4014, 'zh_TW', 'Canada Day_zh_TW')
/
INSERT INTO ECARD_LOCALE(card_id, locale, display_name ) VALUES(4015, 'de_DE', 'Christmas_de_DE')
/
INSERT INTO ECARD_LOCALE(card_id, locale, display_name ) VALUES(4015, 'en_EN', 'Christmas_en_EN')
/
INSERT INTO ECARD_LOCALE(card_id, locale, display_name ) VALUES(4015, 'en_GB', 'Christmas_en_GB')
/
INSERT INTO ECARD_LOCALE(card_id, locale, display_name ) VALUES(4015, 'es_ES', 'Christmas_es_ES')
/
INSERT INTO ECARD_LOCALE(card_id, locale, display_name ) VALUES(4015, 'es_MX', 'Christmas_es_MX')
/
INSERT INTO ECARD_LOCALE(card_id, locale, display_name ) VALUES(4015, 'fr_CA', 'Christmas_fr_CA')
/
INSERT INTO ECARD_LOCALE(card_id, locale, display_name ) VALUES(4015, 'fr_FR', 'Christmas_fr_FR')
/
INSERT INTO ECARD_LOCALE(card_id, locale, display_name ) VALUES(4015, 'it_IT', 'Christmas_it_IT')
/
INSERT INTO ECARD_LOCALE(card_id, locale, display_name ) VALUES(4015, 'ja_JP', 'Christmas_ja_JP')
/
INSERT INTO ECARD_LOCALE(card_id, locale, display_name ) VALUES(4015, 'ko_KR', 'Christmas_ko_KR')
/
INSERT INTO ECARD_LOCALE(card_id, locale, display_name ) VALUES(4015, 'nl_NL', 'Christmas_nl_NL')
/
INSERT INTO ECARD_LOCALE(card_id, locale, display_name ) VALUES(4015, 'pl_PL', 'Christmas_pl_PL')
/
INSERT INTO ECARD_LOCALE(card_id, locale, display_name ) VALUES(4015, 'pt_BR', 'Christmas_pt_BR')
/
INSERT INTO ECARD_LOCALE(card_id, locale, display_name ) VALUES(4015, 'ru_RU', 'Christmas_ru_RU')
/
INSERT INTO ECARD_LOCALE(card_id, locale, display_name ) VALUES(4015, 'zh_CN', 'Christmas_zh_CN')
/
INSERT INTO ECARD_LOCALE(card_id, locale, display_name ) VALUES(4015, 'zh_TW', 'Christmas_zh_TW')
/
INSERT INTO ECARD_LOCALE(card_id, locale, display_name ) VALUES(4016, 'de_DE', 'Christmas Religious_de_DE')
/
INSERT INTO ECARD_LOCALE(card_id, locale, display_name ) VALUES(4016, 'en_EN', 'Christmas Religious_en_EN')
/
INSERT INTO ECARD_LOCALE(card_id, locale, display_name ) VALUES(4016, 'en_GB', 'Christmas Religious_en_GB')
/
INSERT INTO ECARD_LOCALE(card_id, locale, display_name ) VALUES(4016, 'es_ES', 'Christmas Religious_es_ES')
/
INSERT INTO ECARD_LOCALE(card_id, locale, display_name ) VALUES(4016, 'es_MX', 'Christmas Religious_es_MX')
/
INSERT INTO ECARD_LOCALE(card_id, locale, display_name ) VALUES(4016, 'fr_CA', 'Christmas Religious_fr_CA')
/
INSERT INTO ECARD_LOCALE(card_id, locale, display_name ) VALUES(4016, 'fr_FR', 'Christmas Religious_fr_FR')
/
INSERT INTO ECARD_LOCALE(card_id, locale, display_name ) VALUES(4016, 'it_IT', 'Christmas Religious_it_IT')
/
INSERT INTO ECARD_LOCALE(card_id, locale, display_name ) VALUES(4016, 'ja_JP', 'Christmas Religious_ja_JP')
/
INSERT INTO ECARD_LOCALE(card_id, locale, display_name ) VALUES(4016, 'ko_KR', 'Christmas Religious_ko_KR')
/
INSERT INTO ECARD_LOCALE(card_id, locale, display_name ) VALUES(4016, 'nl_NL', 'Christmas Religious_nl_NL')
/
INSERT INTO ECARD_LOCALE(card_id, locale, display_name ) VALUES(4016, 'pl_PL', 'Christmas Religious_pl_PL')
/
INSERT INTO ECARD_LOCALE(card_id, locale, display_name ) VALUES(4016, 'pt_BR', 'Christmas Religious_pt_BR')
/
INSERT INTO ECARD_LOCALE(card_id, locale, display_name ) VALUES(4016, 'ru_RU', 'Christmas Religious_ru_RU')
/
INSERT INTO ECARD_LOCALE(card_id, locale, display_name ) VALUES(4016, 'zh_CN', 'Christmas Religious_zh_CN')
/
INSERT INTO ECARD_LOCALE(card_id, locale, display_name ) VALUES(4016, 'zh_TW', 'Christmas Religious_zh_TW')
/
INSERT INTO ECARD_LOCALE(card_id, locale, display_name ) VALUES(4017, 'de_DE', 'Diwali_de_DE')
/
INSERT INTO ECARD_LOCALE(card_id, locale, display_name ) VALUES(4017, 'en_EN', 'Diwali_en_EN')
/
INSERT INTO ECARD_LOCALE(card_id, locale, display_name ) VALUES(4017, 'en_GB', 'Diwali_en_GB')
/
INSERT INTO ECARD_LOCALE(card_id, locale, display_name ) VALUES(4017, 'es_ES', 'Diwali_es_ES')
/
INSERT INTO ECARD_LOCALE(card_id, locale, display_name ) VALUES(4017, 'es_MX', 'Diwali_es_MX')
/
INSERT INTO ECARD_LOCALE(card_id, locale, display_name ) VALUES(4017, 'fr_CA', 'Diwali_fr_CA')
/
INSERT INTO ECARD_LOCALE(card_id, locale, display_name ) VALUES(4017, 'fr_FR', 'Diwali_fr_FR')
/
INSERT INTO ECARD_LOCALE(card_id, locale, display_name ) VALUES(4017, 'it_IT', 'Diwali_it_IT')
/
INSERT INTO ECARD_LOCALE(card_id, locale, display_name ) VALUES(4017, 'ja_JP', 'Diwali_ja_JP')
/
INSERT INTO ECARD_LOCALE(card_id, locale, display_name ) VALUES(4017, 'ko_KR', 'Diwali_ko_KR')
/
INSERT INTO ECARD_LOCALE(card_id, locale, display_name ) VALUES(4017, 'nl_NL', 'Diwali_nl_NL')
/
INSERT INTO ECARD_LOCALE(card_id, locale, display_name ) VALUES(4017, 'pl_PL', 'Diwali_pl_PL')
/
INSERT INTO ECARD_LOCALE(card_id, locale, display_name ) VALUES(4017, 'pt_BR', 'Diwali_pt_BR')
/
INSERT INTO ECARD_LOCALE(card_id, locale, display_name ) VALUES(4017, 'ru_RU', 'Diwali_ru_RU')
/
INSERT INTO ECARD_LOCALE(card_id, locale, display_name ) VALUES(4017, 'zh_CN', 'Diwali_zh_CN')
/
INSERT INTO ECARD_LOCALE(card_id, locale, display_name ) VALUES(4017, 'zh_TW', 'Diwali_zh_TW')
/
INSERT INTO ECARD_LOCALE(card_id, locale, display_name ) VALUES(4018, 'de_DE', 'Dussehra_de_DE')
/
INSERT INTO ECARD_LOCALE(card_id, locale, display_name ) VALUES(4018, 'en_EN', 'Dussehra_en_EN')
/
INSERT INTO ECARD_LOCALE(card_id, locale, display_name ) VALUES(4018, 'en_GB', 'Dussehra_en_GB')
/
INSERT INTO ECARD_LOCALE(card_id, locale, display_name ) VALUES(4018, 'es_ES', 'Dussehra_es_ES')
/
INSERT INTO ECARD_LOCALE(card_id, locale, display_name ) VALUES(4018, 'es_MX', 'Dussehra_es_MX')
/
INSERT INTO ECARD_LOCALE(card_id, locale, display_name ) VALUES(4018, 'fr_CA', 'Dussehra_fr_CA')
/
INSERT INTO ECARD_LOCALE(card_id, locale, display_name ) VALUES(4018, 'fr_FR', 'Dussehra_fr_FR')
/
INSERT INTO ECARD_LOCALE(card_id, locale, display_name ) VALUES(4018, 'it_IT', 'Dussehra_it_IT')
/
INSERT INTO ECARD_LOCALE(card_id, locale, display_name ) VALUES(4018, 'ja_JP', 'Dussehra_ja_JP')
/
INSERT INTO ECARD_LOCALE(card_id, locale, display_name ) VALUES(4018, 'ko_KR', 'Dussehra_ko_KR')
/
INSERT INTO ECARD_LOCALE(card_id, locale, display_name ) VALUES(4018, 'nl_NL', 'Dussehra_nl_NL')
/
INSERT INTO ECARD_LOCALE(card_id, locale, display_name ) VALUES(4018, 'pl_PL', 'Dussehra_pl_PL')
/
INSERT INTO ECARD_LOCALE(card_id, locale, display_name ) VALUES(4018, 'pt_BR', 'Dussehra_pt_BR')
/
INSERT INTO ECARD_LOCALE(card_id, locale, display_name ) VALUES(4018, 'ru_RU', 'Dussehra_ru_RU')
/
INSERT INTO ECARD_LOCALE(card_id, locale, display_name ) VALUES(4018, 'zh_CN', 'Dussehra_zh_CN')
/
INSERT INTO ECARD_LOCALE(card_id, locale, display_name ) VALUES(4018, 'zh_TW', 'Dussehra_zh_TW')
/
INSERT INTO ECARD_LOCALE(card_id, locale, display_name ) VALUES(4019, 'de_DE', 'Earth Day_de_DE')
/
INSERT INTO ECARD_LOCALE(card_id, locale, display_name ) VALUES(4019, 'en_EN', 'Earth Day_en_EN')
/
INSERT INTO ECARD_LOCALE(card_id, locale, display_name ) VALUES(4019, 'en_GB', 'Earth Day_en_GB')
/
INSERT INTO ECARD_LOCALE(card_id, locale, display_name ) VALUES(4019, 'es_ES', 'Earth Day_es_ES')
/
INSERT INTO ECARD_LOCALE(card_id, locale, display_name ) VALUES(4019, 'es_MX', 'Earth Day_es_MX')
/
INSERT INTO ECARD_LOCALE(card_id, locale, display_name ) VALUES(4019, 'fr_CA', 'Earth Day_fr_CA')
/
INSERT INTO ECARD_LOCALE(card_id, locale, display_name ) VALUES(4019, 'fr_FR', 'Earth Day_fr_FR')
/
INSERT INTO ECARD_LOCALE(card_id, locale, display_name ) VALUES(4019, 'it_IT', 'Earth Day_it_IT')
/
INSERT INTO ECARD_LOCALE(card_id, locale, display_name ) VALUES(4019, 'ja_JP', 'Earth Day_ja_JP')
/
INSERT INTO ECARD_LOCALE(card_id, locale, display_name ) VALUES(4019, 'ko_KR', 'Earth Day_ko_KR')
/
INSERT INTO ECARD_LOCALE(card_id, locale, display_name ) VALUES(4019, 'nl_NL', 'Earth Day_nl_NL')
/
INSERT INTO ECARD_LOCALE(card_id, locale, display_name ) VALUES(4019, 'pl_PL', 'Earth Day_pl_PL')
/
INSERT INTO ECARD_LOCALE(card_id, locale, display_name ) VALUES(4019, 'pt_BR', 'Earth Day_pt_BR')
/
INSERT INTO ECARD_LOCALE(card_id, locale, display_name ) VALUES(4019, 'ru_RU', 'Earth Day_ru_RU')
/
INSERT INTO ECARD_LOCALE(card_id, locale, display_name ) VALUES(4019, 'zh_CN', 'Earth Day_zh_CN')
/
INSERT INTO ECARD_LOCALE(card_id, locale, display_name ) VALUES(4019, 'zh_TW', 'Earth Day_zh_TW')
/
INSERT INTO ECARD_LOCALE(card_id, locale, display_name ) VALUES(4020, 'de_DE', 'Employee Appreciation Day_de_DE')
/
INSERT INTO ECARD_LOCALE(card_id, locale, display_name ) VALUES(4020, 'en_EN', 'Employee Appreciation Day_en_EN')
/
INSERT INTO ECARD_LOCALE(card_id, locale, display_name ) VALUES(4020, 'en_GB', 'Employee Appreciation Day_en_GB')
/
INSERT INTO ECARD_LOCALE(card_id, locale, display_name ) VALUES(4020, 'es_ES', 'Employee Appreciation Day_es_ES')
/
INSERT INTO ECARD_LOCALE(card_id, locale, display_name ) VALUES(4020, 'es_MX', 'Employee Appreciation Day_es_MX')
/
INSERT INTO ECARD_LOCALE(card_id, locale, display_name ) VALUES(4020, 'fr_CA', 'Employee Appreciation Day_fr_CA')
/
INSERT INTO ECARD_LOCALE(card_id, locale, display_name ) VALUES(4020, 'fr_FR', 'Employee Appreciation Day_fr_FR')
/
INSERT INTO ECARD_LOCALE(card_id, locale, display_name ) VALUES(4020, 'it_IT', 'Employee Appreciation Day_it_IT')
/
INSERT INTO ECARD_LOCALE(card_id, locale, display_name ) VALUES(4020, 'ja_JP', 'Employee Appreciation Day_ja_JP')
/
INSERT INTO ECARD_LOCALE(card_id, locale, display_name ) VALUES(4020, 'ko_KR', 'Employee Appreciation Day_ko_KR')
/
INSERT INTO ECARD_LOCALE(card_id, locale, display_name ) VALUES(4020, 'nl_NL', 'Employee Appreciation Day_nl_NL')
/
INSERT INTO ECARD_LOCALE(card_id, locale, display_name ) VALUES(4020, 'pl_PL', 'Employee Appreciation Day_pl_PL')
/
INSERT INTO ECARD_LOCALE(card_id, locale, display_name ) VALUES(4020, 'pt_BR', 'Employee Appreciation Day_pt_BR')
/
INSERT INTO ECARD_LOCALE(card_id, locale, display_name ) VALUES(4020, 'ru_RU', 'Employee Appreciation Day_ru_RU')
/
INSERT INTO ECARD_LOCALE(card_id, locale, display_name ) VALUES(4020, 'zh_CN', 'Employee Appreciation Day_zh_CN')
/
INSERT INTO ECARD_LOCALE(card_id, locale, display_name ) VALUES(4020, 'zh_TW', 'Employee Appreciation Day_zh_TW')
/
INSERT INTO ECARD_LOCALE(card_id, locale, display_name ) VALUES(4021, 'de_DE', 'Family Day_de_DE')
/
INSERT INTO ECARD_LOCALE(card_id, locale, display_name ) VALUES(4021, 'en_EN', 'Family Day_en_EN')
/
INSERT INTO ECARD_LOCALE(card_id, locale, display_name ) VALUES(4021, 'en_GB', 'Family Day_en_GB')
/
INSERT INTO ECARD_LOCALE(card_id, locale, display_name ) VALUES(4021, 'es_ES', 'Family Day_es_ES')
/
INSERT INTO ECARD_LOCALE(card_id, locale, display_name ) VALUES(4021, 'es_MX', 'Family Day_es_MX')
/
INSERT INTO ECARD_LOCALE(card_id, locale, display_name ) VALUES(4021, 'fr_CA', 'Family Day_fr_CA')
/
INSERT INTO ECARD_LOCALE(card_id, locale, display_name ) VALUES(4021, 'fr_FR', 'Family Day_fr_FR')
/
INSERT INTO ECARD_LOCALE(card_id, locale, display_name ) VALUES(4021, 'it_IT', 'Family Day_it_IT')
/
INSERT INTO ECARD_LOCALE(card_id, locale, display_name ) VALUES(4021, 'ja_JP', 'Family Day_ja_JP')
/
INSERT INTO ECARD_LOCALE(card_id, locale, display_name ) VALUES(4021, 'ko_KR', 'Family Day_ko_KR')
/
INSERT INTO ECARD_LOCALE(card_id, locale, display_name ) VALUES(4021, 'nl_NL', 'Family Day_nl_NL')
/
INSERT INTO ECARD_LOCALE(card_id, locale, display_name ) VALUES(4021, 'pl_PL', 'Family Day_pl_PL')
/
INSERT INTO ECARD_LOCALE(card_id, locale, display_name ) VALUES(4021, 'pt_BR', 'Family Day_pt_BR')
/
INSERT INTO ECARD_LOCALE(card_id, locale, display_name ) VALUES(4021, 'ru_RU', 'Family Day_ru_RU')
/
INSERT INTO ECARD_LOCALE(card_id, locale, display_name ) VALUES(4021, 'zh_CN', 'Family Day_zh_CN')
/
INSERT INTO ECARD_LOCALE(card_id, locale, display_name ) VALUES(4021, 'zh_TW', 'Family Day_zh_TW')
/
INSERT INTO ECARD_LOCALE(card_id, locale, display_name ) VALUES(4022, 'de_DE', 'Friendship Day_de_DE')
/
INSERT INTO ECARD_LOCALE(card_id, locale, display_name ) VALUES(4022, 'en_EN', 'Friendship Day_en_EN')
/
INSERT INTO ECARD_LOCALE(card_id, locale, display_name ) VALUES(4022, 'en_GB', 'Friendship Day_en_GB')
/
INSERT INTO ECARD_LOCALE(card_id, locale, display_name ) VALUES(4022, 'es_ES', 'Friendship Day_es_ES')
/
INSERT INTO ECARD_LOCALE(card_id, locale, display_name ) VALUES(4022, 'es_MX', 'Friendship Day_es_MX')
/
INSERT INTO ECARD_LOCALE(card_id, locale, display_name ) VALUES(4022, 'fr_CA', 'Friendship Day_fr_CA')
/
INSERT INTO ECARD_LOCALE(card_id, locale, display_name ) VALUES(4022, 'fr_FR', 'Friendship Day_fr_FR')
/
INSERT INTO ECARD_LOCALE(card_id, locale, display_name ) VALUES(4022, 'it_IT', 'Friendship Day_it_IT')
/
INSERT INTO ECARD_LOCALE(card_id, locale, display_name ) VALUES(4022, 'ja_JP', 'Friendship Day_ja_JP')
/
INSERT INTO ECARD_LOCALE(card_id, locale, display_name ) VALUES(4022, 'ko_KR', 'Friendship Day_ko_KR')
/
INSERT INTO ECARD_LOCALE(card_id, locale, display_name ) VALUES(4022, 'nl_NL', 'Friendship Day_nl_NL')
/
INSERT INTO ECARD_LOCALE(card_id, locale, display_name ) VALUES(4022, 'pl_PL', 'Friendship Day_pl_PL')
/
INSERT INTO ECARD_LOCALE(card_id, locale, display_name ) VALUES(4022, 'pt_BR', 'Friendship Day_pt_BR')
/
INSERT INTO ECARD_LOCALE(card_id, locale, display_name ) VALUES(4022, 'ru_RU', 'Friendship Day_ru_RU')
/
INSERT INTO ECARD_LOCALE(card_id, locale, display_name ) VALUES(4022, 'zh_CN', 'Friendship Day_zh_CN')
/
INSERT INTO ECARD_LOCALE(card_id, locale, display_name ) VALUES(4022, 'zh_TW', 'Friendship Day_zh_TW')
/
INSERT INTO ECARD_LOCALE(card_id, locale, display_name ) VALUES(4023, 'de_DE', 'Halloween_de_DE')
/
INSERT INTO ECARD_LOCALE(card_id, locale, display_name ) VALUES(4023, 'en_EN', 'Halloween_en_EN')
/
INSERT INTO ECARD_LOCALE(card_id, locale, display_name ) VALUES(4023, 'en_GB', 'Halloween_en_GB')
/
INSERT INTO ECARD_LOCALE(card_id, locale, display_name ) VALUES(4023, 'es_ES', 'Halloween_es_ES')
/
INSERT INTO ECARD_LOCALE(card_id, locale, display_name ) VALUES(4023, 'es_MX', 'Halloween_es_MX')
/
INSERT INTO ECARD_LOCALE(card_id, locale, display_name ) VALUES(4023, 'fr_CA', 'Halloween_fr_CA')
/
INSERT INTO ECARD_LOCALE(card_id, locale, display_name ) VALUES(4023, 'fr_FR', 'Halloween_fr_FR')
/
INSERT INTO ECARD_LOCALE(card_id, locale, display_name ) VALUES(4023, 'it_IT', 'Halloween_it_IT')
/
INSERT INTO ECARD_LOCALE(card_id, locale, display_name ) VALUES(4023, 'ja_JP', 'Halloween_ja_JP')
/
INSERT INTO ECARD_LOCALE(card_id, locale, display_name ) VALUES(4023, 'ko_KR', 'Halloween_ko_KR')
/
INSERT INTO ECARD_LOCALE(card_id, locale, display_name ) VALUES(4023, 'nl_NL', 'Halloween_nl_NL')
/
INSERT INTO ECARD_LOCALE(card_id, locale, display_name ) VALUES(4023, 'pl_PL', 'Halloween_pl_PL')
/
INSERT INTO ECARD_LOCALE(card_id, locale, display_name ) VALUES(4023, 'pt_BR', 'Halloween_pt_BR')
/
INSERT INTO ECARD_LOCALE(card_id, locale, display_name ) VALUES(4023, 'ru_RU', 'Halloween_ru_RU')
/
INSERT INTO ECARD_LOCALE(card_id, locale, display_name ) VALUES(4023, 'zh_CN', 'Halloween_zh_CN')
/
INSERT INTO ECARD_LOCALE(card_id, locale, display_name ) VALUES(4023, 'zh_TW', 'Halloween_zh_TW')
/
INSERT INTO ECARD_LOCALE(card_id, locale, display_name ) VALUES(4024, 'de_DE', 'Holi_de_DE')
/
INSERT INTO ECARD_LOCALE(card_id, locale, display_name ) VALUES(4024, 'en_EN', 'Holi_en_EN')
/
INSERT INTO ECARD_LOCALE(card_id, locale, display_name ) VALUES(4024, 'en_GB', 'Holi_en_GB')
/
INSERT INTO ECARD_LOCALE(card_id, locale, display_name ) VALUES(4024, 'es_ES', 'Holi_es_ES')
/
INSERT INTO ECARD_LOCALE(card_id, locale, display_name ) VALUES(4024, 'es_MX', 'Holi_es_MX')
/
INSERT INTO ECARD_LOCALE(card_id, locale, display_name ) VALUES(4024, 'fr_CA', 'Holi_fr_CA')
/
INSERT INTO ECARD_LOCALE(card_id, locale, display_name ) VALUES(4024, 'fr_FR', 'Holi_fr_FR')
/
INSERT INTO ECARD_LOCALE(card_id, locale, display_name ) VALUES(4024, 'it_IT', 'Holi_it_IT')
/
INSERT INTO ECARD_LOCALE(card_id, locale, display_name ) VALUES(4024, 'ja_JP', 'Holi_ja_JP')
/
INSERT INTO ECARD_LOCALE(card_id, locale, display_name ) VALUES(4024, 'ko_KR', 'Holi_ko_KR')
/
INSERT INTO ECARD_LOCALE(card_id, locale, display_name ) VALUES(4024, 'nl_NL', 'Holi_nl_NL')
/
INSERT INTO ECARD_LOCALE(card_id, locale, display_name ) VALUES(4024, 'pl_PL', 'Holi_pl_PL')
/
INSERT INTO ECARD_LOCALE(card_id, locale, display_name ) VALUES(4024, 'pt_BR', 'Holi_pt_BR')
/
INSERT INTO ECARD_LOCALE(card_id, locale, display_name ) VALUES(4024, 'ru_RU', 'Holi_ru_RU')
/
INSERT INTO ECARD_LOCALE(card_id, locale, display_name ) VALUES(4024, 'zh_CN', 'Holi_zh_CN')
/
INSERT INTO ECARD_LOCALE(card_id, locale, display_name ) VALUES(4024, 'zh_TW', 'Holi_zh_TW')
/
INSERT INTO ECARD_LOCALE(card_id, locale, display_name ) VALUES(4025, 'de_DE', 'Independence Day_de_DE')
/
INSERT INTO ECARD_LOCALE(card_id, locale, display_name ) VALUES(4025, 'en_EN', 'Independence Day_en_EN')
/
INSERT INTO ECARD_LOCALE(card_id, locale, display_name ) VALUES(4025, 'en_GB', 'Independence Day_en_GB')
/
INSERT INTO ECARD_LOCALE(card_id, locale, display_name ) VALUES(4025, 'es_ES', 'Independence Day_es_ES')
/
INSERT INTO ECARD_LOCALE(card_id, locale, display_name ) VALUES(4025, 'es_MX', 'Independence Day_es_MX')
/
INSERT INTO ECARD_LOCALE(card_id, locale, display_name ) VALUES(4025, 'fr_CA', 'Independence Day_fr_CA')
/
INSERT INTO ECARD_LOCALE(card_id, locale, display_name ) VALUES(4025, 'fr_FR', 'Independence Day_fr_FR')
/
INSERT INTO ECARD_LOCALE(card_id, locale, display_name ) VALUES(4025, 'it_IT', 'Independence Day_it_IT')
/
INSERT INTO ECARD_LOCALE(card_id, locale, display_name ) VALUES(4025, 'ja_JP', 'Independence Day_ja_JP')
/
INSERT INTO ECARD_LOCALE(card_id, locale, display_name ) VALUES(4025, 'ko_KR', 'Independence Day_ko_KR')
/
INSERT INTO ECARD_LOCALE(card_id, locale, display_name ) VALUES(4025, 'nl_NL', 'Independence Day_nl_NL')
/
INSERT INTO ECARD_LOCALE(card_id, locale, display_name ) VALUES(4025, 'pl_PL', 'Independence Day_pl_PL')
/
INSERT INTO ECARD_LOCALE(card_id, locale, display_name ) VALUES(4025, 'pt_BR', 'Independence Day_pt_BR')
/
INSERT INTO ECARD_LOCALE(card_id, locale, display_name ) VALUES(4025, 'ru_RU', 'Independence Day_ru_RU')
/
INSERT INTO ECARD_LOCALE(card_id, locale, display_name ) VALUES(4025, 'zh_CN', 'Independence Day_zh_CN')
/
INSERT INTO ECARD_LOCALE(card_id, locale, display_name ) VALUES(4025, 'zh_TW', 'Independence Day_zh_TW')
/
INSERT INTO ECARD_LOCALE(card_id, locale, display_name ) VALUES(4026, 'de_DE', 'Int Day of Happiness_de_DE')
/
INSERT INTO ECARD_LOCALE(card_id, locale, display_name ) VALUES(4026, 'en_EN', 'Int Day of Happiness_en_EN')
/
INSERT INTO ECARD_LOCALE(card_id, locale, display_name ) VALUES(4026, 'en_GB', 'Int Day of Happiness_en_GB')
/
INSERT INTO ECARD_LOCALE(card_id, locale, display_name ) VALUES(4026, 'es_ES', 'Int Day of Happiness_es_ES')
/
INSERT INTO ECARD_LOCALE(card_id, locale, display_name ) VALUES(4026, 'es_MX', 'Int Day of Happiness_es_MX')
/
INSERT INTO ECARD_LOCALE(card_id, locale, display_name ) VALUES(4026, 'fr_CA', 'Int Day of Happiness_fr_CA')
/
INSERT INTO ECARD_LOCALE(card_id, locale, display_name ) VALUES(4026, 'fr_FR', 'Int Day of Happiness_fr_FR')
/
INSERT INTO ECARD_LOCALE(card_id, locale, display_name ) VALUES(4026, 'it_IT', 'Int Day of Happiness_it_IT')
/
INSERT INTO ECARD_LOCALE(card_id, locale, display_name ) VALUES(4026, 'ja_JP', 'Int Day of Happiness_ja_JP')
/
INSERT INTO ECARD_LOCALE(card_id, locale, display_name ) VALUES(4026, 'ko_KR', 'Int Day of Happiness_ko_KR')
/
INSERT INTO ECARD_LOCALE(card_id, locale, display_name ) VALUES(4026, 'nl_NL', 'Int Day of Happiness_nl_NL')
/
INSERT INTO ECARD_LOCALE(card_id, locale, display_name ) VALUES(4026, 'pl_PL', 'Int Day of Happiness_pl_PL')
/
INSERT INTO ECARD_LOCALE(card_id, locale, display_name ) VALUES(4026, 'pt_BR', 'Int Day of Happiness_pt_BR')
/
INSERT INTO ECARD_LOCALE(card_id, locale, display_name ) VALUES(4026, 'ru_RU', 'Int Day of Happiness_ru_RU')
/
INSERT INTO ECARD_LOCALE(card_id, locale, display_name ) VALUES(4026, 'zh_CN', 'Int Day of Happiness_zh_CN')
/
INSERT INTO ECARD_LOCALE(card_id, locale, display_name ) VALUES(4026, 'zh_TW', 'Int Day of Happiness_zh_TW')
/
INSERT INTO ECARD_LOCALE(card_id, locale, display_name ) VALUES(4027, 'de_DE', 'Labour Day_de_DE')
/
INSERT INTO ECARD_LOCALE(card_id, locale, display_name ) VALUES(4027, 'en_EN', 'Labour Day_en_EN')
/
INSERT INTO ECARD_LOCALE(card_id, locale, display_name ) VALUES(4027, 'en_GB', 'Labour Day_en_GB')
/
INSERT INTO ECARD_LOCALE(card_id, locale, display_name ) VALUES(4027, 'es_ES', 'Labour Day_es_ES')
/
INSERT INTO ECARD_LOCALE(card_id, locale, display_name ) VALUES(4027, 'es_MX', 'Labour Day_es_MX')
/
INSERT INTO ECARD_LOCALE(card_id, locale, display_name ) VALUES(4027, 'fr_CA', 'Labour Day_fr_CA')
/
INSERT INTO ECARD_LOCALE(card_id, locale, display_name ) VALUES(4027, 'fr_FR', 'Labour Day_fr_FR')
/
INSERT INTO ECARD_LOCALE(card_id, locale, display_name ) VALUES(4027, 'it_IT', 'Labour Day_it_IT')
/
INSERT INTO ECARD_LOCALE(card_id, locale, display_name ) VALUES(4027, 'ja_JP', 'Labour Day_ja_JP')
/
INSERT INTO ECARD_LOCALE(card_id, locale, display_name ) VALUES(4027, 'ko_KR', 'Labour Day_ko_KR')
/
INSERT INTO ECARD_LOCALE(card_id, locale, display_name ) VALUES(4027, 'nl_NL', 'Labour Day_nl_NL')
/
INSERT INTO ECARD_LOCALE(card_id, locale, display_name ) VALUES(4027, 'pl_PL', 'Labour Day_pl_PL')
/
INSERT INTO ECARD_LOCALE(card_id, locale, display_name ) VALUES(4027, 'pt_BR', 'Labour Day_pt_BR')
/
INSERT INTO ECARD_LOCALE(card_id, locale, display_name ) VALUES(4027, 'ru_RU', 'Labour Day_ru_RU')
/
INSERT INTO ECARD_LOCALE(card_id, locale, display_name ) VALUES(4027, 'zh_CN', 'Labour Day_zh_CN')
/
INSERT INTO ECARD_LOCALE(card_id, locale, display_name ) VALUES(4027, 'zh_TW', 'Labour Day_zh_TW')
/
INSERT INTO ECARD_LOCALE(card_id, locale, display_name ) VALUES(4028, 'de_DE', 'Melbourne Cup_de_DE')
/
INSERT INTO ECARD_LOCALE(card_id, locale, display_name ) VALUES(4028, 'en_EN', 'Melbourne Cup_en_EN')
/
INSERT INTO ECARD_LOCALE(card_id, locale, display_name ) VALUES(4028, 'en_GB', 'Melbourne Cup_en_GB')
/
INSERT INTO ECARD_LOCALE(card_id, locale, display_name ) VALUES(4028, 'es_ES', 'Melbourne Cup_es_ES')
/
INSERT INTO ECARD_LOCALE(card_id, locale, display_name ) VALUES(4028, 'es_MX', 'Melbourne Cup_es_MX')
/
INSERT INTO ECARD_LOCALE(card_id, locale, display_name ) VALUES(4028, 'fr_CA', 'Melbourne Cup_fr_CA')
/
INSERT INTO ECARD_LOCALE(card_id, locale, display_name ) VALUES(4028, 'fr_FR', 'Melbourne Cup_fr_FR')
/
INSERT INTO ECARD_LOCALE(card_id, locale, display_name ) VALUES(4028, 'it_IT', 'Melbourne Cup_it_IT')
/
INSERT INTO ECARD_LOCALE(card_id, locale, display_name ) VALUES(4028, 'ja_JP', 'Melbourne Cup_ja_JP')
/
INSERT INTO ECARD_LOCALE(card_id, locale, display_name ) VALUES(4028, 'ko_KR', 'Melbourne Cup_ko_KR')
/
INSERT INTO ECARD_LOCALE(card_id, locale, display_name ) VALUES(4028, 'nl_NL', 'Melbourne Cup_nl_NL')
/
INSERT INTO ECARD_LOCALE(card_id, locale, display_name ) VALUES(4028, 'pl_PL', 'Melbourne Cup_pl_PL')
/
INSERT INTO ECARD_LOCALE(card_id, locale, display_name ) VALUES(4028, 'pt_BR', 'Melbourne Cup_pt_BR')
/
INSERT INTO ECARD_LOCALE(card_id, locale, display_name ) VALUES(4028, 'ru_RU', 'Melbourne Cup_ru_RU')
/
INSERT INTO ECARD_LOCALE(card_id, locale, display_name ) VALUES(4028, 'zh_CN', 'Melbourne Cup_zh_CN')
/
INSERT INTO ECARD_LOCALE(card_id, locale, display_name ) VALUES(4028, 'zh_TW', 'Melbourne Cup_zh_TW')
/
INSERT INTO ECARD_LOCALE(card_id, locale, display_name ) VALUES(4029, 'de_DE', 'Mens Day_de_DE')
/
INSERT INTO ECARD_LOCALE(card_id, locale, display_name ) VALUES(4029, 'en_EN', 'Mens Day_en_EN')
/
INSERT INTO ECARD_LOCALE(card_id, locale, display_name ) VALUES(4029, 'en_GB', 'Mens Day_en_GB')
/
INSERT INTO ECARD_LOCALE(card_id, locale, display_name ) VALUES(4029, 'es_ES', 'Mens Day_es_ES')
/
INSERT INTO ECARD_LOCALE(card_id, locale, display_name ) VALUES(4029, 'es_MX', 'Mens Day_es_MX')
/
INSERT INTO ECARD_LOCALE(card_id, locale, display_name ) VALUES(4029, 'fr_CA', 'Mens Day_fr_CA')
/
INSERT INTO ECARD_LOCALE(card_id, locale, display_name ) VALUES(4029, 'fr_FR', 'Mens Day_fr_FR')
/
INSERT INTO ECARD_LOCALE(card_id, locale, display_name ) VALUES(4029, 'it_IT', 'Mens Day_it_IT')
/
INSERT INTO ECARD_LOCALE(card_id, locale, display_name ) VALUES(4029, 'ja_JP', 'Mens Day_ja_JP')
/
INSERT INTO ECARD_LOCALE(card_id, locale, display_name ) VALUES(4029, 'ko_KR', 'Mens Day_ko_KR')
/
INSERT INTO ECARD_LOCALE(card_id, locale, display_name ) VALUES(4029, 'nl_NL', 'Mens Day_nl_NL')
/
INSERT INTO ECARD_LOCALE(card_id, locale, display_name ) VALUES(4029, 'pl_PL', 'Mens Day_pl_PL')
/
INSERT INTO ECARD_LOCALE(card_id, locale, display_name ) VALUES(4029, 'pt_BR', 'Mens Day_pt_BR')
/
INSERT INTO ECARD_LOCALE(card_id, locale, display_name ) VALUES(4029, 'ru_RU', 'Mens Day_ru_RU')
/
INSERT INTO ECARD_LOCALE(card_id, locale, display_name ) VALUES(4029, 'zh_CN', 'Mens Day_zh_CN')
/
INSERT INTO ECARD_LOCALE(card_id, locale, display_name ) VALUES(4029, 'zh_TW', 'Mens Day_zh_TW')
/
INSERT INTO ECARD_LOCALE(card_id, locale, display_name ) VALUES(4030, 'de_DE', 'New Years_de_DE')
/
INSERT INTO ECARD_LOCALE(card_id, locale, display_name ) VALUES(4030, 'en_EN', 'New Years_en_EN')
/
INSERT INTO ECARD_LOCALE(card_id, locale, display_name ) VALUES(4030, 'en_GB', 'New Years_en_GB')
/
INSERT INTO ECARD_LOCALE(card_id, locale, display_name ) VALUES(4030, 'es_ES', 'New Years_es_ES')
/
INSERT INTO ECARD_LOCALE(card_id, locale, display_name ) VALUES(4030, 'es_MX', 'New Years_es_MX')
/
INSERT INTO ECARD_LOCALE(card_id, locale, display_name ) VALUES(4030, 'fr_CA', 'New Years_fr_CA')
/
INSERT INTO ECARD_LOCALE(card_id, locale, display_name ) VALUES(4030, 'fr_FR', 'New Years_fr_FR')
/
INSERT INTO ECARD_LOCALE(card_id, locale, display_name ) VALUES(4030, 'it_IT', 'New Years_it_IT')
/
INSERT INTO ECARD_LOCALE(card_id, locale, display_name ) VALUES(4030, 'ja_JP', 'New Years_ja_JP')
/
INSERT INTO ECARD_LOCALE(card_id, locale, display_name ) VALUES(4030, 'ko_KR', 'New Years_ko_KR')
/
INSERT INTO ECARD_LOCALE(card_id, locale, display_name ) VALUES(4030, 'nl_NL', 'New Years_nl_NL')
/
INSERT INTO ECARD_LOCALE(card_id, locale, display_name ) VALUES(4030, 'pl_PL', 'New Years_pl_PL')
/
INSERT INTO ECARD_LOCALE(card_id, locale, display_name ) VALUES(4030, 'pt_BR', 'New Years_pt_BR')
/
INSERT INTO ECARD_LOCALE(card_id, locale, display_name ) VALUES(4030, 'ru_RU', 'New Years_ru_RU')
/
INSERT INTO ECARD_LOCALE(card_id, locale, display_name ) VALUES(4030, 'zh_CN', 'New Years_zh_CN')
/
INSERT INTO ECARD_LOCALE(card_id, locale, display_name ) VALUES(4030, 'zh_TW', 'New Years_zh_TW')
/
INSERT INTO ECARD_LOCALE(card_id, locale, display_name ) VALUES(4031, 'de_DE', 'Remembrance Day_de_DE')
/
INSERT INTO ECARD_LOCALE(card_id, locale, display_name ) VALUES(4031, 'en_EN', 'Remembrance Day_en_EN')
/
INSERT INTO ECARD_LOCALE(card_id, locale, display_name ) VALUES(4031, 'en_GB', 'Remembrance Day_en_GB')
/
INSERT INTO ECARD_LOCALE(card_id, locale, display_name ) VALUES(4031, 'es_ES', 'Remembrance Day_es_ES')
/
INSERT INTO ECARD_LOCALE(card_id, locale, display_name ) VALUES(4031, 'es_MX', 'Remembrance Day_es_MX')
/
INSERT INTO ECARD_LOCALE(card_id, locale, display_name ) VALUES(4031, 'fr_CA', 'Remembrance Day_fr_CA')
/
INSERT INTO ECARD_LOCALE(card_id, locale, display_name ) VALUES(4031, 'fr_FR', 'Remembrance Day_fr_FR')
/
INSERT INTO ECARD_LOCALE(card_id, locale, display_name ) VALUES(4031, 'it_IT', 'Remembrance Day_it_IT')
/
INSERT INTO ECARD_LOCALE(card_id, locale, display_name ) VALUES(4031, 'ja_JP', 'Remembrance Day_ja_JP')
/
INSERT INTO ECARD_LOCALE(card_id, locale, display_name ) VALUES(4031, 'ko_KR', 'Remembrance Day_ko_KR')
/
INSERT INTO ECARD_LOCALE(card_id, locale, display_name ) VALUES(4031, 'nl_NL', 'Remembrance Day_nl_NL')
/
INSERT INTO ECARD_LOCALE(card_id, locale, display_name ) VALUES(4031, 'pl_PL', 'Remembrance Day_pl_PL')
/
INSERT INTO ECARD_LOCALE(card_id, locale, display_name ) VALUES(4031, 'pt_BR', 'Remembrance Day_pt_BR')
/
INSERT INTO ECARD_LOCALE(card_id, locale, display_name ) VALUES(4031, 'ru_RU', 'Remembrance Day_ru_RU')
/
INSERT INTO ECARD_LOCALE(card_id, locale, display_name ) VALUES(4031, 'zh_CN', 'Remembrance Day_zh_CN')
/
INSERT INTO ECARD_LOCALE(card_id, locale, display_name ) VALUES(4031, 'zh_TW', 'Remembrance Day_zh_TW')
/
INSERT INTO ECARD_LOCALE(card_id, locale, display_name ) VALUES(4032, 'de_DE', 'Republic Day_de_DE')
/
INSERT INTO ECARD_LOCALE(card_id, locale, display_name ) VALUES(4032, 'en_EN', 'Republic Day_en_EN')
/
INSERT INTO ECARD_LOCALE(card_id, locale, display_name ) VALUES(4032, 'en_GB', 'Republic Day_en_GB')
/
INSERT INTO ECARD_LOCALE(card_id, locale, display_name ) VALUES(4032, 'es_ES', 'Republic Day_es_ES')
/
INSERT INTO ECARD_LOCALE(card_id, locale, display_name ) VALUES(4032, 'es_MX', 'Republic Day_es_MX')
/
INSERT INTO ECARD_LOCALE(card_id, locale, display_name ) VALUES(4032, 'fr_CA', 'Republic Day_fr_CA')
/
INSERT INTO ECARD_LOCALE(card_id, locale, display_name ) VALUES(4032, 'fr_FR', 'Republic Day_fr_FR')
/
INSERT INTO ECARD_LOCALE(card_id, locale, display_name ) VALUES(4032, 'it_IT', 'Republic Day_it_IT')
/
INSERT INTO ECARD_LOCALE(card_id, locale, display_name ) VALUES(4032, 'ja_JP', 'Republic Day_ja_JP')
/
INSERT INTO ECARD_LOCALE(card_id, locale, display_name ) VALUES(4032, 'ko_KR', 'Republic Day_ko_KR')
/
INSERT INTO ECARD_LOCALE(card_id, locale, display_name ) VALUES(4032, 'nl_NL', 'Republic Day_nl_NL')
/
INSERT INTO ECARD_LOCALE(card_id, locale, display_name ) VALUES(4032, 'pl_PL', 'Republic Day_pl_PL')
/
INSERT INTO ECARD_LOCALE(card_id, locale, display_name ) VALUES(4032, 'pt_BR', 'Republic Day_pt_BR')
/
INSERT INTO ECARD_LOCALE(card_id, locale, display_name ) VALUES(4032, 'ru_RU', 'Republic Day_ru_RU')
/
INSERT INTO ECARD_LOCALE(card_id, locale, display_name ) VALUES(4032, 'zh_CN', 'Republic Day_zh_CN')
/
INSERT INTO ECARD_LOCALE(card_id, locale, display_name ) VALUES(4032, 'zh_TW', 'Republic Day_zh_TW')
/
INSERT INTO ECARD_LOCALE(card_id, locale, display_name ) VALUES(4033, 'de_DE', 'Safety at Work_de_DE')
/
INSERT INTO ECARD_LOCALE(card_id, locale, display_name ) VALUES(4033, 'en_EN', 'Safety at Work_en_EN')
/
INSERT INTO ECARD_LOCALE(card_id, locale, display_name ) VALUES(4033, 'en_GB', 'Safety at Work_en_GB')
/
INSERT INTO ECARD_LOCALE(card_id, locale, display_name ) VALUES(4033, 'es_ES', 'Safety at Work_es_ES')
/
INSERT INTO ECARD_LOCALE(card_id, locale, display_name ) VALUES(4033, 'es_MX', 'Safety at Work_es_MX')
/
INSERT INTO ECARD_LOCALE(card_id, locale, display_name ) VALUES(4033, 'fr_CA', 'Safety at Work_fr_CA')
/
INSERT INTO ECARD_LOCALE(card_id, locale, display_name ) VALUES(4033, 'fr_FR', 'Safety at Work_fr_FR')
/
INSERT INTO ECARD_LOCALE(card_id, locale, display_name ) VALUES(4033, 'it_IT', 'Safety at Work_it_IT')
/
INSERT INTO ECARD_LOCALE(card_id, locale, display_name ) VALUES(4033, 'ja_JP', 'Safety at Work_ja_JP')
/
INSERT INTO ECARD_LOCALE(card_id, locale, display_name ) VALUES(4033, 'ko_KR', 'Safety at Work_ko_KR')
/
INSERT INTO ECARD_LOCALE(card_id, locale, display_name ) VALUES(4033, 'nl_NL', 'Safety at Work_nl_NL')
/
INSERT INTO ECARD_LOCALE(card_id, locale, display_name ) VALUES(4033, 'pl_PL', 'Safety at Work_pl_PL')
/
INSERT INTO ECARD_LOCALE(card_id, locale, display_name ) VALUES(4033, 'pt_BR', 'Safety at Work_pt_BR')
/
INSERT INTO ECARD_LOCALE(card_id, locale, display_name ) VALUES(4033, 'ru_RU', 'Safety at Work_ru_RU')
/
INSERT INTO ECARD_LOCALE(card_id, locale, display_name ) VALUES(4033, 'zh_CN', 'Safety at Work_zh_CN')
/
INSERT INTO ECARD_LOCALE(card_id, locale, display_name ) VALUES(4033, 'zh_TW', 'Safety at Work_zh_TW')
/
INSERT INTO ECARD_LOCALE(card_id, locale, display_name ) VALUES(4034, 'de_DE', 'Thanks Giving_de_DE')
/
INSERT INTO ECARD_LOCALE(card_id, locale, display_name ) VALUES(4034, 'en_EN', 'Thanks Giving_en_EN')
/
INSERT INTO ECARD_LOCALE(card_id, locale, display_name ) VALUES(4034, 'en_GB', 'Thanks Giving_en_GB')
/
INSERT INTO ECARD_LOCALE(card_id, locale, display_name ) VALUES(4034, 'es_ES', 'Thanks Giving_es_ES')
/
INSERT INTO ECARD_LOCALE(card_id, locale, display_name ) VALUES(4034, 'es_MX', 'Thanks Giving_es_MX')
/
INSERT INTO ECARD_LOCALE(card_id, locale, display_name ) VALUES(4034, 'fr_CA', 'Thanks Giving_fr_CA')
/
INSERT INTO ECARD_LOCALE(card_id, locale, display_name ) VALUES(4034, 'fr_FR', 'Thanks Giving_fr_FR')
/
INSERT INTO ECARD_LOCALE(card_id, locale, display_name ) VALUES(4034, 'it_IT', 'Thanks Giving_it_IT')
/
INSERT INTO ECARD_LOCALE(card_id, locale, display_name ) VALUES(4034, 'ja_JP', 'Thanks Giving_ja_JP')
/
INSERT INTO ECARD_LOCALE(card_id, locale, display_name ) VALUES(4034, 'ko_KR', 'Thanks Giving_ko_KR')
/
INSERT INTO ECARD_LOCALE(card_id, locale, display_name ) VALUES(4034, 'nl_NL', 'Thanks Giving_nl_NL')
/
INSERT INTO ECARD_LOCALE(card_id, locale, display_name ) VALUES(4034, 'pl_PL', 'Thanks Giving_pl_PL')
/
INSERT INTO ECARD_LOCALE(card_id, locale, display_name ) VALUES(4034, 'pt_BR', 'Thanks Giving_pt_BR')
/
INSERT INTO ECARD_LOCALE(card_id, locale, display_name ) VALUES(4034, 'ru_RU', 'Thanks Giving_ru_RU')
/
INSERT INTO ECARD_LOCALE(card_id, locale, display_name ) VALUES(4034, 'zh_CN', 'Thanks Giving_zh_CN')
/
INSERT INTO ECARD_LOCALE(card_id, locale, display_name ) VALUES(4034, 'zh_TW', 'Thanks Giving_zh_TW')
/
INSERT INTO ECARD_LOCALE(card_id, locale, display_name ) VALUES(4035, 'de_DE', 'Victoria Day_de_DE')
/
INSERT INTO ECARD_LOCALE(card_id, locale, display_name ) VALUES(4035, 'en_EN', 'Victoria Day_en_EN')
/
INSERT INTO ECARD_LOCALE(card_id, locale, display_name ) VALUES(4035, 'en_GB', 'Victoria Day_en_GB')
/
INSERT INTO ECARD_LOCALE(card_id, locale, display_name ) VALUES(4035, 'es_ES', 'Victoria Day_es_ES')
/
INSERT INTO ECARD_LOCALE(card_id, locale, display_name ) VALUES(4035, 'es_MX', 'Victoria Day_es_MX')
/
INSERT INTO ECARD_LOCALE(card_id, locale, display_name ) VALUES(4035, 'fr_CA', 'Victoria Day_fr_CA')
/
INSERT INTO ECARD_LOCALE(card_id, locale, display_name ) VALUES(4035, 'fr_FR', 'Victoria Day_fr_FR')
/
INSERT INTO ECARD_LOCALE(card_id, locale, display_name ) VALUES(4035, 'it_IT', 'Victoria Day_it_IT')
/
INSERT INTO ECARD_LOCALE(card_id, locale, display_name ) VALUES(4035, 'ja_JP', 'Victoria Day_ja_JP')
/
INSERT INTO ECARD_LOCALE(card_id, locale, display_name ) VALUES(4035, 'ko_KR', 'Victoria Day_ko_KR')
/
INSERT INTO ECARD_LOCALE(card_id, locale, display_name ) VALUES(4035, 'nl_NL', 'Victoria Day_nl_NL')
/
INSERT INTO ECARD_LOCALE(card_id, locale, display_name ) VALUES(4035, 'pl_PL', 'Victoria Day_pl_PL')
/
INSERT INTO ECARD_LOCALE(card_id, locale, display_name ) VALUES(4035, 'pt_BR', 'Victoria Day_pt_BR')
/
INSERT INTO ECARD_LOCALE(card_id, locale, display_name ) VALUES(4035, 'ru_RU', 'Victoria Day_ru_RU')
/
INSERT INTO ECARD_LOCALE(card_id, locale, display_name ) VALUES(4035, 'zh_CN', 'Victoria Day_zh_CN')
/
INSERT INTO ECARD_LOCALE(card_id, locale, display_name ) VALUES(4035, 'zh_TW', 'Victoria Day_zh_TW')
/
INSERT INTO ECARD_LOCALE(card_id, locale, display_name ) VALUES(4036, 'de_DE', 'Womens Day_de_DE')
/
INSERT INTO ECARD_LOCALE(card_id, locale, display_name ) VALUES(4036, 'en_EN', 'Womens Day_en_EN')
/
INSERT INTO ECARD_LOCALE(card_id, locale, display_name ) VALUES(4036, 'en_GB', 'Womens Day_en_GB')
/
INSERT INTO ECARD_LOCALE(card_id, locale, display_name ) VALUES(4036, 'es_ES', 'Womens Day_es_ES')
/
INSERT INTO ECARD_LOCALE(card_id, locale, display_name ) VALUES(4036, 'es_MX', 'Womens Day_es_MX')
/
INSERT INTO ECARD_LOCALE(card_id, locale, display_name ) VALUES(4036, 'fr_CA', 'Womens Day_fr_CA')
/
INSERT INTO ECARD_LOCALE(card_id, locale, display_name ) VALUES(4036, 'fr_FR', 'Womens Day_fr_FR')
/
INSERT INTO ECARD_LOCALE(card_id, locale, display_name ) VALUES(4036, 'it_IT', 'Womens Day_it_IT')
/
INSERT INTO ECARD_LOCALE(card_id, locale, display_name ) VALUES(4036, 'ja_JP', 'Womens Day_ja_JP')
/
INSERT INTO ECARD_LOCALE(card_id, locale, display_name ) VALUES(4036, 'ko_KR', 'Womens Day_ko_KR')
/
INSERT INTO ECARD_LOCALE(card_id, locale, display_name ) VALUES(4036, 'nl_NL', 'Womens Day_nl_NL')
/
INSERT INTO ECARD_LOCALE(card_id, locale, display_name ) VALUES(4036, 'pl_PL', 'Womens Day_pl_PL')
/
INSERT INTO ECARD_LOCALE(card_id, locale, display_name ) VALUES(4036, 'pt_BR', 'Womens Day_pt_BR')
/
INSERT INTO ECARD_LOCALE(card_id, locale, display_name ) VALUES(4036, 'ru_RU', 'Womens Day_ru_RU')
/
INSERT INTO ECARD_LOCALE(card_id, locale, display_name ) VALUES(4036, 'zh_CN', 'Womens Day_zh_CN')
/
INSERT INTO ECARD_LOCALE(card_id, locale, display_name ) VALUES(4036, 'zh_TW', 'Womens Day_zh_TW')
/
INSERT INTO ECARD_LOCALE(card_id, locale, display_name ) VALUES(4037, 'de_DE', 'World Health Day_de_DE')
/
INSERT INTO ECARD_LOCALE(card_id, locale, display_name ) VALUES(4037, 'en_EN', 'World Health Day_en_EN')
/
INSERT INTO ECARD_LOCALE(card_id, locale, display_name ) VALUES(4037, 'en_GB', 'World Health Day_en_GB')
/
INSERT INTO ECARD_LOCALE(card_id, locale, display_name ) VALUES(4037, 'es_ES', 'World Health Day_es_ES')
/
INSERT INTO ECARD_LOCALE(card_id, locale, display_name ) VALUES(4037, 'es_MX', 'World Health Day_es_MX')
/
INSERT INTO ECARD_LOCALE(card_id, locale, display_name ) VALUES(4037, 'fr_CA', 'World Health Day_fr_CA')
/
INSERT INTO ECARD_LOCALE(card_id, locale, display_name ) VALUES(4037, 'fr_FR', 'World Health Day_fr_FR')
/
INSERT INTO ECARD_LOCALE(card_id, locale, display_name ) VALUES(4037, 'it_IT', 'World Health Day_it_IT')
/
INSERT INTO ECARD_LOCALE(card_id, locale, display_name ) VALUES(4037, 'ja_JP', 'World Health Day_ja_JP')
/
INSERT INTO ECARD_LOCALE(card_id, locale, display_name ) VALUES(4037, 'ko_KR', 'World Health Day_ko_KR')
/
INSERT INTO ECARD_LOCALE(card_id, locale, display_name ) VALUES(4037, 'nl_NL', 'World Health Day_nl_NL')
/
INSERT INTO ECARD_LOCALE(card_id, locale, display_name ) VALUES(4037, 'pl_PL', 'World Health Day_pl_PL')
/
INSERT INTO ECARD_LOCALE(card_id, locale, display_name ) VALUES(4037, 'pt_BR', 'World Health Day_pt_BR')
/
INSERT INTO ECARD_LOCALE(card_id, locale, display_name ) VALUES(4037, 'ru_RU', 'World Health Day_ru_RU')
/
INSERT INTO ECARD_LOCALE(card_id, locale, display_name ) VALUES(4037, 'zh_CN', 'World Health Day_zh_CN')
/
INSERT INTO ECARD_LOCALE(card_id, locale, display_name ) VALUES(4037, 'zh_TW', 'World Health Day_zh_TW')
/